model,position,native,substitution,logprob,logprob_minus_native
WT,1,M,A,-11.47219405011792,-11.4719318151474
WT,1,M,C,-13.098347191378068,-13.098084956407547
WT,1,M,D,-15.516185973450135,-15.515923738479614
WT,1,M,E,-14.809637997909974,-14.809375762939453
WT,1,M,F,-13.492369149490784,-13.492106914520264
WT,1,M,G,-12.843263764544915,-12.843001529574394
WT,1,M,H,-13.249422405525635,-13.249160170555115
WT,1,M,I,-10.530016396805237,-10.529754161834717
WT,1,M,K,-12.288099621101807,-12.287837386131287
WT,1,M,L,-9.762096617981385,-9.761834383010864
WT,1,M,N,-12.098360930248688,-12.098098695278168
WT,1,M,P,-11.511711691185425,-11.511449456214905
WT,1,M,Q,-11.43376049832959,-11.43349826335907
WT,1,M,R,-13.68956670598645,-13.68930447101593
WT,1,M,S,-11.580901358887147,-11.580639123916626
WT,1,M,T,-10.029441331192444,-10.029179096221924
WT,1,M,V,-9.546082948013733,-9.545820713043213
WT,1,M,W,-15.711583112045716,-15.711320877075195
WT,1,M,Y,-13.610989008709382,-13.610726773738861
G12D,1,M,A,-10.310601278700249,-10.309622764587402
G12D,1,M,C,-11.943981810964958,-11.943003296852112
G12D,1,M,D,-12.891707792438881,-12.890729278326035
G12D,1,M,E,-12.07378177300872,-12.072803258895874
G12D,1,M,F,-11.750789448179619,-11.749810934066772
G12D,1,M,G,-11.564702078260796,-11.56372356414795
G12D,1,M,H,-12.217607780851738,-12.216629266738892
G12D,1,M,I,-8.801868959822075,-8.800890445709229
G12D,1,M,K,-10.363504454054253,-10.362525939941406
G12D,1,M,L,-8.561945482649223,-8.560966968536377
G12D,1,M,N,-11.103509470381157,-11.10253095626831
G12D,1,M,P,-10.738516613401787,-10.73753809928894
G12D,1,M,Q,-10.683272406019585,-10.682293891906738
G12D,1,M,R,-11.287395521559136,-11.286417007446289
G12D,1,M,S,-10.485088631071465,-10.484110116958618
G12D,1,M,T,-8.792268797315971,-8.791290283203125
G12D,1,M,V,-8.217390581526177,-8.21641206741333
G12D,1,M,W,-13.141526951946632,-13.140548437833786
G12D,1,M,Y,-11.97648660794677,-11.975508093833923
WT,2,T,A,-3.8443644299049904,-3.6675939559936523
WT,2,T,C,-7.447852398349815,-7.271081924438477
WT,2,T,D,-8.578674580051475,-8.401904106140137
WT,2,T,E,-8.262521053745322,-8.085750579833984
WT,2,T,F,-7.314971710636192,-7.1382012367248535
WT,2,T,G,-6.1834032787819435,-6.0066328048706055
WT,2,T,H,-5.526332165195518,-5.34956169128418
WT,2,T,I,-4.745447422458701,-4.568676948547363
WT,2,T,K,-5.947073246433311,-5.770302772521973
WT,2,T,L,-5.925966526462608,-5.7491960525512695
WT,2,T,M,-5.411417271091514,-5.234646797180176
WT,2,T,N,-4.313425327732139,-4.136654853820801
WT,2,T,P,-4.854168201877647,-4.677397727966309
WT,2,T,Q,-3.38762786526876,-3.210857391357422
WT,2,T,R,-6.104301239444785,-5.927530765533447
WT,2,T,S,-2.9880936398048927,-2.8113231658935547
WT,2,T,V,-5.177115704013877,-5.000345230102539
WT,2,T,W,-9.860325600101524,-9.683555126190186
WT,2,T,Y,-6.756392265750938,-6.5796217918396
G12D,2,T,A,-3.65257211685231,-3.4484424591064453
G12D,2,T,C,-7.3636393165593415,-7.159509658813477
G12D,2,T,D,-8.158520660400894,-7.954391002655029
G12D,2,T,E,-7.745586357117203,-7.541456699371338
G12D,2,T,F,-7.182980499268082,-6.978850841522217
G12D,2,T,G,-6.0202931976323395,-5.816163539886475
G12D,2,T,H,-5.455488643646744,-5.251358985900879
G12D,2,T,I,-4.397708377838638,-4.193578720092773
G12D,2,T,K,-5.630238971710709,-5.426109313964844
G12D,2,T,L,-5.640259227753189,-5.436129570007324
G12D,2,T,M,-5.1229214286809235,-4.918791770935059
G12D,2,T,N,-4.425430736542252,-4.221301078796387
G12D,2,T,P,-4.496658763886002,-4.292529106140137
G12D,2,T,Q,-3.1202311134343415,-2.9161014556884766
G12D,2,T,R,-5.75281568527272,-5.5486860275268555
G12D,2,T,S,-3.0887465095525055,-2.8846168518066406
G12D,2,T,V,-4.9311184501652985,-4.726988792419434
G12D,2,T,W,-9.530244789124039,-9.326115131378174
G12D,2,T,Y,-6.716075859070328,-6.511946201324463
WT,3,E,A,-10.935379386476562,-10.932044267654419
WT,3,E,C,-13.181153178743408,-13.177818059921265
WT,3,E,D,-5.839119077257202,-5.835783958435059
WT,3,E,F,-13.039641619257019,-13.036306500434875
WT,3,E,G,-11.416420579484985,-11.413085460662842
WT,3,E,H,-12.885030329755828,-12.881695210933685
WT,3,E,I,-10.82791554980664,-10.824580430984497
WT,3,E,K,-12.297831178239868,-12.294496059417725
WT,3,E,L,-9.58147442393689,-9.578139305114746
WT,3,E,M,-11.375421166948364,-11.37208604812622
WT,3,E,N,-11.678771377138183,-11.67543625831604
WT,3,E,P,-12.184303284219787,-12.180968165397644
WT,3,E,Q,-8.406564832262085,-8.403229713439941
WT,3,E,R,-14.739750743440673,-14.73641562461853
WT,3,E,S,-11.66831147723584,-11.664976358413696
WT,3,E,T,-11.809574008516357,-11.806238889694214
WT,3,E,V,-10.711533427766845,-10.708198308944702
WT,3,E,W,-15.191395402483032,-15.188060283660889
WT,3,E,Y,-13.28406435304074,-13.280729234218597
G12D,3,E,A,-9.779492015057222,-9.773853778839111
G12D,3,E,C,-11.951201075726168,-11.945562839508057
G12D,3,E,D,-5.402545088940279,-5.396906852722168
G12D,3,E,F,-11.885484570675509,-11.879846334457397
G12D,3,E,G,-10.024289244824068,-10.018651008605957
G12D,3,E,H,-11.58041440885605,-11.57477617263794
G12D,3,E,I,-9.93939935606064,-9.93376111984253
G12D,3,E,K,-10.396343821697847,-10.390705585479736
G12D,3,E,L,-8.846731299572603,-8.841093063354492
G12D,3,E,M,-10.567669505291597,-10.562031269073486
G12D,3,E,N,-10.581109160595553,-10.575470924377441
G12D,3,E,P,-11.101240271740572,-11.095602035522461
G12D,3,E,Q,-7.4736801330381795,-7.468041896820068
G12D,3,E,R,-12.64832269590439,-12.64268445968628
G12D,3,E,S,-10.551076764279024,-10.545438528060913
G12D,3,E,T,-10.711797351055758,-10.706159114837646
G12D,3,E,V,-9.475153559857027,-9.469515323638916
G12D,3,E,W,-13.676878059321062,-13.671239823102951
G12D,3,E,Y,-12.000708693676607,-11.995070457458496
WT,4,Y,A,-9.199879799427883,-9.168110370635986
WT,4,Y,C,-6.938621197285549,-6.906851768493652
WT,4,Y,D,-11.28544393593301,-11.253674507141113
WT,4,Y,E,-11.017856751027004,-10.986087322235107
WT,4,Y,F,-3.8807140927933617,-3.848944664001465
WT,4,Y,G,-10.82619682365884,-10.794427394866943
WT,4,Y,H,-5.286317501606838,-5.254548072814941
WT,4,Y,I,-8.569347057881252,-8.537577629089355
WT,4,Y,K,-10.1820904355668,-10.150321006774902
WT,4,Y,L,-6.651756916584866,-6.619987487792969
WT,4,Y,M,-8.020598087849514,-7.988828659057617
WT,4,Y,N,-7.649102840962307,-7.61733341217041
WT,4,Y,P,-12.052449379506008,-12.020679950714111
WT,4,Y,Q,-8.676967297139065,-8.645197868347168
WT,4,Y,R,-9.4572631459855,-9.425493717193604
WT,4,Y,S,-8.345114384236233,-8.313344955444336
WT,4,Y,T,-8.794752750935452,-8.762983322143555
WT,4,Y,V,-8.393310223164455,-8.361540794372559
WT,4,Y,W,-6.678487453999416,-6.6467180252075195
G12D,4,Y,A,-9.294776134319232,-9.264822959899902
G12D,4,Y,C,-6.6708385275077084,-6.640885353088379
G12D,4,Y,D,-10.47505872709267,-10.44510555267334
G12D,4,Y,E,-10.772328071422503,-10.742374897003174
G12D,4,Y,F,-3.946385555095599,-3.9164323806762695
G12D,4,Y,G,-10.72285335523598,-10.69290018081665
G12D,4,Y,H,-5.378687076396869,-5.348733901977539
G12D,4,Y,I,-8.608034305400775,-8.578081130981445
G12D,4,Y,K,-10.140078716106341,-10.110125541687012
G12D,4,Y,L,-6.743483714885638,-6.713530540466309
G12D,4,Y,M,-8.201253108806537,-8.171299934387207
G12D,4,Y,N,-7.614474468059466,-7.584521293640137
G12D,4,Y,P,-11.677194289989398,-11.647241115570068
G12D,4,Y,Q,-8.830374889202044,-8.800421714782715
G12D,4,Y,R,-9.464399509258197,-9.434446334838867
G12D,4,Y,S,-8.261794261760638,-8.231841087341309
G12D,4,Y,T,-8.853823833293841,-8.823870658874512
G12D,4,Y,V,-8.411063365764544,-8.381110191345215
G12D,4,Y,W,-6.8009359167289,-6.77098274230957
WT,5,K,A,-12.978787499858885,-12.977108240127563
WT,5,K,C,-14.825419891073256,-14.823740631341934
WT,5,K,D,-15.427052664949446,-15.425373405218124
WT,5,K,E,-12.831740933849364,-12.830061674118042
WT,5,K,F,-15.54482634682849,-15.543147087097168
WT,5,K,G,-13.618647533847838,-13.616968274116516
WT,5,K,H,-12.59034784455493,-12.588668584823608
WT,5,K,I,-11.825748521282225,-11.824069261550903
WT,5,K,L,-13.47182579655841,-13.470146536827087
WT,5,K,M,-11.412073928310424,-11.410394668579102
WT,5,K,N,-9.692375499202758,-9.690696239471436
WT,5,K,P,-14.159419733478575,-14.157740473747253
WT,5,K,Q,-10.604277926876097,-10.602598667144775
WT,5,K,R,-6.481979209377318,-6.480299949645996
WT,5,K,S,-11.992791253520995,-11.991111993789673
WT,5,K,T,-10.771627265407592,-10.76994800567627
WT,5,K,V,-13.559754926158934,-13.558075666427612
WT,5,K,W,-17.00439675469592,-17.0027174949646
WT,5,K,Y,-14.99003099967435,-14.988351739943027
G12D,5,K,A,-11.223863622670473,-11.21963620185852
G12D,5,K,C,-13.107594511037172,-13.10336709022522
G12D,5,K,D,-12.947344562535585,-12.943117141723633
G12D,5,K,E,-10.067853710179628,-10.063626289367676
G12D,5,K,F,-13.28510918331653,-13.280881762504578
G12D,5,K,G,-11.686612150197329,-11.682384729385376
G12D,5,K,H,-10.949809333806337,-10.945581912994385
G12D,5,K,I,-9.78064038467914,-9.776412963867188
G12D,5,K,L,-11.571626207356752,-11.5673987865448
G12D,5,K,M,-9.478750488286318,-9.474523067474365
G12D,5,K,N,-7.971359512334169,-7.967132091522217
G12D,5,K,P,-12.43945123863727,-12.435223817825317
G12D,5,K,Q,-8.890062114720644,-8.885834693908691
G12D,5,K,R,-5.707774898534121,-5.703547477722168
G12D,5,K,S,-10.307353279118837,-10.303125858306885
G12D,5,K,T,-8.962229988103212,-8.95800256729126
G12D,5,K,V,-11.539512893681826,-11.535285472869873
G12D,5,K,W,-14.054116985326113,-14.04988956451416
G12D,5,K,Y,-12.853541633611025,-12.849314212799072
WT,6,L,A,-10.249589617000142,-10.237700462341309
WT,6,L,C,-8.326177770839253,-8.31428861618042
WT,6,L,D,-14.002479727016011,-13.990590572357178
WT,6,L,E,-13.339357549891988,-13.327468395233154
WT,6,L,F,-8.80952137206606,-8.797632217407227
WT,6,L,G,-12.302936489329854,-12.29104733467102
WT,6,L,H,-13.113219434962788,-13.101330280303955
WT,6,L,I,-5.023556406245747,-5.011667251586914
WT,6,L,K,-15.08795028422884,-15.076061129570007
WT,6,L,M,-6.992122347102681,-6.980233192443848
WT,6,L,N,-12.623320991740743,-12.61143183708191
WT,6,L,P,-11.233745271907368,-11.221856117248535
WT,6,L,Q,-12.141617471919576,-12.129728317260742
WT,6,L,R,-13.547204668269673,-13.53531551361084
WT,6,L,S,-10.99016159270815,-10.978272438049316
WT,6,L,T,-9.936517412410298,-9.924628257751465
WT,6,L,V,-5.577766115413228,-5.5658769607543945
WT,6,L,W,-12.777117426143208,-12.765228271484375
WT,6,L,Y,-12.624591762767354,-12.61270260810852
G12D,6,L,A,-9.682919406964293,-9.664288520812988
G12D,6,L,C,-8.097416782452575,-8.07878589630127
G12D,6,L,D,-12.790245676114074,-12.771614789962769
G12D,6,L,E,-12.149617099835387,-12.130986213684082
G12D,6,L,F,-8.019108200146666,-8.000477313995361
G12D,6,L,G,-11.62022914893817,-11.601598262786865
G12D,6,L,H,-11.968106412960998,-11.949475526809692
G12D,6,L,I,-4.573387050702086,-4.554756164550781
G12D,6,L,K,-13.321080827786437,-13.302449941635132
G12D,6,L,M,-6.5992287636537466,-6.580597877502441
G12D,6,L,N,-11.867351198269835,-11.84872031211853
G12D,6,L,P,-9.936006927563659,-9.917376041412354
G12D,6,L,Q,-11.10549058921527,-11.086859703063965
G12D,6,L,R,-11.510786914898864,-11.492156028747559
G12D,6,L,S,-10.257577323986999,-10.238946437835693
G12D,6,L,T,-9.393657589032165,-9.37502670288086
G12D,6,L,V,-5.146552944256774,-5.127922058105469
G12D,6,L,W,-11.753306293560973,-11.734675407409668
G12D,6,L,Y,-11.65271344192218,-11.634082555770874
WT,7,V,A,-8.542917213436185,-8.519278049468994
WT,7,V,C,-7.4030322647057165,-7.379393100738525
WT,7,V,D,-14.013525149818479,-13.989885985851288
WT,7,V,E,-12.626235446926175,-12.602596282958984
WT,7,V,F,-12.022678575511991,-11.9990394115448
WT,7,V,G,-11.739073476787626,-11.715434312820435
WT,7,V,H,-14.292970798011838,-14.269331634044647
WT,7,V,I,-3.819349727626859,-3.795710563659668
WT,7,V,K,-15.78593154906851,-15.762292385101318
WT,7,V,L,-7.856228313442289,-7.832589149475098
WT,7,V,M,-10.763199291225492,-10.7395601272583
WT,7,V,N,-12.069585285183011,-12.04594612121582
WT,7,V,P,-13.343759617801725,-13.320120453834534
WT,7,V,Q,-12.317049942012845,-12.293410778045654
WT,7,V,R,-15.990562758441984,-15.966923594474792
WT,7,V,S,-11.032596311565458,-11.008957147598267
WT,7,V,T,-8.748384914394437,-8.724745750427246
WT,7,V,W,-15.680334410663663,-15.656695246696472
WT,7,V,Y,-14.470812297459661,-14.44717313349247
G12D,7,V,A,-7.428527880991739,-7.413890361785889
G12D,7,V,C,-7.673901606882852,-7.659264087677002
G12D,7,V,D,-11.936270285929483,-11.921632766723633
G12D,7,V,E,-10.570603419626993,-10.555965900421143
G12D,7,V,F,-10.755638648356241,-10.74100112915039
G12D,7,V,G,-9.998655368174356,-9.984017848968506
G12D,7,V,H,-13.28085188993339,-13.266214370727539
G12D,7,V,I,-4.403945494974893,-4.389307975769043
G12D,7,V,K,-13.398101378763956,-13.383463859558105
G12D,7,V,L,-7.277100612009805,-7.262463092803955
G12D,7,V,M,-9.515636493052286,-9.500998973846436
G12D,7,V,N,-11.134167004908365,-11.119529485702515
G12D,7,V,P,-12.376146603907388,-12.361509084701538
G12D,7,V,Q,-11.330602217997354,-11.315964698791504
G12D,7,V,R,-13.381974746073526,-13.367337226867676
G12D,7,V,S,-10.19008975156669,-10.17545223236084
G12D,7,V,T,-8.142519046152872,-8.127881526947021
G12D,7,V,W,-13.690246869410318,-13.675609350204468
G12D,7,V,Y,-13.07708459028129,-13.06244707107544
WT,8,V,A,-9.135537779015493,-9.123859882354736
WT,8,V,C,-7.596282159966421,-7.584604263305664
WT,8,V,D,-13.891069447678518,-13.879391551017761
WT,8,V,E,-12.208446895760488,-12.196768999099731
WT,8,V,F,-10.11177746025939,-10.100099563598633
WT,8,V,G,-12.085161602181387,-12.07348370552063
WT,8,V,H,-13.907710945290518,-13.89603304862976
WT,8,V,I,-5.06987014977355,-5.058192253112793
WT,8,V,K,-15.604923611563635,-15.593245714902878
WT,8,V,L,-5.5821677800836085,-5.570489883422852
WT,8,V,M,-7.22680202690978,-7.215124130249023
WT,8,V,N,-12.039627229851675,-12.027949333190918
WT,8,V,P,-13.731412088555288,-13.719734191894531
WT,8,V,Q,-11.403343832177114,-11.391665935516357
WT,8,V,R,-15.612978255433035,-15.601300358772278
WT,8,V,S,-10.854576265496206,-10.84289836883545
WT,8,V,T,-8.9510347005548,-8.939356803894043
WT,8,V,W,-13.850494301003408,-13.838816404342651
WT,8,V,Y,-14.090080296677542,-14.078402400016785
G12D,8,V,A,-8.263142290942628,-8.240013122558594
G12D,8,V,C,-7.496967020862062,-7.473837852478027
G12D,8,V,D,-11.984143677585084,-11.96101450920105
G12D,8,V,E,-10.645087424151857,-10.621958255767822
G12D,8,V,F,-9.03883523070093,-9.015706062316895
G12D,8,V,G,-10.66973418318506,-10.646605014801025
G12D,8,V,H,-12.567276183001955,-12.54414701461792
G12D,8,V,I,-4.677696886889894,-4.654567718505859
G12D,8,V,K,-13.005591336123903,-12.982462167739868
G12D,8,V,L,-4.618680659167726,-4.595551490783691
G12D,8,V,M,-6.0594565304445815,-6.036327362060547
G12D,8,V,N,-11.106958571307619,-11.083829402923584
G12D,8,V,P,-12.217644635074098,-12.194515466690063
G12D,8,V,Q,-10.60041970335718,-10.577290534973145
G12D,8,V,R,-12.789254608981569,-12.766125440597534
G12D,8,V,S,-10.055679026477296,-10.032549858093262
G12D,8,V,T,-8.377694788806398,-8.354565620422363
G12D,8,V,W,-12.660176936023195,-12.63704776763916
G12D,8,V,Y,-13.150302592151125,-13.12717342376709
WT,9,V,A,-8.184406672924773,-8.168989658355713
WT,9,V,C,-8.480419551342742,-8.465002536773682
WT,9,V,D,-13.87135032317044,-13.85593330860138
WT,9,V,E,-12.089062844723479,-12.073645830154419
WT,9,V,F,-9.212075625866667,-9.196658611297607
WT,9,V,G,-10.148260032147185,-10.132843017578125
WT,9,V,H,-13.080226813763396,-13.064809799194336
WT,9,V,I,-4.653939162701384,-4.638522148132324
WT,9,V,K,-12.793899928540007,-12.778482913970947
WT,9,V,L,-5.4019469370544115,-5.386529922485352
WT,9,V,M,-7.7561949839294115,-7.740777969360352
WT,9,V,N,-11.176858817547576,-11.161441802978516
WT,9,V,P,-13.758492981404082,-13.743075966835022
WT,9,V,Q,-11.672012244671599,-11.656595230102539
WT,9,V,R,-13.52815500399472,-13.51273798942566
WT,9,V,S,-10.844366942852751,-10.828949928283691
WT,9,V,T,-8.799972926586882,-8.784555912017822
WT,9,V,W,-13.341819201916472,-13.326402187347412
WT,9,V,Y,-12.204062615841643,-12.188645601272583
G12D,9,V,A,-7.347610778876772,-7.3254780769348145
G12D,9,V,C,-8.116687126227847,-8.094554424285889
G12D,9,V,D,-12.317516870566836,-12.295384168624878
G12D,9,V,E,-10.894546814033022,-10.872414112091064
G12D,9,V,F,-8.374057598182192,-8.351924896240234
G12D,9,V,G,-9.609758682319155,-9.587625980377197
G12D,9,V,H,-12.34916646010541,-12.327033758163452
G12D,9,V,I,-4.402058429786196,-4.379925727844238
G12D,9,V,K,-11.567169971534243,-11.545037269592285
G12D,9,V,L,-4.9236419869151025,-4.9015092849731445
G12D,9,V,M,-7.2240265083994775,-7.2018938064575195
G12D,9,V,N,-10.635195560523501,-10.613062858581543
G12D,9,V,P,-12.485302515098086,-12.463169813156128
G12D,9,V,Q,-11.21104413993024,-11.188911437988281
G12D,9,V,R,-11.892954177924624,-11.870821475982666
G12D,9,V,S,-10.062986202308169,-10.040853500366211
G12D,9,V,T,-8.287066288062563,-8.264933586120605
G12D,9,V,W,-12.41415292746686,-12.392020225524902
G12D,9,V,Y,-11.425132103034487,-11.40299940109253
WT,10,G,A,-11.052750324253925,-11.052582502365112
WT,10,G,C,-11.404983495716937,-11.404815673828125
WT,10,G,D,-11.533051465992816,-11.532883644104004
WT,10,G,E,-11.64732930565346,-11.647161483764648
WT,10,G,F,-13.888520692829974,-13.888352870941162
WT,10,G,H,-15.419053529744037,-15.418885707855225
WT,10,G,I,-12.455293451790698,-12.455125629901886
WT,10,G,K,-13.812785302643665,-13.812617480754852
WT,10,G,L,-12.838029985670932,-12.83786216378212
WT,10,G,M,-14.632904385571369,-14.632736563682556
WT,10,G,N,-13.288952862267383,-13.28878504037857
WT,10,G,P,-14.775263999943622,-14.77509617805481
WT,10,G,Q,-14.699456905369647,-14.699289083480835
WT,10,G,R,-10.741776679997333,-10.74160885810852
WT,10,G,S,-10.599890922551044,-10.599723100662231
WT,10,G,T,-14.086441730503925,-14.086273908615112
WT,10,G,V,-9.827326749806293,-9.82715892791748
WT,10,G,W,-12.611489241366275,-12.611321419477463
WT,10,G,Y,-14.759715413098224,-14.759547591209412
G12D,10,G,A,-6.591253680903446,-6.568136215209961
G12D,10,G,C,-6.890898627955448,-6.867781162261963
G12D,10,G,D,-5.989896697718631,-5.9667792320251465
G12D,10,G,E,-5.8554896542616,-5.832372188568115
G12D,10,G,F,-9.103529853541385,-9.0804123878479
G12D,10,G,H,-9.838378114420902,-9.815260648727417
G12D,10,G,I,-7.72305671663953,-7.699939250946045
G12D,10,G,K,-8.050276202876102,-8.027158737182617
G12D,10,G,L,-8.071927947718631,-8.048810482025146
G12D,10,G,M,-9.7303036877699,-9.707186222076416
G12D,10,G,N,-8.145969791132938,-8.122852325439453
G12D,10,G,P,-9.540932340342533,-9.517814874649048
G12D,10,G,Q,-9.284590167719852,-9.261472702026367
G12D,10,G,R,-5.502713126856815,-5.47959566116333
G12D,10,G,S,-5.588615817744266,-5.565498352050781
G12D,10,G,T,-8.838323993403446,-8.815206527709961
G12D,10,G,V,-5.545909805018436,-5.522792339324951
G12D,10,G,W,-7.305556220728885,-7.2824387550354
G12D,10,G,Y,-9.284656924922,-9.261539459228516
WT,11,A,C,-5.140856278006909,-4.140719413757324
WT,11,A,D,-3.3201756597207766,-2.3200387954711914
WT,11,A,E,-4.325621140067456,-3.325484275817871
WT,11,A,F,-8.762898457114575,-7.76276159286499
WT,11,A,G,-1.2072434545205812,-0.2071065902709961
WT,11,A,H,-7.585936081473706,-6.585799217224121
WT,11,A,I,-7.680383694236157,-6.680246829986572
WT,11,A,K,-10.260006439750073,-9.259869575500488
WT,11,A,L,-7.84691621071565,-6.8467793464660645
WT,11,A,M,-8.215609562461255,-7.21547269821167
WT,11,A,N,-6.46142340904939,-5.461286544799805
WT,11,A,P,-5.928764832084058,-4.928627967834473
WT,11,A,Q,-6.944963944022534,-5.944827079772949
WT,11,A,R,-10.015434992377637,-9.015298128128052
WT,11,A,S,-1.4009432912515383,-0.4008064270019531
WT,11,A,T,-3.986462128226636,-2.986325263977051
WT,11,A,V,-5.245983612601636,-4.245846748352051
WT,11,A,W,-10.619224083487866,-9.619087219238281
WT,11,A,Y,-7.342907917563794,-6.342771053314209
G12D,11,A,C,-5.072252795180464,-3.781041145324707
G12D,11,A,D,-1.9123731107322222,-0.6211614608764648
G12D,11,A,E,-3.294943377455855,-2.0037317276000977
G12D,11,A,F,-8.231587931594039,-6.940376281738281
G12D,11,A,G,-1.3674817533103472,-0.07627010345458984
G12D,11,A,H,-6.444581076583052,-5.153369426727295
G12D,11,A,I,-6.751460120162154,-5.4602484703063965
G12D,11,A,K,-7.504362151106978,-6.213150501251221
G12D,11,A,L,-7.273350283583785,-5.982138633728027
G12D,11,A,M,-7.821987196883345,-6.530775547027588
G12D,11,A,N,-4.781137988051558,-3.489926338195801
G12D,11,A,P,-5.07535605140605,-3.784144401550293
G12D,11,A,Q,-6.334325358351851,-5.043113708496094
G12D,11,A,R,-7.248116061171675,-5.956904411315918
G12D,11,A,S,-1.4925084561912065,-0.20129680633544922
G12D,11,A,T,-3.8444047422019487,-2.5531930923461914
G12D,11,A,V,-4.675165698012496,-3.3839540481567383
G12D,11,A,W,-9.251081034621382,-7.959869384765625
G12D,11,A,Y,-6.328729197463179,-5.037517547607422
WT,12,G,A,-7.526784162873039,-7.525663375854492
WT,12,G,C,-9.854933004730949,-9.853812217712402
WT,12,G,D,-11.279377084130058,-11.278256297111511
WT,12,G,E,-11.428199987763175,-11.427079200744629
WT,12,G,F,-12.089016538017997,-12.08789575099945
WT,12,G,H,-12.898061554783592,-12.896940767765045
WT,12,G,I,-12.087496917599449,-12.086376130580902
WT,12,G,K,-13.539181630963096,-13.53806084394455
WT,12,G,L,-11.83815584694744,-11.837035059928894
WT,12,G,M,-12.53895713006855,-12.537836343050003
WT,12,G,N,-12.255758803242454,-12.254638016223907
WT,12,G,P,-10.227957229965934,-10.226836442947388
WT,12,G,Q,-12.560278188341865,-12.559157401323318
WT,12,G,R,-9.670148115509758,-9.669027328491211
WT,12,G,S,-8.151758890503654,-8.150638103485107
WT,12,G,T,-11.400301914566764,-11.399181127548218
WT,12,G,V,-9.656957369202384,-9.655836582183838
WT,12,G,W,-12.199302058571586,-12.19818127155304
WT,12,G,Y,-12.954799551421413,-12.953678764402866
G12D,12,D,A,-7.526784162873039,3.752592921257019
G12D,12,D,C,-9.854933004730949,1.4244440793991089
G12D,12,D,E,-11.428199987763175,-0.14882290363311768
G12D,12,D,F,-12.089016538017997,-0.8096394538879395
G12D,12,D,G,-0.0011207870185465652,11.278256297111511
G12D,12,D,H,-12.898061554783592,-1.618684470653534
G12D,12,D,I,-12.087496917599449,-0.8081198334693909
G12D,12,D,K,-13.539181630963096,-2.2598045468330383
G12D,12,D,L,-11.83815584694744,-0.5587787628173828
G12D,12,D,M,-12.53895713006855,-1.2595800459384918
G12D,12,D,N,-12.255758803242454,-0.9763817191123962
G12D,12,D,P,-10.227957229965934,1.0514198541641235
G12D,12,D,Q,-12.560278188341865,-1.2809011042118073
G12D,12,D,R,-9.670148115509758,1.6092289686203003
G12D,12,D,S,-8.151758890503654,3.127618193626404
G12D,12,D,T,-11.400301914566764,-0.12092483043670654
G12D,12,D,V,-9.656957369202384,1.6224197149276733
G12D,12,D,W,-12.199302058571586,-0.9199249744415283
G12D,12,D,Y,-12.954799551421413,-1.6754224672913551
WT,13,G,A,-5.577754466998837,-5.572467088699341
WT,13,G,C,-9.118862956035397,-9.1135755777359
WT,13,G,D,-11.086958854663632,-11.081671476364136
WT,13,G,E,-11.285260408389828,-11.279973030090332
WT,13,G,F,-13.102332799899838,-13.097045421600342
WT,13,G,H,-12.984674184787533,-12.979386806488037
WT,13,G,I,-12.663644521701595,-12.6583571434021
WT,13,G,K,-13.957247465122006,-13.95196008682251
WT,13,G,L,-13.284512727725765,-13.27922534942627
WT,13,G,M,-13.35787841604974,-13.352591037750244
WT,13,G,N,-10.166781275737545,-10.16149389743805
WT,13,G,P,-13.726289957034847,-13.721002578735352
WT,13,G,Q,-13.214411943424007,-13.209124565124512
WT,13,G,R,-10.929494350421688,-10.924206972122192
WT,13,G,S,-6.711768000591061,-6.706480622291565
WT,13,G,T,-10.349288671481869,-10.344001293182373
WT,13,G,V,-10.405878870952389,-10.400591492652893
WT,13,G,W,-13.034269063937924,-13.028981685638428
WT,13,G,Y,-12.722616880405209,-12.717329502105713
G12D,13,G,A,-3.6674600632967778,-3.6181888580322266
G12D,13,G,C,-6.2274225743594,-6.178151369094849
G12D,13,G,D,-7.287759402591211,-7.23848819732666
G12D,13,G,E,-7.050978997546656,-7.0017077922821045
G12D,13,G,F,-9.206991994577868,-9.157720789313316
G12D,13,G,H,-9.235152879554255,-9.185881674289703
G12D,13,G,I,-8.995724236417038,-8.946453031152487
G12D,13,G,K,-8.704046169120295,-8.654774963855743
G12D,13,G,L,-9.28372670133732,-9.23445549607277
G12D,13,G,M,-9.70181427319668,-9.652543067932129
G12D,13,G,N,-7.192247250873072,-7.1429760456085205
G12D,13,G,P,-9.903692344027979,-9.854421138763428
G12D,13,G,Q,-9.488078960973246,-9.438807755708694
G12D,13,G,R,-5.936968663531763,-5.887697458267212
G12D,13,G,S,-4.354992965060694,-4.305721759796143
G12D,13,G,T,-7.1484999450030156,-7.099228739738464
G12D,13,G,V,-7.067026475268824,-7.0177552700042725
G12D,13,G,W,-8.56102163513325,-8.511750429868698
G12D,13,G,Y,-8.68179524858616,-8.63252404332161
WT,14,V,A,-6.115296296170596,-6.1040215492248535
WT,14,V,C,-5.285600594571475,-5.274325847625732
WT,14,V,D,-11.151384166768436,-11.140109419822693
WT,14,V,E,-10.020044259122256,-10.008769512176514
WT,14,V,F,-10.952775172284488,-10.941500425338745
WT,14,V,G,-8.054881981900577,-8.043607234954834
WT,14,V,H,-12.422710291436557,-12.411435544490814
WT,14,V,I,-7.554511956265811,-7.543237209320068
WT,14,V,K,-12.887269056728725,-12.875994309782982
WT,14,V,L,-9.354870490125064,-9.343595743179321
WT,14,V,M,-10.007489613583926,-9.996214866638184
WT,14,V,N,-10.194394997647647,-10.183120250701904
WT,14,V,P,-11.408573082974796,-11.397298336029053
WT,14,V,Q,-11.381392172864322,-11.370117425918579
WT,14,V,R,-12.13614266305292,-12.124867916107178
WT,14,V,S,-7.137024811795596,-7.1257500648498535
WT,14,V,T,-6.205449990323428,-6.1941752433776855
WT,14,V,W,-15.287156275800113,-15.27588152885437
WT,14,V,Y,-12.507726512244586,-12.496451765298843
G12D,14,V,A,-5.414357007148949,-5.3991851806640625
G12D,14,V,C,-5.790471852424828,-5.775300025939941
G12D,14,V,D,-8.658473790291039,-8.643301963806152
G12D,14,V,E,-7.9642689830095446,-7.949097156524658
G12D,14,V,F,-9.019074738624779,-9.003902912139893
G12D,14,V,G,-6.659836114052025,-6.644664287567139
G12D,14,V,H,-11.065655291679589,-11.050483465194702
G12D,14,V,I,-6.5954192286760485,-6.580247402191162
G12D,14,V,K,-10.190390885475365,-10.175219058990479
G12D,14,V,L,-8.27243405640432,-8.257262229919434
G12D,14,V,M,-8.490257084968773,-8.475085258483887
G12D,14,V,N,-9.276586831215111,-9.261415004730225
G12D,14,V,P,-10.015111268165795,-9.999939441680908
G12D,14,V,Q,-10.454584897163597,-10.439413070678711
G12D,14,V,R,-9.823605836036888,-9.808434009552002
G12D,14,V,S,-6.5931938296587145,-6.578022003173828
G12D,14,V,T,-6.156772912147728,-6.141601085662842
G12D,14,V,W,-12.971939147117821,-12.956767320632935
G12D,14,V,Y,-10.643647730949608,-10.628475904464722
WT,15,G,A,-11.163705570699701,-11.163608878850937
WT,15,G,C,-11.810095680953989,-11.809998989105225
WT,15,G,D,-12.24479158044053,-12.244694888591766
WT,15,G,E,-11.45870283067418,-11.458606138825417
WT,15,G,F,-15.762478245498666,-15.762381553649902
WT,15,G,H,-17.226783646347055,-17.22668695449829
WT,15,G,I,-15.603678597213754,-15.60358190536499
WT,15,G,K,-14.94102372050477,-14.940927028656006
WT,15,G,L,-14.937410963775644,-14.93731427192688
WT,15,G,M,-15.200578821899423,-15.20048213005066
WT,15,G,N,-14.029810322525034,-14.02971363067627
WT,15,G,P,-16.587250126602182,-16.587153434753418
WT,15,G,Q,-15.514600647689829,-15.514503955841064
WT,15,G,R,-10.706520332099924,-10.70642364025116
WT,15,G,S,-10.861606283189783,-10.861509591341019
WT,15,G,T,-14.639761103393564,-14.6396644115448
WT,15,G,V,-11.236527411343584,-11.23643071949482
WT,15,G,W,-13.415904892684946,-13.415808200836182
WT,15,G,Y,-16.293542755844125,-16.29344606399536
G12D,15,G,A,-7.9569762044455565,-7.950406551361084
G12D,15,G,C,-8.186802177956299,-8.180232524871826
G12D,15,G,D,-7.373027592232422,-7.366457939147949
G12D,15,G,E,-6.650637894203857,-6.644068241119385
G12D,15,G,F,-11.815508156349853,-11.80893850326538
G12D,15,G,H,-12.412522047093109,-12.405952394008636
G12D,15,G,I,-11.033337503006653,-11.02676784992218
G12D,15,G,K,-9.9534619145896,-9.946892261505127
G12D,15,G,L,-10.976303248932556,-10.969733595848083
G12D,15,G,M,-11.660790591767029,-11.654220938682556
G12D,15,G,N,-10.00927689605017,-10.002707242965698
G12D,15,G,P,-12.178592472603516,-12.172022819519043
G12D,15,G,Q,-11.258132010033325,-11.251562356948853
G12D,15,G,R,-6.205861359169678,-6.199291706085205
G12D,15,G,S,-7.181702404549316,-7.175132751464844
G12D,15,G,T,-10.836507111122803,-10.82993745803833
G12D,15,G,V,-7.152760773232178,-7.146191120147705
G12D,15,G,W,-8.754634171059326,-8.748064517974854
G12D,15,G,Y,-11.921809464028076,-11.915239810943604
WT,16,K,A,-15.47737423795909,-15.477327346801758
WT,16,K,C,-17.229187530462447,-17.229140639305115
WT,16,K,D,-16.63723611738235,-16.63718922622502
WT,16,K,E,-12.783618372862044,-12.783571481704712
WT,16,K,F,-18.114804905836287,-18.114758014678955
WT,16,K,G,-15.28671388048381,-15.286666989326477
WT,16,K,H,-16.151854855005446,-16.151807963848114
WT,16,K,I,-13.874205988828841,-13.874159097671509
WT,16,K,L,-15.902403158132735,-15.902356266975403
WT,16,K,M,-13.322193306867781,-13.32214641571045
WT,16,K,N,-11.244652909223738,-11.244606018066406
WT,16,K,P,-16.663248100315037,-16.663201209157705
WT,16,K,Q,-12.595802945081893,-12.59575605392456
WT,16,K,R,-11.437468213026229,-11.437421321868896
WT,16,K,S,-14.798606437627974,-14.798559546470642
WT,16,K,T,-11.895201844160262,-11.89515495300293
WT,16,K,V,-15.664780479852858,-15.664733588695526
WT,16,K,W,-18.709497612898055,-18.709450721740723
WT,16,K,Y,-16.82790788728446,-16.82786099612713
G12D,16,K,A,-10.203044049262566,-10.196968078613281
G12D,16,K,C,-11.998437516212029,-11.992361545562744
G12D,16,K,D,-10.673096768378777,-10.667020797729492
G12D,16,K,E,-6.7099543733592455,-6.703878402709961
G12D,16,K,F,-12.705679051398796,-12.699603080749512
G12D,16,K,G,-9.92687188816027,-9.920795917510986
G12D,16,K,H,-11.293113820075554,-11.28703784942627
G12D,16,K,I,-8.507935635566277,-8.501859664916992
G12D,16,K,L,-10.61791764926867,-10.611841678619385
G12D,16,K,M,-8.26146136951403,-8.255385398864746
G12D,16,K,N,-6.415261380195183,-6.409185409545898
G12D,16,K,P,-11.676757447242302,-11.670681476593018
G12D,16,K,Q,-7.623446576118035,-7.61737060546875
G12D,16,K,R,-6.95693599414782,-6.950860023498535
G12D,16,K,S,-9.424919239997429,-9.418843269348145
G12D,16,K,T,-6.983545414924187,-6.977469444274902
G12D,16,K,V,-10.378655068397087,-10.372579097747803
G12D,16,K,W,-12.377100579261345,-12.37102460861206
G12D,16,K,Y,-11.62745773029284,-11.621381759643555
WT,17,S,A,-12.546275268754803,-12.543253898620605
WT,17,S,C,-12.877457271776043,-12.874435901641846
WT,17,S,D,-17.046635757646406,-17.043614387512207
WT,17,S,E,-16.913087974748457,-16.910066604614258
WT,17,S,F,-13.515591751298748,-13.51257038116455
WT,17,S,G,-11.60211242314323,-11.599091053009033
WT,17,S,H,-17.386095176896895,-17.383073806762695
WT,17,S,I,-13.644140850267254,-13.641119480133057
WT,17,S,K,-14.426886688432537,-14.42386531829834
WT,17,S,L,-12.935145031175457,-12.93212366104126
WT,17,S,M,-15.087146888933026,-15.084125518798828
WT,17,S,N,-13.626222740373455,-13.623201370239258
WT,17,S,P,-15.995550285539471,-15.992528915405273
WT,17,S,Q,-17.237873207292402,-17.234851837158203
WT,17,S,R,-15.427489410600506,-15.424468040466309
WT,17,S,T,-5.8114227163408625,-5.808401346206665
WT,17,S,V,-14.642388950548016,-14.639367580413818
WT,17,S,W,-15.98447908040031,-15.981457710266113
WT,17,S,Y,-14.758103500566326,-14.755082130432129
G12D,17,S,A,-11.387379894081214,-11.381873369216919
G12D,17,S,C,-11.195020208183387,-11.189513683319092
G12D,17,S,D,-14.95057869893656,-14.945072174072266
G12D,17,S,E,-14.86880494100199,-14.863298416137695
G12D,17,S,F,-10.921456227127173,-10.915949702262878
G12D,17,S,G,-11.153544912162879,-11.148038387298584
G12D,17,S,H,-16.03579712850199,-16.030290603637695
G12D,17,S,I,-11.053483018699744,-11.04797649383545
G12D,17,S,K,-12.09742952329264,-12.091922998428345
G12D,17,S,L,-10.157682189766028,-10.152175664901733
G12D,17,S,M,-13.065226087394812,-13.059719562530518
G12D,17,S,N,-11.869079360786536,-11.863572835922241
G12D,17,S,P,-12.407922277275183,-12.402415752410889
G12D,17,S,Q,-15.752838620964148,-15.747332096099854
G12D,17,S,R,-12.397409686866858,-12.391903162002563
G12D,17,S,T,-5.231236467186072,-5.225729942321777
G12D,17,S,V,-12.896770248237708,-12.891263723373413
G12D,17,S,W,-13.308518419090369,-13.303011894226074
G12D,17,S,Y,-12.362965593162635,-12.35745906829834
WT,18,A,C,-4.3032711788089575,-4.285371780395508
WT,18,A,D,-12.886857871619016,-12.868958473205566
WT,18,A,E,-12.582458142843992,-12.564558744430542
WT,18,A,F,-12.410120849219114,-12.392221450805664
WT,18,A,G,-8.281189326849729,-8.26328992843628
WT,18,A,H,-11.764799241629392,-11.746899843215942
WT,18,A,I,-14.867602054682523,-14.849702656269073
WT,18,A,K,-15.623414818850309,-15.60551542043686
WT,18,A,L,-11.301947240439207,-11.284047842025757
WT,18,A,M,-10.95431936225012,-10.93641996383667
WT,18,A,N,-10.088568572607786,-10.070669174194336
WT,18,A,P,-10.878589515295774,-10.860690116882324
WT,18,A,Q,-9.993589286413938,-9.975689888000488
WT,18,A,R,-14.044435982313901,-14.026536583900452
WT,18,A,S,-5.656371001807004,-5.638471603393555
WT,18,A,T,-8.283097629156858,-8.265198230743408
WT,18,A,V,-10.1068538471134,-10.088954448699951
WT,18,A,W,-13.754731897917539,-13.73683249950409
WT,18,A,Y,-12.21680486640051,-12.19890546798706
G12D,18,A,C,-4.15085010281504,-4.127906799316406
G12D,18,A,D,-11.070979878816017,-11.048036575317383
G12D,18,A,E,-10.920026585969337,-10.897083282470703
G12D,18,A,F,-11.25016240826548,-11.227219104766846
G12D,18,A,G,-8.070175454530128,-8.047232151031494
G12D,18,A,H,-11.112130925568946,-11.089187622070312
G12D,18,A,I,-13.270098493012794,-13.24715518951416
G12D,18,A,K,-13.807116315278419,-13.784173011779785
G12D,18,A,L,-10.59767513028086,-10.574731826782227
G12D,18,A,M,-10.328205392274269,-10.305262088775635
G12D,18,A,N,-9.789871976289161,-9.766928672790527
G12D,18,A,P,-9.816379830750831,-9.793436527252197
G12D,18,A,Q,-9.598636433991798,-9.575693130493164
G12D,18,A,R,-12.198451087388404,-12.17550778388977
G12D,18,A,S,-5.201839253816017,-5.178895950317383
G12D,18,A,T,-7.428812787446388,-7.405869483947754
G12D,18,A,V,-9.079287335786232,-9.056344032287598
G12D,18,A,W,-12.480473802003273,-12.457530498504639
G12D,18,A,Y,-11.039792344483741,-11.016849040985107
WT,19,L,A,-10.756628322773032,-10.742369651794434
WT,19,L,C,-9.238985824756675,-9.224727153778076
WT,19,L,D,-16.06097530143743,-16.046716630458832
WT,19,L,E,-13.683720398120933,-13.669461727142334
WT,19,L,F,-9.354546356372886,-9.340287685394287
WT,19,L,G,-12.566311168842368,-12.55205249786377
WT,19,L,H,-10.764569568805747,-10.750310897827148
WT,19,L,I,-4.837826061420493,-4.8235673904418945
WT,19,L,K,-13.094573545627647,-13.080314874649048
WT,19,L,M,-5.500416088275962,-5.486157417297363
WT,19,L,N,-11.66800575273519,-11.653747081756592
WT,19,L,P,-11.235231208972984,-11.220972537994385
WT,19,L,Q,-9.92402439134603,-9.909765720367432
WT,19,L,R,-12.23596982973104,-12.221711158752441
WT,19,L,S,-11.300705719165855,-11.286447048187256
WT,19,L,T,-9.6093776704598,-9.595118999481201
WT,19,L,V,-6.361315059833579,-6.3470563888549805
WT,19,L,W,-14.407407570056968,-14.39314889907837
WT,19,L,Y,-13.831406879596763,-13.817148208618164
G12D,19,L,A,-10.653478001748027,-10.640323638916016
G12D,19,L,C,-9.502800320778789,-9.489645957946777
G12D,19,L,D,-15.16874406257719,-15.155589699745178
G12D,19,L,E,-13.224024151955547,-13.210869789123535
G12D,19,L,F,-8.908983086739482,-8.89582872390747
G12D,19,L,G,-12.29217038074583,-12.279016017913818
G12D,19,L,H,-10.642793034707012,-10.629638671875
G12D,19,L,I,-4.840861653481426,-4.827707290649414
G12D,19,L,K,-12.366355275307598,-12.353200912475586
G12D,19,L,M,-5.798934315834941,-5.78577995300293
G12D,19,L,N,-11.696791505013408,-11.683637142181396
G12D,19,L,P,-9.964918946419658,-9.951764583587646
G12D,19,L,Q,-9.856634473000469,-9.843480110168457
G12D,19,L,R,-11.085514401589336,-11.072360038757324
G12D,19,L,S,-10.828825329934062,-10.81567096710205
G12D,19,L,T,-9.514514779244365,-9.501360416412354
G12D,19,L,V,-6.43166766086668,-6.418513298034668
G12D,19,L,W,-13.964522694741191,-13.95136833190918
G12D,19,L,Y,-13.591276024971904,-13.578121662139893
WT,20,T,A,-8.487992229007096,-8.485600471496582
WT,20,T,C,-9.105097713015885,-9.102705955505371
WT,20,T,D,-13.90704280330977,-13.904651045799255
WT,20,T,E,-13.39088672592482,-13.388494968414307
WT,20,T,F,-14.442424954913468,-14.440033197402954
WT,20,T,G,-11.06676382019362,-11.064372062683105
WT,20,T,H,-13.907616557620377,-13.905224800109863
WT,20,T,I,-8.376444282077165,-8.37405252456665
WT,20,T,K,-12.97862619354567,-12.976234436035156
WT,20,T,L,-12.366911115191789,-12.364519357681274
WT,20,T,M,-9.683010997317643,-9.680619239807129
WT,20,T,N,-9.629770221255631,-9.627378463745117
WT,20,T,P,-12.060070218585343,-12.057678461074829
WT,20,T,Q,-12.463014068148942,-12.460622310638428
WT,20,T,R,-14.330333890460343,-14.327942132949829
WT,20,T,S,-6.468534411929459,-6.466142654418945
WT,20,T,V,-9.000483455203385,-8.998091697692871
WT,20,T,W,-16.25741714432082,-16.255025386810303
WT,20,T,Y,-14.61018690659842,-14.607795149087906
G12D,20,T,A,-7.378316714376076,-7.373253345489502
G12D,20,T,C,-8.450447871297463,-8.445384502410889
G12D,20,T,D,-12.252099110692605,-12.24703574180603
G12D,20,T,E,-11.767471148580178,-11.762407779693604
G12D,20,T,F,-12.765279128163918,-12.760215759277344
G12D,20,T,G,-10.311664416402444,-10.30660104751587
G12D,20,T,H,-12.71880943974839,-12.713746070861816
G12D,20,T,I,-6.9077780981956565,-6.902714729309082
G12D,20,T,K,-10.678761317342385,-10.67369794845581
G12D,20,T,L,-10.708722426503762,-10.703659057617188
G12D,20,T,M,-8.413707091420754,-8.40864372253418
G12D,20,T,N,-8.696178271382912,-8.691114902496338
G12D,20,T,P,-10.373288466542824,-10.36822509765625
G12D,20,T,Q,-11.523015334218606,-11.517951965332031
G12D,20,T,R,-11.754770352452859,-11.749706983566284
G12D,20,T,S,-6.103045775502785,-6.097982406616211
G12D,20,T,V,-7.747887923329934,-7.742824554443359
G12D,20,T,W,-14.398386790364846,-14.393323421478271
G12D,20,T,Y,-13.13324911794053,-13.128185749053955
WT,21,I,A,-14.10112044655354,-14.09352421760559
WT,21,I,C,-13.18073425137074,-13.17313802242279
WT,21,I,D,-17.73808333717854,-17.73048710823059
WT,21,I,E,-17.516049121251417,-17.508452892303467
WT,21,I,F,-10.68847009979756,-10.68087387084961
WT,21,I,G,-16.42477164112599,-16.41717541217804
WT,21,I,H,-13.878590081563306,-13.870993852615356
WT,21,I,K,-13.82473227821858,-13.81713604927063
WT,21,I,L,-4.97047350250752,-4.96287727355957
WT,21,I,M,-8.464583133092237,-8.456986904144287
WT,21,I,N,-11.948379252782178,-11.940783023834229
WT,21,I,P,-16.8716287358907,-16.86403250694275
WT,21,I,Q,-13.935737465253187,-13.928141236305237
WT,21,I,R,-14.719071154227567,-14.711474925279617
WT,21,I,S,-12.572615121236158,-12.565018892288208
WT,21,I,T,-9.675922129979444,-9.668325901031494
WT,21,I,V,-8.068097327580762,-8.060501098632812
WT,21,I,W,-16.532551024785352,-16.524954795837402
WT,21,I,Y,-13.618753050198865,-13.611156821250916
G12D,21,I,A,-12.827335862219863,-12.818154573440552
G12D,21,I,C,-12.334858683646255,-12.325677394866943
G12D,21,I,D,-15.683832643330627,-15.674651354551315
G12D,21,I,E,-15.80595591455751,-15.796774625778198
G12D,21,I,F,-9.673531798422866,-9.664350509643555
G12D,21,I,G,-14.952576426566177,-14.943395137786865
G12D,21,I,H,-12.89530876070314,-12.886127471923828
G12D,21,I,K,-12.336588172019058,-12.327406883239746
G12D,21,I,L,-4.864053038657241,-4.85487174987793
G12D,21,I,M,-7.865638999045425,-7.856457710266113
G12D,21,I,N,-10.908525733054214,-10.899344444274902
G12D,21,I,P,-15.191110757887893,-15.181929469108582
G12D,21,I,Q,-13.019616393149429,-13.010435104370117
G12D,21,I,R,-12.931806592047744,-12.922625303268433
G12D,21,I,S,-11.380107192099624,-11.370925903320312
G12D,21,I,T,-8.731012133658462,-8.72183084487915
G12D,21,I,V,-7.185444144309097,-7.176262855529785
G12D,21,I,W,-15.211622742713027,-15.202441453933716
G12D,21,I,Y,-12.584288147986465,-12.575106859207153
WT,22,Q,A,-8.945191410871585,-8.943732887506485
WT,22,Q,C,-10.704968926998218,-10.703510403633118
WT,22,Q,D,-14.37732112178429,-14.37586259841919
WT,22,Q,E,-10.488813278766711,-10.487354755401611
WT,22,Q,F,-12.096802113147815,-12.095343589782715
WT,22,Q,G,-10.639855144115527,-10.638396620750427
WT,22,Q,H,-8.306675551029285,-8.305217027664185
WT,22,Q,I,-11.681152937503894,-11.679694414138794
WT,22,Q,K,-8.946890411468585,-8.945431888103485
WT,22,Q,L,-9.691092518659671,-9.689633995294571
WT,22,Q,M,-9.201209155412753,-9.199750632047653
WT,22,Q,N,-9.241406959982951,-9.239948436617851
WT,22,Q,P,-10.021281001659473,-10.019822478294373
WT,22,Q,R,-8.586311695667346,-8.584853172302246
WT,22,Q,S,-8.600911853405078,-8.599453330039978
WT,22,Q,T,-8.851828245016177,-8.850369721651077
WT,22,Q,V,-10.474290845485767,-10.472832322120667
WT,22,Q,W,-13.196073410602649,-13.194614887237549
WT,22,Q,Y,-11.768318770023425,-11.766860246658325
G12D,22,Q,A,-8.649381866900885,-8.64680540561676
G12D,22,Q,C,-10.386393806188071,-10.383817344903946
G12D,22,Q,D,-13.449737897365058,-13.447161436080933
G12D,22,Q,E,-9.553747287242377,-9.551170825958252
G12D,22,Q,F,-11.308600655047858,-11.306024193763733
G12D,22,Q,G,-10.272558396904433,-10.269981935620308
G12D,22,Q,H,-7.622055640666449,-7.619479179382324
G12D,22,Q,I,-10.92014973446604,-10.917573273181915
G12D,22,Q,K,-8.19668280169245,-8.194106340408325
G12D,22,Q,L,-9.005657544581855,-9.00308108329773
G12D,22,Q,M,-9.014514556376898,-9.011938095092773
G12D,22,Q,N,-8.92508446261164,-8.922508001327515
G12D,22,Q,P,-8.964412918536627,-8.961836457252502
G12D,22,Q,R,-7.804363360850775,-7.80178689956665
G12D,22,Q,S,-8.242318025081122,-8.239741563796997
G12D,22,Q,T,-8.571257939784491,-8.568681478500366
G12D,22,Q,V,-9.895408561675513,-9.892832100391388
G12D,22,Q,W,-11.962378373591864,-11.95980191230774
G12D,22,Q,Y,-10.918376138656104,-10.915799677371979
WT,23,L,A,-11.395966128955013,-11.379252433776855
WT,23,L,C,-10.571120814929134,-10.554407119750977
WT,23,L,D,-14.703473226676113,-14.686759531497955
WT,23,L,E,-13.849311189303524,-13.832597494125366
WT,23,L,F,-5.095179156909115,-5.078465461730957
WT,23,L,G,-13.070044355044491,-13.053330659866333
WT,23,L,H,-11.673896865496761,-11.657183170318604
WT,23,L,I,-8.203757838854916,-8.187044143676758
WT,23,L,K,-13.237557963976986,-13.220844268798828
WT,23,L,M,-4.639328555712826,-4.622614860534668
WT,23,L,N,-12.403265313754208,-12.38655161857605
WT,23,L,P,-13.105747060427792,-13.089033365249634
WT,23,L,Q,-11.450152473101742,-11.433438777923584
WT,23,L,R,-13.618714170107967,-13.60200047492981
WT,23,L,S,-11.32226045573724,-11.305546760559082
WT,23,L,T,-11.082538680682308,-11.06582498550415
WT,23,L,V,-8.913901404986508,-8.89718770980835
WT,23,L,W,-9.610822753558285,-9.594109058380127
WT,23,L,Y,-8.515432433734066,-8.498718738555908
G12D,23,L,A,-11.236351114609173,-11.220198631286621
G12D,23,L,C,-10.413251501419476,-10.397099018096924
G12D,23,L,D,-14.018542510368755,-14.002390027046204
G12D,23,L,E,-13.311304670669964,-13.295152187347412
G12D,23,L,F,-4.8992758811497,-4.883123397827148
G12D,23,L,G,-12.653944593765667,-12.637792110443115
G12D,23,L,H,-11.353850466110638,-11.337697982788086
G12D,23,L,I,-8.015937429764202,-7.99978494644165
G12D,23,L,K,-12.607240778305462,-12.59108829498291
G12D,23,L,M,-4.878528696396282,-4.8623762130737305
G12D,23,L,N,-12.113625389435223,-12.097472906112671
G12D,23,L,P,-12.253727775909832,-12.23757529258728
G12D,23,L,Q,-11.244962316849163,-11.228809833526611
G12D,23,L,R,-12.663230043747356,-12.647077560424805
G12D,23,L,S,-10.858439546921185,-10.842287063598633
G12D,23,L,T,-10.94236956248515,-10.926217079162598
G12D,23,L,V,-8.563060385086468,-8.546907901763916
G12D,23,L,W,-9.549384695389202,-9.53323221206665
G12D,23,L,Y,-8.413914305069378,-8.397761821746826
WT,24,I,A,-11.919603201512086,-11.916954040527344
WT,24,I,C,-8.475883337620484,-8.473234176635742
WT,24,I,D,-17.30301898992418,-17.300369828939438
WT,24,I,E,-18.593481394413697,-18.590832233428955
WT,24,I,F,-11.315488669041383,-11.31283950805664
WT,24,I,G,-14.840740653637635,-14.838091492652893
WT,24,I,H,-15.636058184269654,-15.633409023284912
WT,24,I,K,-16.8039294210708,-16.80128026008606
WT,24,I,L,-9.819723459843384,-9.817074298858643
WT,24,I,M,-8.066584440830933,-8.063935279846191
WT,24,I,N,-11.540565344456422,-11.53791618347168
WT,24,I,P,-17.559003087643372,-17.55635392665863
WT,24,I,Q,-15.588685962322938,-15.586036801338196
WT,24,I,R,-18.55350527441858,-18.550856113433838
WT,24,I,S,-12.41782412207483,-12.415174961090088
WT,24,I,T,-6.372723433140504,-6.370074272155762
WT,24,I,V,-8.02575001395105,-8.023100852966309
WT,24,I,W,-16.25138399279474,-16.248734831809998
WT,24,I,Y,-14.307524057987916,-14.304874897003174
G12D,24,I,A,-10.909480622478878,-10.905893802642822
G12D,24,I,C,-8.488366177746212,-8.484779357910156
G12D,24,I,D,-15.42250435657159,-15.418917536735535
G12D,24,I,E,-16.76248051828996,-16.758893698453903
G12D,24,I,F,-9.934128335186397,-9.930541515350342
G12D,24,I,G,-13.875233462520992,-13.871646642684937
G12D,24,I,H,-14.576546242901241,-14.572959423065186
G12D,24,I,K,-14.52741580314294,-14.523828983306885
G12D,24,I,L,-9.069336941906368,-9.065750122070312
G12D,24,I,M,-7.77284627265588,-7.769259452819824
G12D,24,I,N,-10.659933140942012,-10.656346321105957
G12D,24,I,P,-15.984263888069545,-15.98067706823349
G12D,24,I,Q,-14.856479218670284,-14.852892398834229
G12D,24,I,R,-16.00460200614587,-16.001015186309814
G12D,24,I,S,-11.453283837505733,-11.449697017669678
G12D,24,I,T,-6.191039136120235,-6.18745231628418
G12D,24,I,V,-7.288764050671016,-7.285177230834961
G12D,24,I,W,-14.99663024253503,-14.993043422698975
G12D,24,I,Y,-13.18790369338647,-13.184316873550415
WT,25,Q,A,-9.970128906381323,-9.966218948364258
WT,25,Q,C,-9.511850250375463,-9.507940292358398
WT,25,Q,D,-11.64437187970896,-11.640461921691895
WT,25,Q,E,-9.728228462350561,-9.724318504333496
WT,25,Q,F,-11.958059204232885,-11.95414924621582
WT,25,Q,G,-10.659353626382543,-10.655443668365479
WT,25,Q,H,-7.275554550302221,-7.271644592285156
WT,25,Q,I,-10.59559382261057,-10.591683864593506
WT,25,Q,K,-6.644787681710913,-6.640877723693848
WT,25,Q,L,-7.413525474679663,-7.409615516662598
WT,25,Q,M,-9.246183288705542,-9.242273330688477
WT,25,Q,N,-8.575084579599096,-8.571174621582031
WT,25,Q,P,-14.657667053353979,-14.653757095336914
WT,25,Q,R,-8.078862083566381,-8.074952125549316
WT,25,Q,S,-8.544876945626928,-8.540966987609863
WT,25,Q,T,-8.732828987252905,-8.72891902923584
WT,25,Q,V,-10.461100948465063,-10.457190990447998
WT,25,Q,W,-12.087787998330786,-12.08387804031372
WT,25,Q,Y,-9.498003852975561,-9.494093894958496
G12D,25,Q,A,-10.024129479267092,-10.019731521606445
G12D,25,Q,C,-9.185288040973635,-9.180890083312988
G12D,25,Q,D,-11.08175238881299,-11.077354431152344
G12D,25,Q,E,-9.01378592763135,-9.009387969970703
G12D,25,Q,F,-11.323445885517092,-11.319047927856445
G12D,25,Q,G,-10.523051827289553,-10.518653869628906
G12D,25,Q,H,-6.887674897052737,-6.88327693939209
G12D,25,Q,I,-10.378344147541018,-10.373946189880371
G12D,25,Q,K,-6.828261940814944,-6.823863983154297
G12D,25,Q,L,-7.203051178791018,-7.198653221130371
G12D,25,Q,M,-9.38971480641553,-9.385316848754883
G12D,25,Q,N,-8.645506470539065,-8.641108512878418
G12D,25,Q,P,-12.858938782550783,-12.854540824890137
G12D,25,Q,R,-7.769455521442385,-7.765057563781738
G12D,25,Q,S,-8.487495034076662,-8.483097076416016
G12D,25,Q,T,-8.910486786701174,-8.906088829040527
G12D,25,Q,V,-10.2785535744209,-10.274155616760254
G12D,25,Q,W,-11.316914646961184,-11.312516689300537
G12D,25,Q,Y,-9.107041924335451,-9.102643966674805
WT,26,N,A,-8.15728430380932,-8.032750129699707
WT,26,N,C,-8.05698208441845,-7.932447910308838
WT,26,N,D,-6.40475515952221,-6.280220985412598
WT,26,N,E,-9.353744550849115,-9.229210376739502
WT,26,N,F,-12.09260301222912,-11.968068838119507
WT,26,N,G,-7.582360311652337,-7.457826137542725
WT,26,N,H,-7.198201223517572,-7.073667049407959
WT,26,N,I,-11.374188467169915,-11.249654293060303
WT,26,N,K,-7.98071484198681,-7.856180667877197
WT,26,N,L,-11.385129018927728,-11.260594844818115
WT,26,N,M,-10.351143404151117,-10.226609230041504
WT,26,N,P,-13.86165384879223,-13.737119674682617
WT,26,N,Q,-7.803820654059564,-7.679286479949951
WT,26,N,R,-9.896895452643548,-9.772361278533936
WT,26,N,S,-2.19600443472973,-2.071470260620117
WT,26,N,T,-6.632129236365472,-6.507595062255859
WT,26,N,V,-11.490212722922479,-11.365678548812866
WT,26,N,W,-13.704407259131585,-13.579873085021973
WT,26,N,Y,-10.357423349524652,-10.232889175415039
G12D,26,N,A,-7.663912014817292,-7.485340595245361
G12D,26,N,C,-7.510318474625642,-7.331747055053711
G12D,26,N,D,-6.204724984025056,-6.026153564453125
G12D,26,N,E,-8.860799507950837,-8.682228088378906
G12D,26,N,F,-10.999561982010896,-10.820990562438965
G12D,26,N,G,-7.040203766678864,-6.861632347106934
G12D,26,N,H,-6.695807175492341,-6.51723575592041
G12D,26,N,I,-10.219635681962068,-10.041064262390137
G12D,26,N,K,-7.230853752945954,-7.052282333374023
G12D,26,N,L,-10.422188000535066,-10.243616580963135
G12D,26,N,M,-9.75981731877237,-9.58124589920044
G12D,26,N,P,-12.965778784607942,-12.78720736503601
G12D,26,N,Q,-7.438062386368806,-7.259490966796875
G12D,26,N,R,-9.043897347306306,-8.865325927734375
G12D,26,N,S,-1.8682066963663644,-1.6896352767944336
G12D,26,N,T,-6.1656758354654855,-5.987104415893555
G12D,26,N,V,-10.54035635456949,-10.361784934997559
G12D,26,N,W,-12.711923794602448,-12.533352375030518
G12D,26,N,Y,-9.512419419144685,-9.333847999572754
WT,27,H,A,-9.100258369754416,-9.07044005393982
WT,27,H,C,-8.84241559059487,-8.812597274780273
WT,27,H,D,-10.203133721660238,-10.173315405845642
WT,27,H,E,-11.015560169528586,-10.98574185371399
WT,27,H,F,-7.441200990985495,-7.411382675170898
WT,27,H,G,-10.976543565105063,-10.946725249290466
WT,27,H,I,-9.253061313937765,-9.223242998123169
WT,27,H,K,-10.28021003754006,-10.250391721725464
WT,27,H,L,-7.996115942309958,-7.966297626495361
WT,27,H,M,-9.835339327167135,-9.805521011352539
WT,27,H,N,-6.613665361713034,-6.5838470458984375
WT,27,H,P,-10.606266160319906,-10.57644784450531
WT,27,H,Q,-5.895600576709372,-5.865782260894775
WT,27,H,R,-8.833734054874045,-8.803915739059448
WT,27,H,S,-8.31095864326821,-8.281140327453613
WT,27,H,T,-8.588570614169699,-8.558752298355103
WT,27,H,V,-9.577325721095663,-9.547507405281067
WT,27,H,W,-10.503845949481589,-10.474027633666992
WT,27,H,Y,-3.7665693953739225,-3.736751079559326
G12D,27,H,A,-8.750452012556872,-8.704975605010986
G12D,27,H,C,-8.201190442580065,-8.15571403503418
G12D,27,H,D,-9.178080291289172,-9.132603883743286
G12D,27,H,E,-10.06240078880199,-10.016924381256104
G12D,27,H,F,-6.826418370741687,-6.780941963195801
G12D,27,H,G,-10.480111212271533,-10.434634804725647
G12D,27,H,I,-8.661102027434191,-8.615625619888306
G12D,27,H,K,-9.590703458327136,-9.54522705078125
G12D,27,H,L,-7.242156476515612,-7.196680068969727
G12D,27,H,M,-9.341804952162585,-9.2963285446167
G12D,27,H,N,-6.235570878523669,-6.190094470977783
G12D,27,H,P,-9.734839648741564,-9.689363241195679
G12D,27,H,Q,-5.55675885154613,-5.511282444000244
G12D,27,H,R,-8.028524369734606,-7.983047962188721
G12D,27,H,S,-7.8550953574360225,-7.809618949890137
G12D,27,H,T,-8.307997436064563,-8.262521028518677
G12D,27,H,V,-9.02579280807384,-8.980316400527954
G12D,27,H,W,-9.895692080992541,-9.850215673446655
G12D,27,H,Y,-3.361808270949206,-3.3163318634033203
WT,28,F,A,-13.276334230634165,-13.27305817604065
WT,28,F,C,-11.090985481473398,-11.087709426879883
WT,28,F,D,-15.166943673821878,-15.163667619228363
WT,28,F,E,-15.276148621770334,-15.272872567176819
WT,28,F,G,-15.39257306310792,-15.389297008514404
WT,28,F,H,-10.835690204831552,-10.832414150238037
WT,28,F,I,-11.447707359525156,-11.44443130493164
WT,28,F,K,-15.48386282179017,-15.480586767196655
WT,28,F,L,-9.935838405820322,-9.932562351226807
WT,28,F,M,-12.194033806058359,-12.190757751464844
WT,28,F,N,-12.808167402478647,-12.804891347885132
WT,28,F,P,-13.83693522665162,-13.833659172058105
WT,28,F,Q,-13.672274057599497,-13.668998003005981
WT,28,F,R,-15.802719448539209,-15.799443393945694
WT,28,F,S,-11.41258162710328,-11.409305572509766
WT,28,F,T,-13.576090280744028,-13.572814226150513
WT,28,F,V,-11.61758822652955,-11.614312171936035
WT,28,F,W,-8.347378914090585,-8.34410285949707
WT,28,F,Y,-5.84283465597291,-5.8395586013793945
G12D,28,F,A,-11.930973222575924,-11.92608094215393
G12D,28,F,C,-9.192294528804561,-9.187402248382568
G12D,28,F,D,-13.074845960460445,-13.069953680038452
G12D,28,F,E,-13.649042537532589,-13.644150257110596
G12D,28,F,G,-13.448627403102657,-13.443735122680664
G12D,28,F,H,-9.990068843684933,-9.98517656326294
G12D,28,F,I,-9.789911678157589,-9.785019397735596
G12D,28,F,K,-13.596917560420772,-13.59202527999878
G12D,28,F,L,-8.228585174403927,-8.223692893981934
G12D,28,F,M,-11.40595238479211,-11.401060104370117
G12D,28,F,N,-11.478506496272823,-11.47361421585083
G12D,28,F,P,-11.913923433147213,-11.90903115272522
G12D,28,F,Q,-12.47323172362878,-12.468339443206787
G12D,28,F,R,-13.302259853206417,-13.297367572784424
G12D,28,F,S,-9.021889617763302,-9.016997337341309
G12D,28,F,T,-12.016777446590206,-12.011885166168213
G12D,28,F,V,-9.872463634334347,-9.867571353912354
G12D,28,F,W,-8.112482478938839,-8.107590198516846
G12D,28,F,Y,-5.554181983791134,-5.549289703369141
WT,29,V,A,-8.851504705198625,-8.847311019897461
WT,29,V,C,-8.729083917387346,-8.724890232086182
WT,29,V,D,-12.518977902181962,-12.514784216880798
WT,29,V,E,-10.936488530882219,-10.932294845581055
WT,29,V,F,-10.398313901670793,-10.394120216369629
WT,29,V,G,-10.716264627226213,-10.712070941925049
WT,29,V,H,-12.529981277235368,-12.525787591934204
WT,29,V,I,-5.828488729246477,-5.8242950439453125
WT,29,V,K,-13.454866848238328,-13.450673162937164
WT,29,V,L,-7.883527658232072,-7.879333972930908
WT,29,V,M,-8.149729631193498,-8.145535945892334
WT,29,V,N,-12.111092708357194,-12.10689902305603
WT,29,V,P,-10.366993568189958,-10.362799882888794
WT,29,V,Q,-11.502545259245256,-11.498351573944092
WT,29,V,R,-13.574364683874467,-13.570170998573303
WT,29,V,S,-10.949237487562517,-10.945043802261353
WT,29,V,T,-9.072017095335344,-9.06782341003418
WT,29,V,W,-13.589812658079484,-13.58561897277832
WT,29,V,Y,-11.635604045637468,-11.631410360336304
G12D,29,V,A,-8.103033807543909,-8.095784187316895
G12D,29,V,C,-8.664210584429895,-8.65696096420288
G12D,29,V,D,-11.324650790957605,-11.31740117073059
G12D,29,V,E,-9.928561475543177,-9.921311855316162
G12D,29,V,F,-9.42998006608883,-9.422730445861816
G12D,29,V,G,-9.595160749224817,-9.587911128997803
G12D,29,V,H,-11.910666015414392,-11.903416395187378
G12D,29,V,I,-5.328988817004358,-5.321739196777344
G12D,29,V,K,-12.489947107104456,-12.482697486877441
G12D,29,V,L,-7.175394323138391,-7.168144702911377
G12D,29,V,M,-7.444438245562708,-7.437188625335693
G12D,29,V,N,-11.488689449099695,-11.48143982887268
G12D,29,V,P,-9.81253030565182,-9.805280685424805
G12D,29,V,Q,-11.057700898913538,-11.050451278686523
G12D,29,V,R,-12.518939998416101,-12.511690378189087
G12D,29,V,S,-10.316867616442835,-10.30961799621582
G12D,29,V,T,-8.604703691271936,-8.597454071044922
G12D,29,V,W,-12.433368232516443,-12.426118612289429
G12D,29,V,Y,-10.932829644946253,-10.925580024719238
WT,30,D,A,-8.217470660278005,-8.14731502532959
WT,30,D,C,-10.577621116706533,-10.507465481758118
WT,30,D,E,-2.790904536315603,-2.7207489013671875
WT,30,D,F,-12.37176085955779,-12.301605224609375
WT,30,D,G,-8.032975211211843,-7.962819576263428
WT,30,D,H,-8.630396857330007,-8.560241222381592
WT,30,D,I,-10.744290008613271,-10.674134373664856
WT,30,D,K,-10.89216281420867,-10.822007179260254
WT,30,D,L,-10.834881677695913,-10.764726042747498
WT,30,D,M,-11.040044798919363,-10.969889163970947
WT,30,D,N,-6.028902068206472,-5.958746433258057
WT,30,D,P,-10.046219720908804,-9.976064085960388
WT,30,D,Q,-8.374172701903982,-8.304017066955566
WT,30,D,R,-12.231339021989507,-12.161183387041092
WT,30,D,S,-8.146921172210378,-8.076765537261963
WT,30,D,T,-6.040070071288747,-5.969914436340332
WT,30,D,V,-9.467412247726125,-9.39725661277771
WT,30,D,W,-12.682050004073782,-12.611894369125366
WT,30,D,Y,-9.629319205352468,-9.559163570404053
G12D,30,D,A,-7.538759613364007,-7.439051628112793
G12D,30,D,C,-9.768732929556634,-9.66902494430542
G12D,30,D,E,-2.4746679309299253,-2.374959945678711
G12D,30,D,F,-11.442980671255853,-11.343272686004639
G12D,30,D,G,-7.350689792959955,-7.25098180770874
G12D,30,D,H,-7.764605903952386,-7.664897918701172
G12D,30,D,I,-9.820310974447992,-9.720602989196777
G12D,30,D,K,-9.640253687231805,-9.54054570198059
G12D,30,D,L,-10.043025160162713,-9.943317174911499
G12D,30,D,M,-10.2725049498966,-10.172796964645386
G12D,30,D,N,-5.488794708578851,-5.389086723327637
G12D,30,D,P,-9.397005701391961,-9.297297716140747
G12D,30,D,Q,-7.749843502371576,-7.650135517120361
G12D,30,D,R,-10.966410303442743,-10.866702318191528
G12D,30,D,S,-7.504469299643304,-7.40476131439209
G12D,30,D,T,-5.7309173587253355,-5.631209373474121
G12D,30,D,V,-8.550648832648065,-8.45094084739685
G12D,30,D,W,-11.831430310337808,-11.731722325086594
G12D,30,D,Y,-8.659104729025628,-8.559396743774414
WT,31,E,A,-7.271852674844702,-7.261698246002197
WT,31,E,C,-10.524808111551245,-10.51465368270874
WT,31,E,D,-4.875131311777075,-4.86497688293457
WT,31,E,F,-12.281825127962072,-12.271670699119568
WT,31,E,G,-8.600195112588843,-8.590040683746338
WT,31,E,H,-10.449500265481909,-10.439345836639404
WT,31,E,I,-11.715722980859717,-11.705568552017212
WT,31,E,K,-9.576682272317846,-9.566527843475342
WT,31,E,L,-10.834739866617163,-10.824585437774658
WT,31,E,M,-11.042860212686499,-11.032705783843994
WT,31,E,N,-9.104685011270483,-9.094530582427979
WT,31,E,P,-13.34622842347904,-13.336073994636536
WT,31,E,Q,-7.681823435190161,-7.671669006347656
WT,31,E,R,-12.047054829957922,-12.036900401115417
WT,31,E,S,-7.471862497690161,-7.461708068847656
WT,31,E,T,-8.77327269590183,-8.763118267059326
WT,31,E,V,-9.189318838479956,-9.179164409637451
WT,31,E,W,-14.055142435195883,-14.044988006353378
WT,31,E,Y,-11.53018826520725,-11.520033836364746
G12D,31,E,A,-6.7575942669242615,-6.741459846496582
G12D,31,E,C,-9.979733148607611,-9.963598728179932
G12D,31,E,D,-4.4374791775077576,-4.421344757080078
G12D,31,E,F,-11.383993545565009,-11.367859125137329
G12D,31,E,G,-8.064059892687201,-8.047925472259521
G12D,31,E,H,-9.740144887956976,-9.724010467529297
G12D,31,E,I,-10.66540781596601,-10.64927339553833
G12D,31,E,K,-8.491191545519232,-8.475057125091553
G12D,31,E,L,-9.952966133150458,-9.936831712722778
G12D,31,E,M,-10.374380031618475,-10.358245611190796
G12D,31,E,N,-8.620214620622992,-8.604080200195312
G12D,31,E,P,-12.481045404466986,-12.464910984039307
G12D,31,E,Q,-7.1756922397941345,-7.159557819366455
G12D,31,E,R,-10.967500844988226,-10.951366424560547
G12D,31,E,S,-7.180868307146429,-7.16473388671875
G12D,31,E,T,-8.215189138445258,-8.199054718017578
G12D,31,E,V,-8.2773486767143,-8.261214256286621
G12D,31,E,W,-13.110025892052054,-13.093891471624374
G12D,31,E,Y,-10.654892126116156,-10.638757705688477
WT,32,Y,A,-13.568819020569117,-13.56751835346222
WT,32,Y,C,-10.043765400230678,-10.04246473312378
WT,32,Y,D,-13.154009316742213,-13.152708649635315
WT,32,Y,E,-15.464536164581569,-15.46323549747467
WT,32,Y,F,-7.672564361870082,-7.671263694763184
WT,32,Y,G,-14.74684748488644,-14.745546817779541
WT,32,Y,H,-7.282064770042689,-7.280764102935791
WT,32,Y,I,-12.739237163841517,-12.73793649673462
WT,32,Y,K,-15.53485355216244,-15.533552885055542
WT,32,Y,L,-10.257133816063197,-10.255833148956299
WT,32,Y,M,-13.11869475680569,-13.117394089698792
WT,32,Y,N,-11.285122011482509,-11.28382134437561
WT,32,Y,P,-13.403884981453212,-13.402584314346313
WT,32,Y,Q,-12.602389310180934,-12.601088643074036
WT,32,Y,R,-12.445432875931056,-12.444132208824158
WT,32,Y,S,-11.864067648231776,-11.862766981124878
WT,32,Y,T,-13.214382384598048,-13.21308171749115
WT,32,Y,V,-12.749137852966578,-12.74783718585968
WT,32,Y,W,-10.875746105491908,-10.87444543838501
G12D,32,Y,A,-11.727046169063119,-11.722113847732544
G12D,32,Y,C,-7.740385450145272,-7.735453128814697
G12D,32,Y,D,-9.75995723130372,-9.755024909973145
G12D,32,Y,E,-12.580241359492806,-12.575309038162231
G12D,32,Y,F,-6.635484613200692,-6.630552291870117
G12D,32,Y,G,-12.353641427775887,-12.348709106445312
G12D,32,Y,H,-5.996675409099129,-5.991743087768555
G12D,32,Y,I,-10.914642728587655,-10.90971040725708
G12D,32,Y,K,-12.874890006801156,-12.869957685470581
G12D,32,Y,L,-8.960859216472176,-8.955926895141602
G12D,32,Y,M,-11.979274190684823,-11.974341869354248
G12D,32,Y,N,-8.989115155955819,-8.984182834625244
G12D,32,Y,P,-11.072199262401131,-11.067266941070557
G12D,32,Y,Q,-10.535758413096932,-10.530826091766357
G12D,32,Y,R,-10.146003640910653,-10.141071319580078
G12D,32,Y,S,-9.280702031871346,-9.275769710540771
G12D,32,Y,T,-11.10292664887574,-11.097994327545166
G12D,32,Y,V,-11.033746637126473,-11.028814315795898
G12D,32,Y,W,-9.478978551646737,-9.474046230316162
WT,33,D,A,-12.142793085479973,-12.142657399177551
WT,33,D,C,-13.353519704246757,-13.353384017944336
WT,33,D,E,-9.804545190239189,-9.804409503936768
WT,33,D,F,-15.676599767112968,-15.676464080810547
WT,33,D,G,-12.613526728058098,-12.613391041755676
WT,33,D,H,-12.167980935478447,-12.167845249176025
WT,33,D,I,-14.923685815239189,-14.923550128936768
WT,33,D,K,-14.542524602318046,-14.542388916015625
WT,33,D,L,-16.269453790092705,-16.269318103790283
WT,33,D,M,-16.773282792473076,-16.773147106170654
WT,33,D,N,-9.98258688678765,-9.98245120048523
WT,33,D,P,-17.30924489727044,-17.309109210968018
WT,33,D,Q,-14.528231885338066,-14.528096199035645
WT,33,D,R,-16.277308251762626,-16.277172565460205
WT,33,D,S,-13.026353027725456,-13.026217341423035
WT,33,D,T,-14.210686471367119,-14.210550785064697
WT,33,D,V,-13.678488042259453,-13.678352355957031
WT,33,D,W,-17.283319260978935,-17.283183574676514
WT,33,D,Y,-11.6111437641623,-11.611008077859879
G12D,33,D,A,-9.284555480472946,-9.282825946807861
G12D,33,D,C,-10.998711512081528,-10.996981978416443
G12D,33,D,E,-7.574526832096481,-7.5727972984313965
G12D,33,D,F,-12.653175622813606,-12.651446089148521
G12D,33,D,G,-9.130126998417282,-9.128397464752197
G12D,33,D,H,-9.336267993442917,-9.334538459777832
G12D,33,D,I,-12.08108066081276,-12.079351127147675
G12D,33,D,K,-11.276382491581344,-11.27465295791626
G12D,33,D,L,-13.17382066010704,-13.172091126441956
G12D,33,D,M,-13.881888673298263,-13.880159139633179
G12D,33,D,N,-7.4221463656352995,-7.420416831970215
G12D,33,D,P,-14.002608463756943,-14.000878930091858
G12D,33,D,Q,-11.714976117603683,-11.713246583938599
G12D,33,D,R,-12.789856270544433,-12.788126736879349
G12D,33,D,S,-10.247971341602707,-10.246241807937622
G12D,33,D,T,-11.215880677692795,-11.21415114402771
G12D,33,D,V,-10.356490418903732,-10.354760885238647
G12D,33,D,W,-14.153673217289352,-14.151943683624268
G12D,33,D,Y,-8.649181411259079,-8.647451877593994
WT,34,P,A,-7.317841684927067,-7.315776109695435
WT,34,P,C,-10.245202458013615,-10.243136882781982
WT,34,P,D,-12.072695171941838,-12.070629596710205
WT,34,P,E,-10.526107704748235,-10.524042129516602
WT,34,P,F,-11.675549900640569,-11.673484325408936
WT,34,P,G,-10.80318728696259,-10.801121711730957
WT,34,P,H,-9.605100548376164,-9.603034973144531
WT,34,P,I,-11.425840771307072,-11.42377519607544
WT,34,P,K,-13.327863609899602,-13.325798034667969
WT,34,P,L,-8.851433432211003,-8.84936785697937
WT,34,P,M,-11.50371686231049,-11.501651287078857
WT,34,P,N,-11.731463348974309,-11.729397773742676
WT,34,P,Q,-7.9611472250119055,-7.959081649780273
WT,34,P,R,-10.838108456243596,-10.836042881011963
WT,34,P,S,-7.675113117803654,-7.6730475425720215
WT,34,P,T,-8.743181383718571,-8.741115808486938
WT,34,P,V,-9.890758192648015,-9.888692617416382
WT,34,P,W,-12.480479633916936,-12.478414058685303
WT,34,P,Y,-11.881557381261906,-11.879491806030273
G12D,34,P,A,-6.12533795111834,-6.1156392097473145
G12D,34,P,C,-9.077702157432427,-9.068003416061401
G12D,34,P,D,-10.095363490516533,-10.085664749145508
G12D,34,P,E,-8.834710292751183,-8.825011551380157
G12D,34,P,F,-10.301272504264702,-10.291573762893677
G12D,34,P,G,-9.554548017913689,-9.544849276542664
G12D,34,P,H,-8.064426176483025,-8.054727435112
G12D,34,P,I,-10.13976883166491,-10.130070090293884
G12D,34,P,K,-10.823556773597588,-10.813858032226562
G12D,34,P,L,-7.120422713691582,-7.110723972320557
G12D,34,P,M,-10.473893277580132,-10.464194536209106
G12D,34,P,N,-10.182455174857964,-10.172756433486938
G12D,34,P,Q,-6.436928503448357,-6.4272297620773315
G12D,34,P,R,-8.199053012067665,-8.18935427069664
G12D,34,P,S,-5.911262147361626,-5.901563405990601
G12D,34,P,T,-6.991958968574394,-6.982260227203369
G12D,34,P,V,-8.426911063725342,-8.417212322354317
G12D,34,P,W,-10.780006043846,-10.770307302474976
G12D,34,P,Y,-10.704059235984673,-10.694360494613647
WT,35,T,A,-11.370880805448218,-11.370799541473389
WT,35,T,C,-12.00289651055686,-12.002815246582031
WT,35,T,D,-15.308206134036704,-15.308124870061874
WT,35,T,E,-14.586286984876319,-14.58620572090149
WT,35,T,F,-14.967572413877173,-14.967491149902344
WT,35,T,G,-14.157740913823767,-14.157659649848938
WT,35,T,H,-14.46500440736167,-14.46492314338684
WT,35,T,I,-11.65204020638816,-11.65195894241333
WT,35,T,K,-14.654163025811835,-14.654081761837006
WT,35,T,L,-13.517938815549536,-13.517857551574707
WT,35,T,M,-12.338170253232642,-12.338088989257812
WT,35,T,N,-11.831309997037573,-11.831228733062744
WT,35,T,P,-13.268973313764258,-13.268892049789429
WT,35,T,Q,-12.967657767728491,-12.967576503753662
WT,35,T,R,-14.400172435239478,-14.400091171264648
WT,35,T,S,-10.391975604489966,-10.391894340515137
WT,35,T,V,-12.879224978879614,-12.879143714904785
WT,35,T,W,-17.39951559205405,-17.399434328079224
WT,35,T,Y,-15.287488095954581,-15.287406831979752
G12D,35,T,A,-8.225908984470353,-8.22444200515747
G12D,35,T,C,-9.80387567453383,-9.802408695220947
G12D,35,T,D,-11.790127267169938,-11.788660287857056
G12D,35,T,E,-11.157603015232072,-11.15613603591919
G12D,35,T,F,-11.448501338291154,-11.447034358978271
G12D,35,T,G,-10.96064542703627,-10.959178447723389
G12D,35,T,H,-11.331737746524796,-11.330270767211914
G12D,35,T,I,-8.315795172977433,-8.31432819366455
G12D,35,T,K,-9.809810866641984,-9.808343887329102
G12D,35,T,L,-10.494986285495743,-10.493519306182861
G12D,35,T,M,-9.402249564456925,-9.400782585144043
G12D,35,T,N,-8.760804404544816,-8.759337425231934
G12D,35,T,P,-9.776233901309952,-9.77476692199707
G12D,35,T,Q,-10.469420184421525,-10.467953205108643
G12D,35,T,R,-10.022430171298966,-10.020963191986084
G12D,35,T,S,-8.114394892978654,-8.112927913665771
G12D,35,T,V,-9.988216151523575,-9.986749172210693
G12D,35,T,W,-13.247196664142594,-13.245729684829712
G12D,35,T,Y,-11.876592625904069,-11.875125646591187
WT,36,I,A,-13.872169983854738,-13.871860176324844
WT,36,I,C,-13.250464809408632,-13.250155001878738
WT,36,I,D,-16.798710924854724,-16.79840111732483
WT,36,I,E,-16.614832264652698,-16.614522457122803
WT,36,I,F,-11.550055724850145,-11.549745917320251
WT,36,I,G,-15.583197933903184,-15.582888126373291
WT,36,I,H,-14.92951498674437,-14.929205179214478
WT,36,I,K,-11.982949120274034,-11.98263931274414
WT,36,I,L,-8.993550640812364,-8.99324083328247
WT,36,I,M,-9.789485317936387,-9.789175510406494
WT,36,I,N,-12.87715093540236,-12.876841127872467
WT,36,I,P,-16.296299082508533,-16.295989274978638
WT,36,I,Q,-14.515969855061021,-14.515660047531128
WT,36,I,R,-13.5616001610665,-13.561290353536606
WT,36,I,S,-13.50544072436377,-13.505130916833878
WT,36,I,T,-11.446542484035936,-11.446232676506042
WT,36,I,V,-9.315147263279405,-9.314837455749512
WT,36,I,W,-15.402135831585374,-15.401826024055481
WT,36,I,Y,-13.041505468359437,-13.041195660829544
G12D,36,I,A,-11.521698489227585,-11.520361423492432
G12D,36,I,C,-12.048792972603135,-12.047455906867981
G12D,36,I,D,-13.622223227658562,-13.620886161923409
G12D,36,I,E,-13.597942128219895,-13.596605062484741
G12D,36,I,F,-9.705826296844773,-9.70448923110962
G12D,36,I,G,-13.230757608452134,-13.22942054271698
G12D,36,I,H,-13.004183604755692,-13.002846539020538
G12D,36,I,K,-9.763833537140183,-9.76249647140503
G12D,36,I,L,-8.074634566345505,-8.073297500610352
G12D,36,I,M,-8.192686572113328,-8.191349506378174
G12D,36,I,N,-10.587100997009568,-10.585763931274414
G12D,36,I,P,-13.433546974697403,-13.43220990896225
G12D,36,I,Q,-12.600364341774277,-12.599027276039124
G12D,36,I,R,-10.967909827270798,-10.966572761535645
G12D,36,I,S,-10.899259820022873,-10.89792275428772
G12D,36,I,T,-9.011081233063035,-9.00974416732788
G12D,36,I,V,-7.846384539642624,-7.845047473907471
G12D,36,I,W,-13.4317093933013,-13.430372327566147
G12D,36,I,Y,-11.422760977783494,-11.42142391204834
WT,37,E,A,-11.046793828430246,-11.04669177532196
WT,37,E,C,-15.250231275978159,-15.250129222869873
WT,37,E,D,-10.631955931606363,-10.631853878498077
WT,37,E,F,-16.673154840889048,-16.67305278778076
WT,37,E,G,-12.336024771156382,-12.335922718048096
WT,37,E,H,-15.737407217445444,-15.737305164337158
WT,37,E,I,-16.436433802070688,-16.436331748962402
WT,37,E,K,-12.737007151069712,-12.736905097961426
WT,37,E,L,-15.346630583229135,-15.34652853012085
WT,37,E,M,-15.528783331337046,-15.52868127822876
WT,37,E,N,-15.260016928138803,-15.259914875030518
WT,37,E,P,-16.288342962684702,-16.288240909576416
WT,37,E,Q,-10.09840516251571,-10.098303109407425
WT,37,E,R,-16.65710688632972,-16.657004833221436
WT,37,E,S,-14.532886038246225,-14.53278398513794
WT,37,E,T,-15.097262392463755,-15.097160339355469
WT,37,E,V,-13.009478817405771,-13.009376764297485
WT,37,E,W,-16.597200403633188,-16.597098350524902
WT,37,E,Y,-16.299985895576548,-16.29988384246826
G12D,37,E,A,-8.135278445108401,-8.132966756820679
G12D,37,E,C,-12.463110071046817,-12.460798382759094
G12D,37,E,D,-7.919939261301028,-7.917627573013306
G12D,37,E,F,-12.656804543359744,-12.654492855072021
G12D,37,E,G,-8.646305304391849,-8.643993616104126
G12D,37,E,H,-11.964687150342929,-11.962375462055206
G12D,37,E,I,-12.28711305223273,-12.284801363945007
G12D,37,E,K,-7.499460202081668,-7.497148513793945
G12D,37,E,L,-11.525992405040729,-11.523680716753006
G12D,37,E,M,-12.060792338474261,-12.058480650186539
G12D,37,E,N,-11.466794159634578,-11.464482471346855
G12D,37,E,P,-12.527332645280826,-12.525020956993103
G12D,37,E,Q,-7.513320427759158,-7.5110087394714355
G12D,37,E,R,-11.41471446715163,-11.412402778863907
G12D,37,E,S,-11.355541598422992,-11.35322991013527
G12D,37,E,T,-11.60258330814408,-11.600271619856358
G12D,37,E,V,-8.816251021249759,-8.813939332962036
G12D,37,E,W,-12.294388991220462,-12.29207730293274
G12D,37,E,Y,-12.29592983089255,-12.293618142604828
WT,38,D,A,-11.96992078678828,-11.969742774963379
WT,38,D,C,-14.444135340621289,-14.443957328796387
WT,38,D,E,-9.07231679814082,-9.072138786315918
WT,38,D,F,-15.455320033004101,-15.4551420211792
WT,38,D,G,-11.997231635024365,-11.997053623199463
WT,38,D,H,-12.520019682814892,-12.51984167098999
WT,38,D,I,-15.17304864781123,-15.172870635986328
WT,38,D,K,-16.14368501560908,-16.14350700378418
WT,38,D,L,-15.913767489363964,-15.913589477539062
WT,38,D,M,-16.733885439803416,-16.733707427978516
WT,38,D,N,-10.250968369414624,-10.250790357589722
WT,38,D,P,-15.802359255721386,-15.802181243896484
WT,38,D,Q,-14.73657289402705,-14.736394882202148
WT,38,D,R,-18.114542635848338,-18.114364624023438
WT,38,D,S,-13.320093306472119,-13.319915294647217
WT,38,D,T,-14.645302447249707,-14.645124435424805
WT,38,D,V,-13.111091288497265,-13.110913276672363
WT,38,D,W,-17.32797399418574,-17.32779598236084
WT,38,D,Y,-12.09969249623042,-12.099514484405518
G12D,38,D,A,-9.900561048805574,-9.899497628211975
G12D,38,D,C,-12.323378398239473,-12.322314977645874
G12D,38,D,E,-7.574274971306185,-7.5732115507125854
G12D,38,D,F,-13.026641919433931,-13.025578498840332
G12D,38,D,G,-9.80350585204349,-9.80244243144989
G12D,38,D,H,-10.191836192428926,-10.190772771835327
G12D,38,D,I,-12.482852294266085,-12.481788873672485
G12D,38,D,K,-13.17947967272983,-13.17841625213623
G12D,38,D,L,-13.416118695556978,-13.415055274963379
G12D,38,D,M,-14.422384335815767,-14.421320915222168
G12D,38,D,N,-8.198562993824343,-8.197499573230743
G12D,38,D,P,-13.606421067535738,-13.605357646942139
G12D,38,D,Q,-12.58476121646152,-12.58369779586792
G12D,38,D,R,-14.705242230713228,-14.704178810119629
G12D,38,D,S,-11.252895190536837,-11.251831769943237
G12D,38,D,T,-12.324592425644258,-12.32352900505066
G12D,38,D,V,-10.494903280556063,-10.493839859962463
G12D,38,D,W,-14.67922742587314,-14.678164005279541
G12D,38,D,Y,-9.679194404899935,-9.678130984306335
WT,39,S,A,-7.421595597988393,-7.420625686645508
WT,39,S,C,-9.604534412151601,-9.603564500808716
WT,39,S,D,-13.844178224331166,-13.843208312988281
WT,39,S,E,-14.333309198147084,-14.3323392868042
WT,39,S,F,-10.979919994598653,-10.978950083255768
WT,39,S,G,-10.326426172977712,-10.325456261634827
WT,39,S,H,-12.66033002210262,-12.659360110759735
WT,39,S,I,-13.573686862713124,-13.57271695137024
WT,39,S,K,-14.31286099029186,-14.311891078948975
WT,39,S,L,-11.131039524799611,-11.130069613456726
WT,39,S,M,-13.292650008922841,-13.291680097579956
WT,39,S,N,-8.77482297492626,-8.773853063583374
WT,39,S,P,-11.948079163557317,-11.947109252214432
WT,39,S,Q,-11.150322461849477,-11.149352550506592
WT,39,S,R,-13.930006528621938,-13.929036617279053
WT,39,S,T,-9.990654612308767,-9.989684700965881
WT,39,S,V,-13.291370297199514,-13.290400385856628
WT,39,S,W,-14.316241050487783,-14.315271139144897
WT,39,S,Y,-11.93461214972141,-11.933642238378525
G12D,39,S,A,-7.036069650550806,-7.0344624519348145
G12D,39,S,C,-8.777065057655298,-8.775457859039307
G12D,39,S,D,-12.770655382772409,-12.769048184156418
G12D,39,S,E,-13.320215244193994,-13.318608045578003
G12D,39,S,F,-9.764904041191064,-9.763296842575073
G12D,39,S,G,-9.791397828956567,-9.789790630340576
G12D,39,S,H,-11.888602871795618,-11.886995673179626
G12D,39,S,I,-12.212745536466562,-12.21113833785057
G12D,39,S,K,-12.938614685436212,-12.937007486820221
G12D,39,S,L,-10.022153873344385,-10.020546674728394
G12D,39,S,M,-12.609578360219919,-12.607971161603928
G12D,39,S,N,-8.409879941841089,-8.408272743225098
G12D,39,S,P,-10.785284418960535,-10.783677220344543
G12D,39,S,Q,-10.844161529441797,-10.842554330825806
G12D,39,S,R,-12.23634551872822,-12.234738320112228
G12D,39,S,T,-9.24948431958767,-9.24787712097168
G12D,39,S,V,-12.096191231509172,-12.09458403289318
G12D,39,S,W,-13.056677956481897,-13.055070757865906
G12D,39,S,Y,-10.821868557830774,-10.820261359214783
WT,40,Y,A,-15.5812621747632,-15.580360293388367
WT,40,Y,C,-12.726587358631608,-12.725685477256775
WT,40,Y,D,-15.090829733528611,-15.089927852153778
WT,40,Y,E,-18.33735818020296,-18.336456298828125
WT,40,Y,F,-7.061647120632646,-7.0607452392578125
WT,40,Y,G,-16.391765180744645,-16.390863299369812
WT,40,Y,H,-10.534726325191972,-10.533824443817139
WT,40,Y,I,-15.614975992359636,-15.614074110984802
WT,40,Y,K,-18.002586308636186,-18.001684427261353
WT,40,Y,L,-13.500967088856218,-13.500065207481384
WT,40,Y,M,-15.555775109447953,-15.55487322807312
WT,40,Y,N,-12.237649861492631,-12.236747980117798
WT,40,Y,P,-17.3836166297574,-17.38271474838257
WT,40,Y,Q,-15.49255401245546,-15.491652131080627
WT,40,Y,R,-17.61868781200838,-17.617785930633545
WT,40,Y,S,-13.912250730909822,-13.911348849534988
WT,40,Y,T,-15.11399710527849,-15.113095223903656
WT,40,Y,V,-15.80794698349428,-15.807045102119446
WT,40,Y,W,-12.26081174961519,-12.259909868240356
G12D,40,Y,A,-14.415756918545974,-14.414284110069275
G12D,40,Y,C,-10.927812911626113,-10.926340103149414
G12D,40,Y,D,-12.767130471822036,-12.765657663345337
G12D,40,Y,E,-16.272319175359023,-16.270846366882324
G12D,40,Y,F,-6.6439708248341205,-6.642498016357422
G12D,40,Y,G,-14.768541552182448,-14.76706874370575
G12D,40,Y,H,-9.254048205968154,-9.252575397491455
G12D,40,Y,I,-14.144179917927993,-14.142707109451294
G12D,40,Y,K,-16.111302711125624,-16.109829902648926
G12D,40,Y,L,-12.382455445882094,-12.380982637405396
G12D,40,Y,M,-14.582501031514418,-14.58102822303772
G12D,40,Y,N,-10.744812347050917,-10.743339538574219
G12D,40,Y,P,-15.499876834508193,-15.498404026031494
G12D,40,Y,Q,-14.118334747906935,-14.116861939430237
G12D,40,Y,R,-15.594642646666777,-15.593169838190079
G12D,40,Y,S,-12.103520251866591,-12.102047443389893
G12D,40,Y,T,-13.613686420079482,-13.612213611602783
G12D,40,Y,V,-14.324602998849166,-14.323130190372467
G12D,40,Y,W,-11.421084262486708,-11.41961145401001
WT,41,R,A,-13.568789009216097,-13.568467855453491
WT,41,R,C,-10.724277738693026,-10.72395658493042
WT,41,R,D,-16.303667847278383,-16.303346693515778
WT,41,R,E,-15.617060903671053,-15.616739749908447
WT,41,R,F,-15.194286588790682,-15.193965435028076
WT,41,R,G,-12.071578268173006,-12.0712571144104
WT,41,R,H,-10.233119253280428,-10.232798099517822
WT,41,R,I,-12.925351862075594,-12.925030708312988
WT,41,R,K,-9.442611459853914,-9.442290306091309
WT,41,R,L,-10.976960424545076,-10.97663927078247
WT,41,R,M,-12.684059385421541,-12.683738231658936
WT,41,R,N,-11.573209528091219,-11.572888374328613
WT,41,R,P,-13.356944564941195,-13.356623411178589
WT,41,R,Q,-9.76907086766031,-9.768749713897705
WT,41,R,S,-9.843652013900545,-9.84333086013794
WT,41,R,T,-10.785513166549471,-10.785192012786865
WT,41,R,V,-13.514141563537386,-13.51382040977478
WT,41,R,W,-14.792754892471102,-14.792433738708496
WT,41,R,Y,-14.893686060073641,-14.893364906311035
G12D,41,R,A,-12.050348366132368,-12.047760963439941
G12D,41,R,C,-8.07191475712358,-8.069327354431152
G12D,41,R,D,-13.166413391461958,-13.163825988769531
G12D,41,R,E,-12.260872448316206,-12.25828504562378
G12D,41,R,F,-12.00963219486772,-12.007044792175293
G12D,41,R,G,-9.443128670087447,-9.44054126739502
G12D,41,R,H,-7.752037132611861,-7.749449729919434
G12D,41,R,I,-10.361065948835005,-10.358478546142578
G12D,41,R,K,-8.116468513837447,-8.11388111114502
G12D,41,R,L,-8.711321915021529,-8.708734512329102
G12D,41,R,M,-10.71018036686479,-10.707592964172363
G12D,41,R,N,-9.973160827985396,-9.970573425292969
G12D,41,R,P,-9.696547592511763,-9.693960189819336
G12D,41,R,Q,-7.645840729108443,-7.643253326416016
G12D,41,R,S,-8.004718864789595,-8.002131462097168
G12D,41,R,T,-9.332113350263228,-9.3295259475708
G12D,41,R,V,-11.344183052411665,-11.341595649719238
G12D,41,R,W,-9.856424892774214,-9.853837490081787
G12D,41,R,Y,-11.44482859455644,-11.442241191864014
WT,42,K,A,-14.013286087478583,-14.013161182403564
WT,42,K,C,-15.594092938865607,-15.593968033790588
WT,42,K,D,-17.315613362754767,-17.31548845767975
WT,42,K,E,-12.834900352920478,-12.834775447845459
WT,42,K,F,-18.95425555464167,-18.95413064956665
WT,42,K,G,-14.830742213691657,-14.830617308616638
WT,42,K,H,-14.767464849914496,-14.767339944839478
WT,42,K,I,-14.47342560049433,-14.473300695419312
WT,42,K,L,-15.56327471491236,-15.563149809837341
WT,42,K,M,-13.006423208679145,-13.006298303604126
WT,42,K,N,-12.270254347289985,-12.270129442214966
WT,42,K,P,-16.624521348442023,-16.624396443367004
WT,42,K,Q,-11.108851406539863,-11.108726501464844
WT,42,K,R,-9.409205410446113,-9.409080505371094
WT,42,K,S,-13.856621715988105,-13.856496810913086
WT,42,K,T,-11.187282535995429,-11.18715763092041
WT,42,K,V,-14.450565669502204,-14.450440764427185
WT,42,K,W,-18.292250130142158,-18.29212522506714
WT,42,K,Y,-17.165885601009315,-17.165760695934296
G12D,42,K,A,-13.397948335839153,-13.397735834121704
G12D,42,K,C,-15.083916377259136,-15.083703875541687
G12D,42,K,D,-16.107288507727624,-16.107076006010175
G12D,42,K,E,-11.642530750466229,-11.64231824874878
G12D,42,K,F,-17.831998657418133,-17.831786155700684
G12D,42,K,G,-14.19626779480064,-14.196055293083191
G12D,42,K,H,-14.142772268486858,-14.14255976676941
G12D,42,K,I,-13.45868427677238,-13.458471775054932
G12D,42,K,L,-14.618280362320782,-14.618067860603333
G12D,42,K,M,-12.167424987984539,-12.16721248626709
G12D,42,K,N,-11.580346416664959,-11.58013391494751
G12D,42,K,P,-15.858248066140057,-15.858035564422607
G12D,42,K,Q,-10.53154213352287,-10.53132963180542
G12D,42,K,R,-8.991399597359539,-8.99118709564209
G12D,42,K,S,-13.269059728814007,-13.268847227096558
G12D,42,K,T,-10.482866119576336,-10.482653617858887
G12D,42,K,V,-13.531344961357952,-13.531132459640503
G12D,42,K,W,-17.081339191628338,-17.08112668991089
G12D,42,K,Y,-16.25677561385715,-16.256563112139702
WT,43,Q,A,-10.45790646416443,-10.45615291595459
WT,43,Q,C,-11.475397804801638,-11.473644256591797
WT,43,Q,D,-12.680911520545656,-12.679157972335815
WT,43,Q,E,-10.496120670859987,-10.494367122650146
WT,43,Q,F,-13.522631624763186,-13.520878076553345
WT,43,Q,G,-11.196261147086794,-11.194507598876953
WT,43,Q,H,-7.835914352958376,-7.834160804748535
WT,43,Q,I,-10.875169972007448,-10.873416423797607
WT,43,Q,K,-8.79451535088318,-8.79276180267334
WT,43,Q,L,-8.99252436501282,-8.990770816802979
WT,43,Q,M,-10.582605103080446,-10.580851554870605
WT,43,Q,N,-8.275592545097048,-8.273838996887207
WT,43,Q,P,-8.148435333793337,-8.146681785583496
WT,43,Q,R,-8.975012043540652,-8.97325849533081
WT,43,Q,S,-8.923721054618532,-8.921967506408691
WT,43,Q,T,-8.952191570823366,-8.950438022613525
WT,43,Q,V,-11.362890461509402,-11.36113691329956
WT,43,Q,W,-14.220711687629397,-14.218958139419556
WT,43,Q,Y,-12.045250156943972,-12.04349660873413
G12D,43,Q,A,-10.213074252867822,-10.2102370262146
G12D,43,Q,C,-10.758087680602197,-10.755250453948975
G12D,43,Q,D,-11.819472835326318,-11.816635608673096
G12D,43,Q,E,-9.474421069884423,-9.471583843231201
G12D,43,Q,F,-12.648819968962792,-12.64598274230957
G12D,43,Q,G,-10.801582858824853,-10.79874563217163
G12D,43,Q,H,-7.261081741118554,-7.258244514465332
G12D,43,Q,I,-10.257185504698876,-10.254348278045654
G12D,43,Q,K,-8.326480911040429,-8.323643684387207
G12D,43,Q,L,-8.263448760771874,-8.260611534118652
G12D,43,Q,M,-10.13931755807412,-10.136480331420898
G12D,43,Q,N,-8.100197837615136,-8.097360610961914
G12D,43,Q,P,-7.653245971465234,-7.650408744812012
G12D,43,Q,R,-8.351559684538964,-8.348722457885742
G12D,43,Q,S,-8.659857795500878,-8.657020568847656
G12D,43,Q,T,-8.700266406798486,-8.697429180145264
G12D,43,Q,V,-10.790932224059228,-10.788094997406006
G12D,43,Q,W,-13.12085299279702,-13.118015766143799
G12D,43,Q,Y,-11.270574138426904,-11.267736911773682
WT,44,V,A,-5.17893281670127,-5.06783390045166
WT,44,V,C,-2.9048096248677737,-2.793710708618164
WT,44,V,D,-13.335033805089331,-13.223934888839722
WT,44,V,E,-12.028121144490576,-11.917022228240967
WT,44,V,F,-10.211712510304785,-10.100613594055176
WT,44,V,G,-8.841289193349219,-8.73019027709961
WT,44,V,H,-11.377347142415381,-11.266248226165771
WT,44,V,I,-5.943029076772071,-5.831930160522461
WT,44,V,K,-13.599476010518408,-13.488377094268799
WT,44,V,L,-7.142475754933692,-7.031376838684082
WT,44,V,M,-7.611067444997168,-7.499968528747559
WT,44,V,N,-9.291392476277686,-9.180293560028076
WT,44,V,P,-10.153029591756201,-10.041930675506592
WT,44,V,Q,-10.377371937947608,-10.266273021697998
WT,44,V,R,-11.893961579518653,-11.782862663269043
WT,44,V,S,-6.991411835866309,-6.880312919616699
WT,44,V,T,-3.230381638722754,-3.1192827224731445
WT,44,V,W,-13.635903746800757,-13.524804830551147
WT,44,V,Y,-11.435833604054785,-11.324734687805176
G12D,44,V,A,-5.083745510996021,-4.975677490234375
G12D,44,V,C,-2.884348423898853,-2.776280403137207
G12D,44,V,D,-12.644076378763355,-12.536008358001709
G12D,44,V,E,-11.318154366434253,-11.210086345672607
G12D,44,V,F,-9.709664853037037,-9.60159683227539
G12D,44,V,G,-8.58783772748772,-8.479769706726074
G12D,44,V,H,-11.314924271524585,-11.20685625076294
G12D,44,V,I,-5.707459958017505,-5.599391937255859
G12D,44,V,K,-13.134668858469166,-13.02660083770752
G12D,44,V,L,-6.8846545533544194,-6.776586532592773
G12D,44,V,M,-7.434655697763599,-7.326587677001953
G12D,44,V,N,-9.447463066995777,-9.33939504623413
G12D,44,V,P,-10.121439965189136,-10.01337194442749
G12D,44,V,Q,-10.422009022653736,-10.31394100189209
G12D,44,V,R,-11.305192978799976,-11.19712495803833
G12D,44,V,S,-7.159237416208423,-7.051169395446777
G12D,44,V,T,-3.376270802438892,-3.268202781677246
G12D,44,V,W,-13.020817549646534,-12.912749528884888
G12D,44,V,Y,-11.160091908395923,-11.052023887634277
WT,45,V,A,-6.870815135445575,-6.854379653930664
WT,45,V,C,-8.39753661295412,-8.381101131439209
WT,45,V,D,-10.736436702218036,-10.720001220703125
WT,45,V,E,-10.329586364235858,-10.313150882720947
WT,45,V,F,-9.479011870827655,-9.462576389312744
WT,45,V,G,-9.279037810769061,-9.26260232925415
WT,45,V,H,-10.503019668068866,-10.486584186553955
WT,45,V,I,-4.738177157845477,-4.721741676330566
WT,45,V,K,-11.487726546730975,-11.471291065216064
WT,45,V,L,-6.623487330880145,-6.607051849365234
WT,45,V,M,-5.751781321969013,-5.735345840454102
WT,45,V,N,-8.686758853402118,-8.670323371887207
WT,45,V,P,-10.310623027291278,-10.294187545776367
WT,45,V,Q,-8.888244010415058,-8.871808528900146
WT,45,V,R,-11.953624106850604,-11.937188625335693
WT,45,V,S,-8.305069781746845,-8.288634300231934
WT,45,V,T,-7.006280757393817,-6.989845275878906
WT,45,V,W,-13.862570144143085,-13.846134662628174
WT,45,V,Y,-11.131677009072284,-11.115241527557373
G12D,45,V,A,-6.531993588123303,-6.510638236999512
G12D,45,V,C,-8.155351360950451,-8.13399600982666
G12D,45,V,D,-10.202176769885998,-10.180821418762207
G12D,45,V,E,-9.77804823747633,-9.756692886352539
G12D,45,V,F,-8.908014019641858,-8.886658668518066
G12D,45,V,G,-8.954836090717297,-8.933480739593506
G12D,45,V,H,-10.176221092853527,-10.154865741729736
G12D,45,V,I,-4.500526150379162,-4.479170799255371
G12D,45,V,K,-11.007555206928235,-10.986199855804443
G12D,45,V,L,-6.243004521045666,-6.221649169921875
G12D,45,V,M,-5.5339247786140255,-5.512569427490234
G12D,45,V,N,-8.415310581836682,-8.39395523071289
G12D,45,V,P,-10.012197216663342,-9.99084186553955
G12D,45,V,Q,-8.709674080524426,-8.688318729400635
G12D,45,V,R,-11.384105881366711,-11.36275053024292
G12D,45,V,S,-7.97687693468092,-7.955521583557129
G12D,45,V,T,-6.757256230030041,-6.73590087890625
G12D,45,V,W,-13.08031054368971,-13.058955192565918
G12D,45,V,Y,-10.626070221576672,-10.60471487045288
WT,46,I,A,-7.21727451237029,-7.185142517089844
WT,46,I,C,-8.510236109812917,-8.47810411453247
WT,46,I,D,-13.128775502761068,-13.096643507480621
WT,46,I,E,-11.741162146647634,-11.709030151367188
WT,46,I,F,-8.486590231974782,-8.454458236694336
WT,46,I,G,-11.404563869555654,-11.372431874275208
WT,46,I,H,-11.425954188426198,-11.393822193145752
WT,46,I,K,-10.361294354518117,-10.329162359237671
WT,46,I,L,-5.125440920909108,-5.093308925628662
WT,46,I,M,-6.775344218333425,-6.7432122230529785
WT,46,I,N,-9.407153214533986,-9.37502121925354
WT,46,I,P,-12.903512920458974,-12.871380925178528
WT,46,I,Q,-9.804961051066579,-9.772829055786133
WT,46,I,R,-10.887220944483937,-10.855088949203491
WT,46,I,S,-8.329060401042165,-8.296928405761719
WT,46,I,T,-5.057031478007497,-5.024899482727051
WT,46,I,V,-4.102767790873708,-4.070635795593262
WT,46,I,W,-11.413789595683278,-11.381657600402832
WT,46,I,Y,-10.513946856578054,-10.481814861297607
G12D,46,I,A,-7.034049305956273,-6.993903636932373
G12D,46,I,C,-8.487996373217015,-8.447850704193115
G12D,46,I,D,-12.467614028494268,-12.427468359470367
G12D,46,I,E,-11.131738934557347,-11.091593265533447
G12D,46,I,F,-8.11816195015183,-8.07801628112793
G12D,46,I,G,-11.159156832735448,-11.119011163711548
G12D,46,I,H,-11.216353449861913,-11.176207780838013
G12D,46,I,K,-9.792859826128392,-9.752714157104492
G12D,46,I,L,-4.986358437578588,-4.9462127685546875
G12D,46,I,M,-6.559876713793187,-6.519731044769287
G12D,46,I,N,-9.283303294222264,-9.243157625198364
G12D,46,I,P,-12.508475217859655,-12.468329548835754
G12D,46,I,Q,-9.737962517778783,-9.697816848754883
G12D,46,I,R,-10.269161734621434,-10.229016065597534
G12D,46,I,S,-8.16932276252976,-8.12917709350586
G12D,46,I,T,-5.025559220354467,-4.985413551330566
G12D,46,I,V,-3.7930381632255603,-3.75289249420166
G12D,46,I,W,-11.249828610460668,-11.209682941436768
G12D,46,I,Y,-10.409245762865453,-10.369100093841553
WT,47,D,A,-8.856080971281415,-8.85185432434082
WT,47,D,C,-11.447888813536053,-11.443662166595459
WT,47,D,E,-6.3816609006332214,-6.377434253692627
WT,47,D,F,-12.696245871107465,-12.69201922416687
WT,47,D,G,-7.953095398466473,-7.948868751525879
WT,47,D,H,-9.11609216741789,-9.111865520477295
WT,47,D,I,-12.932012162725812,-12.927785515785217
WT,47,D,K,-11.662311993162518,-11.658085346221924
WT,47,D,L,-12.706807694952374,-12.70258104801178
WT,47,D,M,-13.757690421860104,-13.75346377491951
WT,47,D,N,-6.525440178434735,-6.521213531494141
WT,47,D,P,-12.602819285910016,-12.598592638969421
WT,47,D,Q,-10.358126125852948,-10.353899478912354
WT,47,D,R,-12.444841585676556,-12.440614938735962
WT,47,D,S,-8.864600143949872,-8.860373497009277
WT,47,D,T,-10.591253958265668,-10.587027311325073
WT,47,D,V,-10.112977943937665,-10.10875129699707
WT,47,D,W,-15.16929861120451,-15.165071964263916
WT,47,D,Y,-8.81820579580534,-8.813979148864746
G12D,47,D,A,-7.908058253522615,-7.898475646972656
G12D,47,D,C,-10.406789866681795,-10.397207260131836
G12D,47,D,E,-5.82763108372281,-5.818048477172852
G12D,47,D,F,-11.4250672733743,-11.41548466682434
G12D,47,D,G,-6.898015109296541,-6.888432502746582
G12D,47,D,H,-8.048787204023103,-8.039204597473145
G12D,47,D,I,-11.372455683942537,-11.362873077392578
G12D,47,D,K,-10.611725417371492,-10.602142810821533
G12D,47,D,L,-11.553973046537141,-11.544390439987183
G12D,47,D,M,-12.833155719037752,-12.823573112487793
G12D,47,D,N,-5.692208377118806,-5.682625770568848
G12D,47,D,P,-11.812426892514925,-11.802844285964966
G12D,47,D,Q,-9.723432151075105,-9.713849544525146
G12D,47,D,R,-11.365711299176912,-11.356128692626953
G12D,47,D,S,-8.188006011243562,-8.178423404693604
G12D,47,D,T,-9.795446006055574,-9.785863399505615
G12D,47,D,V,-8.563891497846345,-8.554308891296387
G12D,47,D,W,-13.75834306835721,-13.748760461807251
G12D,47,D,Y,-7.184370127912263,-7.174787521362305
WT,48,G,A,-6.179320841098473,-6.133322715759277
WT,48,G,C,-8.744101076389,-8.698102951049805
WT,48,G,D,-4.04864552524154,-4.002647399902344
WT,48,G,E,-4.966421156192467,-4.9204230308532715
WT,48,G,F,-12.338287859225915,-12.292289733886719
WT,48,G,H,-8.220584421420739,-8.174586296081543
WT,48,G,I,-12.820914058948205,-12.774915933609009
WT,48,G,K,-8.02540448215072,-7.979406356811523
WT,48,G,L,-11.764141111636803,-11.718142986297607
WT,48,G,M,-11.229833899999306,-11.18383577466011
WT,48,G,N,-4.933246164584801,-4.8872480392456055
WT,48,G,P,-12.864033370280907,-12.818035244941711
WT,48,G,Q,-7.550364284778283,-7.504366159439087
WT,48,G,R,-7.438067941928551,-7.3920698165893555
WT,48,G,S,-4.714627294803307,-4.668629169464111
WT,48,G,T,-8.08450511004989,-8.038506984710693
WT,48,G,V,-9.79590406920974,-9.749905943870544
WT,48,G,W,-11.140557347798989,-11.094559222459793
WT,48,G,Y,-10.616272746587441,-10.570274621248245
G12D,48,G,A,-6.096475382674216,-6.0446014404296875
G12D,48,G,C,-8.140121241438864,-8.088247299194336
G12D,48,G,D,-3.855459948409079,-3.803586006164551
G12D,48,G,E,-4.766902228224753,-4.715028285980225
G12D,48,G,F,-11.61889255546379,-11.567018613219261
G12D,48,G,H,-8.18580319486904,-8.133929252624512
G12D,48,G,I,-11.792714377272604,-11.740840435028076
G12D,48,G,K,-7.717604418623923,-7.6657304763793945
G12D,48,G,L,-11.097039749253272,-11.045165807008743
G12D,48,G,M,-11.037842144597052,-10.985968202352524
G12D,48,G,N,-5.023582716811179,-4.97170877456665
G12D,48,G,P,-12.514917393553732,-12.463043451309204
G12D,48,G,Q,-7.689024229872702,-7.637150287628174
G12D,48,G,R,-6.8766448696737275,-6.824770927429199
G12D,48,G,S,-4.714864989150046,-4.662991046905518
G12D,48,G,T,-8.096669693816184,-8.044795751571655
G12D,48,G,V,-8.837164183485983,-8.785290241241455
G12D,48,G,W,-10.097219010222434,-10.045345067977905
G12D,48,G,Y,-10.146681924689291,-10.094807982444763
WT,49,E,A,-5.444610617669639,-5.230600357055664
WT,49,E,C,-8.909152529748496,-8.695142269134521
WT,49,E,D,-3.262777350457725,-3.04876708984375
WT,49,E,F,-10.061759017022666,-9.847748756408691
WT,49,E,G,-6.156670592340049,-5.942660331726074
WT,49,E,H,-5.121016524346885,-4.90700626373291
WT,49,E,I,-7.993257544549522,-7.779247283935547
WT,49,E,K,-4.163443587335166,-3.9494333267211914
WT,49,E,L,-6.984711669000205,-6.7707014083862305
WT,49,E,M,-7.576855681451377,-7.362845420837402
WT,49,E,N,-4.682380698236045,-4.46837043762207
WT,49,E,P,-8.907831213983116,-8.69382095336914
WT,49,E,Q,-2.256294272454795,-2.0422840118408203
WT,49,E,R,-5.894390128167686,-5.680379867553711
WT,49,E,S,-5.76139070800167,-5.547380447387695
WT,49,E,T,-6.021969817193565,-5.80795955657959
WT,49,E,V,-6.409904501946983,-6.195894241333008
WT,49,E,W,-11.015348933251914,-10.80133867263794
WT,49,E,Y,-7.999802611383018,-7.785792350769043
G12D,49,E,A,-5.45630918537092,-5.26963996887207
G12D,49,E,C,-8.79250417743635,-8.6058349609375
G12D,49,E,D,-3.213197574958322,-3.0265283584594727
G12D,49,E,F,-9.994951114997384,-9.808281898498535
G12D,49,E,G,-5.960939274177072,-5.774270057678223
G12D,49,E,H,-5.317137585029123,-5.130468368530273
G12D,49,E,I,-7.704409466132638,-7.517740249633789
G12D,49,E,K,-4.060715542182443,-3.8740463256835938
G12D,49,E,L,-6.859435901984689,-6.67276668548584
G12D,49,E,M,-7.496106968268869,-7.3094377517700195
G12D,49,E,N,-4.9402168849558805,-4.753547668457031
G12D,49,E,P,-9.0258997539134,-8.83923053741455
G12D,49,E,Q,-2.506929264411447,-2.3202600479125977
G12D,49,E,R,-5.837167606696603,-5.650498390197754
G12D,49,E,S,-6.074014530524728,-5.887345314025879
G12D,49,E,T,-6.156669483527658,-5.970000267028809
G12D,49,E,V,-6.100812778815744,-5.9141435623168945
G12D,49,E,W,-10.679144249305246,-10.492475032806396
G12D,49,E,Y,-7.827895984992502,-7.641226768493652
WT,50,T,A,-6.683036589562176,-6.673566818237305
WT,50,T,C,-9.805261874138592,-9.79579210281372
WT,50,T,D,-12.470908665596722,-12.46143889427185
WT,50,T,E,-12.160080218254803,-12.150610446929932
WT,50,T,F,-13.03724386686015,-13.027774095535278
WT,50,T,G,-10.594787621437787,-10.585317850112915
WT,50,T,H,-10.324912333428143,-10.315442562103271
WT,50,T,I,-6.497345709740399,-6.487875938415527
WT,50,T,K,-9.89084174626994,-9.881371974945068
WT,50,T,L,-9.91871097081828,-9.909241199493408
WT,50,T,M,-8.444337153374432,-8.43486738204956
WT,50,T,N,-7.008113646446942,-6.99864387512207
WT,50,T,P,-7.797079825340985,-7.787610054016113
WT,50,T,Q,-8.574953341423749,-8.565483570098877
WT,50,T,R,-10.671270871102093,-10.661801099777222
WT,50,T,S,-6.266029143273114,-6.256559371948242
WT,50,T,V,-5.881266379296063,-5.871796607971191
WT,50,T,W,-14.737057322203396,-14.727587550878525
WT,50,T,Y,-11.96024157994914,-11.950771808624268
G12D,50,T,A,-6.407502430283017,-6.394412994384766
G12D,50,T,C,-9.359529274307675,-9.346439838409424
G12D,50,T,D,-11.883205669723935,-11.870116233825684
G12D,50,T,E,-11.342744606338925,-11.329655170440674
G12D,50,T,F,-12.227747457825132,-12.21465802192688
G12D,50,T,G,-10.44543387254376,-10.432344436645508
G12D,50,T,H,-10.144029396377988,-10.130939960479736
G12D,50,T,I,-5.910270946823545,-5.897181510925293
G12D,50,T,K,-9.278626697861142,-9.26553726196289
G12D,50,T,L,-9.12376000245709,-9.110670566558838
G12D,50,T,M,-7.752955692612119,-7.739866256713867
G12D,50,T,N,-7.007153290115781,-6.994063854217529
G12D,50,T,P,-7.502743976913877,-7.489654541015625
G12D,50,T,Q,-8.359228866898007,-8.346139430999756
G12D,50,T,R,-10.003389137588925,-9.990299701690674
G12D,50,T,S,-6.242423313461728,-6.229333877563477
G12D,50,T,V,-5.487736957870908,-5.474647521972656
G12D,50,T,W,-13.843457716309018,-13.830368280410767
G12D,50,T,Y,-11.498223083816953,-11.485133647918701
WT,51,C,A,-1.0438687831412725,-0.5475845336914062
WT,51,C,D,-12.465204003478187,-11.96891975402832
WT,51,C,E,-11.210567477370398,-10.714283227920532
WT,51,C,F,-8.592478993559974,-8.096194744110107
WT,51,C,G,-7.096904042388099,-6.600619792938232
WT,51,C,H,-9.953599217558997,-9.45731496810913
WT,51,C,I,-7.640276673461097,-7.1439924240112305
WT,51,C,K,-11.095387700225013,-10.599103450775146
WT,51,C,L,-8.34504342379679,-7.848759174346924
WT,51,C,M,-8.408513310576575,-7.912229061126709
WT,51,C,N,-8.507873299742835,-8.011589050292969
WT,51,C,P,-11.194616559172767,-10.6983323097229
WT,51,C,Q,-8.627977612639564,-8.131693363189697
WT,51,C,R,-10.586277249480384,-10.089993000030518
WT,51,C,S,-4.003778222228187,-3.5074939727783203
WT,51,C,T,-4.485929253722327,-3.989645004272461
WT,51,C,V,-4.9729716807853155,-4.476687431335449
WT,51,C,W,-11.045565846587317,-10.549281597137451
WT,51,C,Y,-8.448968175078528,-7.952683925628662
G12D,51,C,A,-0.8975915915648827,-0.3009815216064453
G12D,51,C,D,-11.66796732017206,-11.071357250213623
G12D,51,C,E,-10.677830696789492,-10.081220626831055
G12D,51,C,F,-8.32881116935419,-7.732201099395752
G12D,51,C,G,-6.883942604748476,-6.287332534790039
G12D,51,C,H,-9.87025404044794,-9.273643970489502
G12D,51,C,I,-7.567791462628115,-6.971181392669678
G12D,51,C,K,-10.579754353253115,-9.983144283294678
G12D,51,C,L,-8.310411930767764,-7.713801860809326
G12D,51,C,M,-8.482774735180605,-7.886164665222168
G12D,51,C,N,-8.40516853400873,-7.808558464050293
G12D,51,C,P,-10.63597726890253,-10.039367198944092
G12D,51,C,Q,-8.888109207836855,-8.291499137878418
G12D,51,C,R,-9.77150678702997,-9.174896717071533
G12D,51,C,S,-3.918614388195742,-3.3220043182373047
G12D,51,C,T,-4.455150604931582,-3.8585405349731445
G12D,51,C,V,-4.934086800305117,-4.33747673034668
G12D,51,C,W,-10.72215890952753,-10.125548839569092
G12D,51,C,Y,-8.187493801800478,-7.590883731842041
WT,52,L,A,-8.504832853678154,-8.470722675323486
WT,52,L,C,-8.805250276926445,-8.771140098571777
WT,52,L,D,-14.431840648058342,-14.397730469703674
WT,52,L,E,-13.64430724561541,-13.610197067260742
WT,52,L,F,-6.9398823875221485,-6.9057722091674805
WT,52,L,G,-12.42366253316729,-12.389552354812622
WT,52,L,H,-9.274538626078057,-9.240428447723389
WT,52,L,I,-4.8665133613380664,-4.832403182983398
WT,52,L,K,-10.642429937723564,-10.608319759368896
WT,52,L,M,-3.9467106956276172,-3.912600517272949
WT,52,L,N,-8.864081014994072,-8.829970836639404
WT,52,L,P,-10.592630257013726,-10.558520078659058
WT,52,L,Q,-6.8901411193641895,-6.8560309410095215
WT,52,L,R,-10.092461456659722,-10.058351278305054
WT,52,L,S,-8.612180818918633,-8.578070640563965
WT,52,L,T,-6.432254900339531,-6.398144721984863
WT,52,L,V,-6.343838323954033,-6.309728145599365
WT,52,L,W,-10.081997503641533,-10.047887325286865
WT,52,L,Y,-8.272432913187432,-8.238322734832764
G12D,52,L,A,-8.414803656257414,-8.37946605682373
G12D,52,L,C,-8.69346729151132,-8.658129692077637
G12D,52,L,D,-13.858378755368017,-13.823041155934334
G12D,52,L,E,-13.003295155681394,-12.967957556247711
G12D,52,L,F,-6.733639868415617,-6.698302268981934
G12D,52,L,G,-12.100987228072905,-12.065649628639221
G12D,52,L,H,-9.143305452979826,-9.107967853546143
G12D,52,L,I,-4.729325445808195,-4.693987846374512
G12D,52,L,K,-10.246036680854582,-10.210699081420898
G12D,52,L,M,-3.9847966753614177,-3.9494590759277344
G12D,52,L,N,-8.901324423469328,-8.865986824035645
G12D,52,L,P,-9.999714764274382,-9.964377164840698
G12D,52,L,Q,-6.874335440315031,-6.838997840881348
G12D,52,L,R,-9.524745138801359,-9.489407539367676
G12D,52,L,S,-8.358105333961271,-8.322767734527588
G12D,52,L,T,-6.546347292579435,-6.511009693145752
G12D,52,L,V,-6.082117232002043,-6.046779632568359
G12D,52,L,W,-9.747021349586271,-9.711683750152588
G12D,52,L,Y,-8.26401582590463,-8.228678226470947
WT,53,L,A,-12.918859663055525,-12.914878368377686
WT,53,L,C,-11.450718107269392,-11.446736812591553
WT,53,L,D,-18.790768059537992,-18.786786764860153
WT,53,L,E,-16.714075746582136,-16.710094451904297
WT,53,L,F,-9.681576433227644,-9.677595138549805
WT,53,L,G,-16.357364835785017,-16.353383541107178
WT,53,L,H,-13.912602129028425,-13.908620834350586
WT,53,L,I,-6.1955458546143625,-6.191564559936523
WT,53,L,K,-17.460039558456526,-17.456058263778687
WT,53,L,M,-6.580633821533308,-6.576652526855469
WT,53,L,N,-15.525671424911604,-15.521690130233765
WT,53,L,P,-12.937113466308698,-12.93313217163086
WT,53,L,Q,-12.119184675262556,-12.115203380584717
WT,53,L,R,-15.840338649795637,-15.836357355117798
WT,53,L,S,-13.505557718322859,-13.50157642364502
WT,53,L,T,-12.490548315094099,-12.48656702041626
WT,53,L,V,-7.698167505310163,-7.694186210632324
WT,53,L,W,-14.024324598358259,-14.02034330368042
WT,53,L,Y,-12.840537729309187,-12.836556434631348
G12D,53,L,A,-12.0275944428939,-12.02124309539795
G12D,53,L,C,-10.937550421287455,-10.931199073791504
G12D,53,L,D,-16.6842528539199,-16.67790150642395
G12D,53,L,E,-14.999134417106546,-14.992783069610596
G12D,53,L,F,-8.795140142967142,-8.788788795471191
G12D,53,L,G,-15.004935141136087,-14.998583793640137
G12D,53,L,H,-12.524077768852152,-12.517726421356201
G12D,53,L,I,-5.785938139488138,-5.7795867919921875
G12D,53,L,K,-15.26330411009971,-15.25695276260376
G12D,53,L,M,-6.159671659995951,-6.1533203125
G12D,53,L,N,-14.293481703330912,-14.287130355834961
G12D,53,L,P,-11.127340193321146,-11.120988845825195
G12D,53,L,Q,-11.081249113609232,-11.074897766113281
G12D,53,L,R,-13.197772379447855,-13.191421031951904
G12D,53,L,S,-12.146692152549662,-12.140340805053711
G12D,53,L,T,-11.455180998374857,-11.448829650878906
G12D,53,L,V,-7.0030573564070835,-6.996706008911133
G12D,53,L,W,-12.783370848228373,-12.777019500732422
G12D,53,L,Y,-12.082023497154154,-12.075672149658203
WT,54,D,A,-13.103853076723365,-13.102766513824463
WT,54,D,C,-15.346056073931006,-15.344969511032104
WT,54,D,E,-6.857444137361792,-6.856357574462891
WT,54,D,F,-16.90577110650852,-16.90468454360962
WT,54,D,G,-11.967173904207495,-11.966087341308594
WT,54,D,H,-13.88113436105564,-13.880047798156738
WT,54,D,I,-16.137448400285987,-16.136361837387085
WT,54,D,K,-15.749915212419776,-15.748828649520874
WT,54,D,L,-15.987263292101172,-15.98617672920227
WT,54,D,M,-17.742974132326392,-17.74188756942749
WT,54,D,N,-10.86851343515232,-10.867426872253418
WT,54,D,P,-19.1557553708823,-19.1546688079834
WT,54,D,Q,-13.761853545931128,-13.760766983032227
WT,54,D,R,-18.0593475103648,-18.058260947465897
WT,54,D,S,-13.381835788515357,-13.380749225616455
WT,54,D,T,-15.316545337465552,-15.31545877456665
WT,54,D,V,-14.006369441774634,-14.005282878875732
WT,54,D,W,-17.493175715235022,-17.49208915233612
WT,54,D,Y,-13.550118297365454,-13.549031734466553
G12D,54,D,A,-10.779662719450045,-10.776398181915283
G12D,54,D,C,-12.742192378721285,-12.738927841186523
G12D,54,D,E,-5.855789294920015,-5.852524757385254
G12D,54,D,F,-13.797469726285982,-13.79420518875122
G12D,54,D,G,-9.686363330564546,-9.683098793029785
G12D,54,D,H,-11.072146049222994,-11.068881511688232
G12D,54,D,I,-13.00596629687314,-13.002701759338379
G12D,54,D,K,-12.33339082308774,-12.330126285552979
G12D,54,D,L,-12.872705093107271,-12.86944055557251
G12D,54,D,M,-14.991261592588472,-14.987997055053711
G12D,54,D,N,-8.498002162656832,-8.49473762512207
G12D,54,D,P,-16.052418938360262,-16.0491544008255
G12D,54,D,Q,-11.524679771146822,-11.52141523361206
G12D,54,D,R,-14.266966453275728,-14.263701915740967
G12D,54,D,S,-11.192187896451998,-11.188923358917236
G12D,54,D,T,-12.852782359800386,-12.849517822265625
G12D,54,D,V,-10.814678779325533,-10.811414241790771
G12D,54,D,W,-14.3251749188519,-14.321910381317139
G12D,54,D,Y,-10.50075160571103,-10.49748706817627
WT,55,I,A,-13.960821029923562,-13.892830610275269
WT,55,I,C,-9.11693346240342,-9.048943042755127
WT,55,I,D,-17.39300346114457,-17.325013041496277
WT,55,I,E,-17.21207642295182,-17.144086003303528
WT,55,I,F,-10.639286157868508,-10.571295738220215
WT,55,I,G,-16.31491553523362,-16.246925115585327
WT,55,I,H,-15.344629404328469,-15.276638984680176
WT,55,I,K,-17.399115738652352,-17.33112531900406
WT,55,I,L,-6.939517137787941,-6.871526718139648
WT,55,I,M,-8.588707086823586,-8.520716667175293
WT,55,I,N,-12.462074396393898,-12.394083976745605
WT,55,I,P,-15.015729543946389,-14.947739124298096
WT,55,I,Q,-16.069143709920052,-16.00115329027176
WT,55,I,R,-19.158241626999978,-19.090251207351685
WT,55,I,S,-13.664677736542824,-13.596687316894531
WT,55,I,T,-9.499136087678078,-9.431145668029785
WT,55,I,V,-2.743283388398293,-2.67529296875
WT,55,I,W,-18.42249691226304,-18.354506492614746
WT,55,I,Y,-14.022791740677956,-13.954801321029663
G12D,55,I,A,-13.01404044906436,-12.950969219207764
G12D,55,I,C,-9.296997526090728,-9.23392629623413
G12D,55,I,D,-16.027874806326018,-15.964803576469421
G12D,55,I,E,-15.992742398183928,-15.929671168327332
G12D,55,I,F,-9.644688585203276,-9.58161735534668
G12D,55,I,G,-15.249870398443328,-15.186799168586731
G12D,55,I,H,-14.769912937086211,-14.706841707229614
G12D,55,I,K,-15.743886926572905,-15.680815696716309
G12D,55,I,L,-6.625358560484038,-6.562287330627441
G12D,55,I,M,-8.080604532163726,-8.017533302307129
G12D,55,I,N,-11.6999325541669,-11.636861324310303
G12D,55,I,P,-14.184880950849639,-14.121809720993042
G12D,55,I,Q,-15.728075840871917,-15.66500461101532
G12D,55,I,R,-17.338737794559584,-17.275666564702988
G12D,55,I,S,-12.738915899198638,-12.675844669342041
G12D,55,I,T,-8.834973314207183,-8.771902084350586
G12D,55,I,V,-2.8274392871075733,-2.7643680572509766
G12D,55,I,W,-17.570077249210463,-17.507006019353867
G12D,55,I,Y,-13.277478197019683,-13.214406967163086
WT,56,L,A,-13.680287933718004,-13.680033683776855
WT,56,L,C,-12.64226747192029,-12.642013221979141
WT,56,L,D,-17.90815458334569,-17.90790033340454
WT,56,L,E,-14.28067848719243,-14.280424237251282
WT,56,L,F,-10.650961971651354,-10.650707721710205
WT,56,L,G,-15.050176000963488,-15.049921751022339
WT,56,L,H,-12.699499762426653,-12.699245512485504
WT,56,L,I,-10.297115183244982,-10.296860933303833
WT,56,L,K,-14.882464981447496,-14.882210731506348
WT,56,L,M,-9.310993290315905,-9.310739040374756
WT,56,L,N,-14.834322071443834,-14.834067821502686
WT,56,L,P,-13.30773839987401,-13.307484149932861
WT,56,L,Q,-10.505916214357653,-10.505661964416504
WT,56,L,R,-14.289997673403063,-14.289743423461914
WT,56,L,S,-11.954401350389757,-11.954147100448608
WT,56,L,T,-12.645022882889547,-12.644768632948399
WT,56,L,V,-9.924470758806505,-9.924216508865356
WT,56,L,W,-12.61354000009183,-12.61328575015068
WT,56,L,Y,-12.07709041870717,-12.076836168766022
G12D,56,L,A,-12.898160095160026,-12.897561073303223
G12D,56,L,C,-11.964409584944267,-11.963810563087463
G12D,56,L,D,-16.55879032129528,-16.558191299438477
G12D,56,L,E,-13.29292505497219,-13.292326033115387
G12D,56,L,F,-9.6225587081361,-9.621959686279297
G12D,56,L,G,-14.192677373831291,-14.192078351974487
G12D,56,L,H,-11.791036720221062,-11.790437698364258
G12D,56,L,I,-9.384495849554558,-9.383896827697754
G12D,56,L,K,-13.624505932276268,-13.623906910419464
G12D,56,L,M,-8.494612808172722,-8.494013786315918
G12D,56,L,N,-14.162979776804466,-14.162380754947662
G12D,56,L,P,-12.044234032576103,-12.0436350107193
G12D,56,L,Q,-9.879720802252312,-9.879121780395508
G12D,56,L,R,-12.588014955465813,-12.587415933609009
G12D,56,L,S,-11.141022081320305,-11.140423059463501
G12D,56,L,T,-11.78864097112896,-11.788041949272156
G12D,56,L,V,-9.045120353643913,-9.04452133178711
G12D,56,L,W,-11.577176685278435,-11.57657766342163
G12D,56,L,Y,-11.243848438208122,-11.243249416351318
WT,57,D,A,-10.47595979167104,-10.475506901741028
WT,57,D,C,-11.979273452292682,-11.978820562362671
WT,57,D,E,-9.443888812195064,-9.443435922265053
WT,57,D,F,-12.79188288642049,-12.791429996490479
WT,57,D,G,-10.311629786025287,-10.311176896095276
WT,57,D,H,-10.895570649634601,-10.89511775970459
WT,57,D,I,-12.095650805960895,-12.095197916030884
WT,57,D,K,-14.621502770911457,-14.621049880981445
WT,57,D,L,-12.737740649710895,-12.737287759780884
WT,57,D,M,-13.927644624243976,-13.927191734313965
WT,57,D,N,-9.225489809046985,-9.225036919116974
WT,57,D,P,-13.652928485404255,-13.652475595474243
WT,57,D,Q,-13.135182513724567,-13.134729623794556
WT,57,D,R,-14.620859994422199,-14.620407104492188
WT,57,D,S,-11.375090136061909,-11.374637246131897
WT,57,D,T,-11.71864594412923,-11.718193054199219
WT,57,D,V,-10.221298887263538,-10.220845997333527
WT,57,D,W,-13.99359597159505,-13.993143081665039
WT,57,D,Y,-9.22138528419614,-9.220932394266129
G12D,57,D,A,-7.20141783590339,-7.190523147583008
G12D,57,D,C,-9.353480013561471,-9.342585325241089
G12D,57,D,E,-6.6615437590601285,-6.650649070739746
G12D,57,D,F,-9.961492212963327,-9.950597524642944
G12D,57,D,G,-6.70796719427131,-6.697072505950928
G12D,57,D,H,-7.3329433524134,-7.322048664093018
G12D,57,D,I,-9.019916685772165,-9.009021997451782
G12D,57,D,K,-10.49056545133613,-10.479670763015747
G12D,57,D,L,-10.008786352825387,-9.997891664505005
G12D,57,D,M,-11.02583304281257,-11.014938354492188
G12D,57,D,N,-5.8651546561243375,-5.854259967803955
G12D,57,D,P,-10.568683417988046,-10.557788729667664
G12D,57,D,Q,-9.919300469112619,-9.908405780792236
G12D,57,D,R,-10.844424637508615,-10.833529949188232
G12D,57,D,S,-8.57956806058906,-8.568673372268677
G12D,57,D,T,-8.841312559795602,-8.83041787147522
G12D,57,D,V,-7.007803353023752,-6.996908664703369
G12D,57,D,W,-11.181532057476266,-11.170637369155884
G12D,57,D,Y,-6.074298294735177,-6.063403606414795
WT,58,T,A,-11.491901923178208,-11.491613507270813
WT,58,T,C,-9.885015893934739,-9.884727478027344
WT,58,T,D,-13.946992147921097,-13.946703732013702
WT,58,T,E,-14.39834754562236,-14.398059129714966
WT,58,T,F,-14.834711719511521,-14.834423303604126
WT,58,T,G,-13.223381314633858,-13.223092898726463
WT,58,T,H,-15.68354647254802,-15.683258056640625
WT,58,T,I,-11.726803589819443,-11.726515173912048
WT,58,T,K,-14.174649883268845,-14.17436146736145
WT,58,T,L,-12.626015741585267,-12.625727325677872
WT,58,T,M,-11.137461830137742,-11.137173414230347
WT,58,T,N,-11.559506584166062,-11.559218168258667
WT,58,T,P,-10.978955913542283,-10.978667497634888
WT,58,T,Q,-13.734013248442185,-13.73372483253479
WT,58,T,R,-10.819318939207566,-10.819030523300171
WT,58,T,S,-8.842674184797776,-8.84238576889038
WT,58,T,V,-12.394121159075272,-12.393832743167877
WT,58,T,W,-18.10222141837932,-18.101933002471924
WT,58,T,Y,-14.913030434607041,-14.912742018699646
G12D,58,T,A,-8.052378252528175,-8.047880172729492
G12D,58,T,C,-8.980137423060402,-8.975639343261719
G12D,58,T,D,-11.293076113245949,-11.288578033447266
G12D,58,T,E,-11.130009010813698,-11.125510931015015
G12D,58,T,F,-10.955706671259865,-10.951208591461182
G12D,58,T,G,-10.595291212580666,-10.590793132781982
G12D,58,T,H,-12.25429733135508,-12.249799251556396
G12D,58,T,I,-7.179202154658302,-7.174704074859619
G12D,58,T,K,-9.28922803737925,-9.284729957580566
G12D,58,T,L,-9.436646059535011,-9.432147979736328
G12D,58,T,M,-7.383596018336281,-7.379097938537598
G12D,58,T,N,-8.745569780848488,-8.741071701049805
G12D,58,T,P,-7.873148039362892,-7.868649959564209
G12D,58,T,Q,-11.119025066874489,-11.114526987075806
G12D,58,T,R,-7.1834588799695815,-7.178960800170898
G12D,58,T,S,-6.947796419642433,-6.94329833984375
G12D,58,T,V,-9.061517790339455,-9.057019710540771
G12D,58,T,W,-13.386077955744728,-13.381579875946045
G12D,58,T,Y,-11.411134556315407,-11.406636476516724
WT,59,A,C,-9.72018572753121,-9.71925687789917
WT,59,A,D,-11.098473042899862,-11.097544193267822
WT,59,A,E,-10.51127263968636,-10.510343790054321
WT,59,A,F,-14.65655228560616,-14.655623435974121
WT,59,A,G,-8.583617181236043,-8.582688331604004
WT,59,A,H,-14.594772548133626,-14.593843698501587
WT,59,A,I,-14.33946040337731,-14.33853155374527
WT,59,A,K,-14.589851350242391,-14.588922500610352
WT,59,A,L,-12.96190592711617,-12.96097707748413
WT,59,A,M,-13.16870975559403,-13.16778090596199
WT,59,A,N,-13.700067893320814,-13.699139043688774
WT,59,A,P,-10.445786685401693,-10.444857835769653
WT,59,A,Q,-12.579743952209249,-12.57881510257721
WT,59,A,R,-13.02420172160317,-13.02327287197113
WT,59,A,S,-7.785411328727498,-7.784482479095459
WT,59,A,T,-8.8648733801191,-8.86394453048706
WT,59,A,V,-10.236629695350423,-10.235700845718384
WT,59,A,W,-15.557031363899007,-15.556102514266968
WT,59,A,Y,-14.366927534991994,-14.365998685359955
G12D,59,A,C,-9.007560766938141,-9.002387523651123
G12D,59,A,D,-9.165938891175202,-9.160765647888184
G12D,59,A,E,-8.390504397156647,-8.385331153869629
G12D,59,A,F,-11.986995972397736,-11.981822729110718
G12D,59,A,G,-7.26448205828946,-7.259308815002441
G12D,59,A,H,-12.715252436402253,-12.710079193115234
G12D,59,A,I,-11.312315977814606,-11.307142734527588
G12D,59,A,K,-11.649182356598786,-11.644009113311768
G12D,59,A,L,-10.7009308707742,-10.695757627487183
G12D,59,A,M,-10.750803030732087,-10.745629787445068
G12D,59,A,N,-11.8915305507211,-11.886357307434082
G12D,59,A,P,-8.471514261963776,-8.466341018676758
G12D,59,A,Q,-11.126503742936066,-11.121330499649048
G12D,59,A,R,-10.345619953873566,-10.340446710586548
G12D,59,A,S,-6.295244730713776,-6.290071487426758
G12D,59,A,T,-6.6649780643014225,-6.659804821014404
G12D,59,A,V,-7.613934077027253,-7.608760833740234
G12D,59,A,W,-12.73656777262967,-12.731394529342651
G12D,59,A,Y,-12.19962278723996,-12.194449543952942
WT,60,G,A,-9.67905195962955,-9.678815841674805
WT,60,G,C,-10.544173801060214,-10.543937683105469
WT,60,G,D,-11.771723830814853,-11.771487712860107
WT,60,G,E,-12.54027422678043,-12.540038108825684
WT,60,G,F,-14.159041488285556,-14.15880537033081
WT,60,G,H,-14.536555373783603,-14.536319255828857
WT,60,G,I,-13.14781245004703,-13.147576332092285
WT,60,G,K,-14.550150478001132,-14.549914360046387
WT,60,G,L,-13.162903869267002,-13.162667751312256
WT,60,G,M,-13.645566547031894,-13.645330429077148
WT,60,G,N,-12.180183971043125,-12.179947853088379
WT,60,G,P,-13.787011706944003,-13.786775588989258
WT,60,G,Q,-13.80605801355411,-13.805821895599365
WT,60,G,R,-11.736986243839755,-11.73675012588501
WT,60,G,S,-9.58176752340366,-9.581531405448914
WT,60,G,T,-11.334322297688022,-11.334086179733276
WT,60,G,V,-10.431540334339633,-10.431304216384888
WT,60,G,W,-12.771078193302646,-12.7708420753479
WT,60,G,Y,-14.179285132999912,-14.179049015045166
G12D,60,G,A,-8.168096262696105,-8.16553795337677
G12D,60,G,C,-8.315148550751525,-8.31259024143219
G12D,60,G,D,-8.708368349554855,-8.70581004023552
G12D,60,G,E,-8.768964607003051,-8.766406297683716
G12D,60,G,F,-11.889969903710204,-11.88741159439087
G12D,60,G,H,-12.194723445656615,-12.19216513633728
G12D,60,G,I,-10.734066445114928,-10.731508135795593
G12D,60,G,K,-10.991797048333007,-10.989238739013672
G12D,60,G,L,-11.113326746704894,-11.110768437385559
G12D,60,G,M,-11.547938424828368,-11.545380115509033
G12D,60,G,N,-10.326187807801086,-10.32362949848175
G12D,60,G,P,-11.777009803536254,-11.774451494216919
G12D,60,G,Q,-11.50257571387561,-11.500017404556274
G12D,60,G,R,-7.656655031922179,-7.654096722602844
G12D,60,G,S,-7.452350813629943,-7.449792504310608
G12D,60,G,T,-9.757616776707488,-9.755058467388153
G12D,60,G,V,-7.860851485016662,-7.858293175697327
G12D,60,G,W,-9.501969147208053,-9.499410837888718
G12D,60,G,Y,-11.846777278664428,-11.844218969345093
WT,61,Q,A,-8.804285627985019,-8.802688598632812
WT,61,Q,C,-10.00676558651926,-10.005168557167053
WT,61,Q,D,-10.277480942392367,-10.275883913040161
WT,61,Q,E,-7.9870992723941985,-7.985502243041992
WT,61,Q,F,-13.108146530771274,-13.106549501419067
WT,61,Q,G,-9.48178599514963,-9.480188965797424
WT,61,Q,H,-7.86423240342142,-7.862635374069214
WT,61,Q,I,-11.473631006860751,-11.472033977508545
WT,61,Q,K,-9.849340063715,-9.847743034362793
WT,61,Q,L,-9.133663875246066,-9.13206684589386
WT,61,Q,M,-9.766627413415927,-9.76503038406372
WT,61,Q,N,-10.212331933164615,-10.210734903812408
WT,61,Q,P,-9.34944854416849,-9.347851514816284
WT,61,Q,R,-10.390357476854343,-10.388760447502136
WT,61,Q,S,-10.112680536890048,-10.111083507537842
WT,61,Q,T,-9.593434435510654,-9.591837406158447
WT,61,Q,V,-9.89229534306528,-9.890698313713074
WT,61,Q,W,-12.015135628366489,-12.013538599014282
WT,61,Q,Y,-11.071492758774776,-11.06989572942257
G12D,61,Q,A,-8.310689050678896,-8.306641817092896
G12D,61,Q,C,-9.393882114414858,-9.389834880828857
G12D,61,Q,D,-9.330472070698427,-9.326424837112427
G12D,61,Q,E,-6.950537044529604,-6.9464898109436035
G12D,61,Q,F,-12.091182488922762,-12.087135255336761
G12D,61,Q,G,-9.002985317234682,-8.998938083648682
G12D,61,Q,H,-7.083399135594057,-7.079351902008057
G12D,61,Q,I,-10.322682339672731,-10.318635106086731
G12D,61,Q,K,-7.969626981739687,-7.9655797481536865
G12D,61,Q,L,-8.330626565937685,-8.326579332351685
G12D,61,Q,M,-9.143615085606264,-9.139567852020264
G12D,61,Q,N,-9.473108131413149,-9.469060897827148
G12D,61,Q,P,-8.361215908054994,-8.357168674468994
G12D,61,Q,R,-8.35649069023578,-8.35244345664978
G12D,61,Q,S,-9.238721210484194,-9.234673976898193
G12D,61,Q,T,-8.796398241047548,-8.792351007461548
G12D,61,Q,V,-9.002098161701845,-8.998050928115845
G12D,61,Q,W,-10.983049470905947,-10.979002237319946
G12D,61,Q,Y,-10.269768793110536,-10.265721559524536
WT,62,E,A,-8.31228317580344,-8.310336589813232
WT,62,E,C,-12.830913203574436,-12.828966617584229
WT,62,E,D,-6.62342180571677,-6.6214752197265625
WT,62,E,F,-13.614540713645237,-13.61259412765503
WT,62,E,G,-8.926860469199436,-8.924913883209229
WT,62,E,H,-11.737362521506565,-11.735415935516357
WT,62,E,I,-12.358990329123753,-12.357043743133545
WT,62,E,K,-10.594805854178684,-10.592859268188477
WT,62,E,L,-12.137123721457737,-12.13517713546753
WT,62,E,M,-12.484943049765842,-12.482996463775635
WT,62,E,N,-11.499799388266819,-11.497852802276611
WT,62,E,P,-12.037119525290745,-12.035172939300537
WT,62,E,Q,-9.915534633017796,-9.913588047027588
WT,62,E,R,-12.818442004538792,-12.816495418548584
WT,62,E,S,-10.580873149253147,-10.57892656326294
WT,62,E,T,-11.212083953238743,-11.210137367248535
WT,62,E,V,-9.499330657340305,-9.497384071350098
WT,62,E,W,-14.43084778151633,-14.428901195526123
WT,62,E,Y,-12.326563495017307,-12.3246169090271
G12D,62,E,A,-7.391909844756712,-7.388174533843994
G12D,62,E,C,-11.839821107268918,-11.836085796356201
G12D,62,E,D,-6.229471332908262,-6.225736021995544
G12D,62,E,F,-12.549666173339475,-12.545930862426758
G12D,62,E,G,-7.941015727401365,-7.9372804164886475
G12D,62,E,H,-10.677174813628781,-10.673439502716064
G12D,62,E,I,-11.343375928283322,-11.339640617370605
G12D,62,E,K,-8.960613496184934,-8.956878185272217
G12D,62,E,L,-11.125238664031613,-11.121503353118896
G12D,62,E,M,-11.4416005681759,-11.437865257263184
G12D,62,E,N,-10.628824956298459,-10.625089645385742
G12D,62,E,P,-10.98206687676965,-10.978331565856934
G12D,62,E,Q,-8.613392121673215,-8.609656810760498
G12D,62,E,R,-11.19533706414758,-11.191601753234863
G12D,62,E,S,-9.656718499541867,-9.65298318862915
G12D,62,E,T,-10.17335916268884,-10.169623851776123
G12D,62,E,V,-8.369992263198483,-8.366256952285767
G12D,62,E,W,-13.154085881591428,-13.150350570678711
G12D,62,E,Y,-11.38748384225427,-11.383748531341553
WT,63,E,A,-10.460219100074752,-10.458092451095581
WT,63,E,C,-14.25271363552092,-14.250586986541748
WT,63,E,D,-6.239773794965729,-6.237647145986557
WT,63,E,F,-14.868470147209152,-14.86634349822998
WT,63,E,G,-10.828001931266769,-10.825875282287598
WT,63,E,H,-13.183885052757248,-13.181758403778076
WT,63,E,I,-13.877663567619308,-13.875536918640137
WT,63,E,K,-12.064135029869064,-12.062008380889893
WT,63,E,L,-14.350607350425705,-14.348480701446533
WT,63,E,M,-14.113562539176925,-14.111435890197754
WT,63,E,N,-12.630294755058273,-12.628168106079102
WT,63,E,P,-13.687181904869064,-13.685055255889893
WT,63,E,Q,-9.410001710014328,-9.407875061035156
WT,63,E,R,-15.089116051750167,-15.086989402770996
WT,63,E,S,-11.879491761283859,-11.877365112304688
WT,63,E,T,-12.46694178874968,-12.464815139770508
WT,63,E,V,-11.077043011741623,-11.074916362762451
WT,63,E,W,-16.484541848258957,-16.482415199279785
WT,63,E,Y,-13.237758114891037,-13.235631465911865
G12D,63,E,A,-9.982007893885234,-9.97950005531311
G12D,63,E,C,-13.753854426706889,-13.751346588134766
G12D,63,E,D,-6.118493530119517,-6.115985691547394
G12D,63,E,F,-14.443215998972514,-14.44070816040039
G12D,63,E,G,-10.229593667353251,-10.227085828781128
G12D,63,E,H,-12.739418658579448,-12.736910820007324
G12D,63,E,I,-13.365856799448588,-13.363348960876465
G12D,63,E,K,-10.807832869852641,-10.805325031280518
G12D,63,E,L,-13.899692687357524,-13.8971848487854
G12D,63,E,M,-13.56568828519688,-13.563180446624756
G12D,63,E,N,-12.086738738382914,-12.084230899810791
G12D,63,E,P,-13.409564170206645,-13.407056331634521
G12D,63,E,Q,-8.876526507700541,-8.874018669128418
G12D,63,E,R,-14.018679293955424,-14.0161714553833
G12D,63,E,S,-11.52148548063145,-11.518977642059326
G12D,63,E,T,-11.998221072519877,-11.995713233947754
G12D,63,E,V,-10.56480446752415,-10.562296628952026
G12D,63,E,W,-15.827580603922465,-15.825072765350342
G12D,63,E,Y,-12.920543345774272,-12.918035507202148
WT,64,Y,A,-18.506237142415856,-18.50080680847168
WT,64,Y,C,-14.663767688604212,-14.658337354660034
WT,64,Y,D,-15.960053556295252,-15.954623222351074
WT,64,Y,E,-18.21767198357186,-18.212241649627686
WT,64,Y,F,-5.220193021627283,-5.2147626876831055
WT,64,Y,G,-18.84259807381234,-18.837167739868164
WT,64,Y,H,-13.337018602224207,-13.33158826828003
WT,64,Y,I,-16.039466970296715,-16.03403663635254
WT,64,Y,K,-19.057198636861656,-19.05176830291748
WT,64,Y,L,-13.23719870361886,-13.231768369674683
WT,64,Y,M,-16.21878206047616,-16.213351726531982
WT,64,Y,N,-15.639077775808191,-15.633647441864014
WT,64,Y,P,-19.5204230478724,-19.514992713928223
WT,64,Y,Q,-17.139888398977135,-17.13445806503296
WT,64,Y,R,-18.96658670219979,-18.961156368255615
WT,64,Y,S,-16.3108283213099,-16.305397987365723
WT,64,Y,T,-18.22147475990853,-18.216044425964355
WT,64,Y,V,-16.65340720924935,-16.647976875305176
WT,64,Y,W,-12.254053228231287,-12.24862289428711
G12D,64,Y,A,-16.30623845417952,-16.288926124572754
G12D,64,Y,C,-11.92679871280646,-11.909486383199692
G12D,64,Y,D,-13.545601170854328,-13.528288841247559
G12D,64,Y,E,-15.863732140855548,-15.84641981124878
G12D,64,Y,F,-4.068216603593585,-4.050904273986816
G12D,64,Y,G,-16.26712064106917,-16.249808311462402
G12D,64,Y,H,-11.439736347989795,-11.422424018383026
G12D,64,Y,I,-13.88878254254317,-13.871470212936401
G12D,64,Y,K,-16.457822125749345,-16.440509796142578
G12D,64,Y,L,-11.460146140651462,-11.442833811044693
G12D,64,Y,M,-14.477113526658771,-14.459801197052002
G12D,64,Y,N,-13.51625863869643,-13.49894630908966
G12D,64,Y,P,-17.337617677049394,-17.320305347442627
G12D,64,Y,Q,-15.137335341768024,-15.120023012161255
G12D,64,Y,R,-15.891345303849933,-15.874032974243164
G12D,64,Y,S,-13.235898655252216,-13.218586325645447
G12D,64,Y,T,-15.466712992982623,-15.449400663375854
G12D,64,Y,V,-14.232448857621906,-14.215136528015137
G12D,64,Y,W,-10.87415007908797,-10.856837749481201
WT,65,S,A,-4.764747976362666,-4.744965314865112
WT,65,S,C,-6.150408118069133,-6.130625456571579
WT,65,S,D,-12.600058673918209,-12.580276012420654
WT,65,S,E,-14.273868679106197,-14.254086017608643
WT,65,S,F,-8.871761678755245,-8.85197901725769
WT,65,S,G,-6.010951100885829,-5.991168439388275
WT,65,S,H,-8.505521177351437,-8.485738515853882
WT,65,S,I,-8.872921346723995,-8.85313868522644
WT,65,S,K,-15.245426773130855,-15.2256441116333
WT,65,S,L,-8.3440636387467,-8.324280977249146
WT,65,S,M,-9.022896408140621,-9.003113746643066
WT,65,S,N,-6.035997613370379,-6.016214951872826
WT,65,S,P,-9.00305783659216,-8.983275175094604
WT,65,S,Q,-9.709045290052853,-9.689262628555298
WT,65,S,R,-11.634925960600338,-11.615143299102783
WT,65,S,T,-5.934684156477412,-5.914901494979858
WT,65,S,V,-8.20642161279913,-8.186638951301575
WT,65,S,W,-13.739853500425777,-13.720070838928223
WT,65,S,Y,-8.950588344633541,-8.930805683135986
G12D,65,S,A,-4.64043419273179,-4.614771127700806
G12D,65,S,C,-5.672014283254556,-5.646351218223572
G12D,65,S,D,-11.879444288328102,-11.85378122329712
G12D,65,S,E,-13.42251174361985,-13.396848678588867
G12D,65,S,F,-8.351815985753944,-8.326152920722961
G12D,65,S,G,-5.789027260854653,-5.763364195823669
G12D,65,S,H,-8.286659049108437,-8.260995984077454
G12D,65,S,I,-8.473384665563515,-8.447721600532532
G12D,65,S,K,-13.702498125150612,-13.676835060119629
G12D,65,S,L,-8.013610171392372,-7.987947106361388
G12D,65,S,M,-8.784465955808571,-8.758802890777588
G12D,65,S,N,-5.9389229288844385,-5.913259863853455
G12D,65,S,P,-8.394759105756691,-8.369096040725708
G12D,65,S,Q,-9.405189918592384,-9.379526853561401
G12D,65,S,R,-10.114072250440529,-10.088409185409546
G12D,65,S,T,-5.412426756933145,-5.386763691902161
G12D,65,S,V,-8.00934206159394,-7.983678996562957
G12D,65,S,W,-12.852147268369606,-12.826484203338623
G12D,65,S,Y,-8.462371634557655,-8.436708569526672
WT,66,A,C,-9.2034248069738,-9.201361179351807
WT,66,A,D,-12.564612980267867,-12.562549352645874
WT,66,A,E,-12.466668720624313,-12.46460509300232
WT,66,A,F,-12.143002863309249,-12.140939235687256
WT,66,A,G,-8.082396383664474,-8.08033275604248
WT,66,A,H,-12.784839506528243,-12.78277587890625
WT,66,A,I,-11.91575276412712,-11.913689136505127
WT,66,A,K,-15.22342288055168,-15.221359252929688
WT,66,A,L,-11.726674433133468,-11.724610805511475
WT,66,A,M,-11.268258924863204,-11.266195297241211
WT,66,A,N,-11.7601555541967,-11.758091926574707
WT,66,A,P,-9.884951944730147,-9.882888317108154
WT,66,A,Q,-11.530127878568038,-11.528064250946045
WT,66,A,R,-13.82215654411064,-13.820092916488647
WT,66,A,S,-7.204502935788497,-7.202439308166504
WT,66,A,T,-7.478413458249435,-7.476349830627441
WT,66,A,V,-8.402986402890548,-8.400922775268555
WT,66,A,W,-15.591586704633102,-15.589523077011108
WT,66,A,Y,-12.265328760526046,-12.263265132904053
G12D,66,A,C,-8.866943489163614,-8.86266565322876
G12D,66,A,D,-11.031998287289834,-11.02772045135498
G12D,66,A,E,-10.964593063443399,-10.960315227508545
G12D,66,A,F,-11.417179714291787,-11.412901878356934
G12D,66,A,G,-7.656432758420205,-7.652154922485352
G12D,66,A,H,-12.241900573819375,-12.237622737884521
G12D,66,A,I,-10.92998565301249,-10.925707817077637
G12D,66,A,K,-13.589312921612954,-13.5850350856781
G12D,66,A,L,-11.098946701138711,-11.094668865203857
G12D,66,A,M,-10.847307811825967,-10.843029975891113
G12D,66,A,N,-11.240972648709512,-11.236694812774658
G12D,66,A,P,-8.75494207009623,-8.750664234161377
G12D,66,A,Q,-11.176816116421914,-11.17253828048706
G12D,66,A,R,-12.17373622521708,-12.169458389282227
G12D,66,A,S,-6.55963767632792,-6.555359840393066
G12D,66,A,T,-6.646164547055459,-6.6418867111206055
G12D,66,A,V,-7.36654628381083,-7.362268447875977
G12D,66,A,W,-14.27242745026896,-14.268149614334106
G12D,66,A,Y,-11.69626630410502,-11.691988468170166
WT,67,M,A,-13.325892778925029,-13.32203894853592
WT,67,M,C,-14.32886067300233,-14.32500684261322
WT,67,M,D,-20.997216257146924,-20.993362426757812
WT,67,M,E,-17.97912171750459,-17.97526788711548
WT,67,M,F,-10.29725793271455,-10.29340410232544
WT,67,M,G,-16.454340967229932,-16.45048713684082
WT,67,M,H,-17.26073268323335,-17.25687885284424
WT,67,M,I,-5.877816709570018,-5.873962879180908
WT,67,M,K,-14.038500520280925,-14.034646689891815
WT,67,M,L,-6.970249685339061,-6.966395854949951
WT,67,M,N,-14.875755104116527,-14.871901273727417
WT,67,M,P,-16.836449417165845,-16.832595586776733
WT,67,M,Q,-13.630435409835902,-13.626581579446793
WT,67,M,R,-14.809984239629832,-14.806130409240723
WT,67,M,S,-14.492327961019603,-14.488474130630493
WT,67,M,T,-10.813296112112132,-10.809442281723022
WT,67,M,V,-9.99532202153596,-9.99146819114685
WT,67,M,W,-14.922596248678294,-14.918742418289185
WT,67,M,Y,-15.214937957815257,-15.211084127426147
G12D,67,M,A,-12.717337504494157,-12.713075459003448
G12D,67,M,C,-14.04068382130858,-14.036421775817871
G12D,67,M,D,-19.40680988179442,-19.40254783630371
G12D,67,M,E,-16.740484789478746,-16.736222743988037
G12D,67,M,F,-10.042440012562242,-10.038177967071533
G12D,67,M,G,-15.506688431370225,-15.502426385879517
G12D,67,M,H,-16.55164893018004,-16.54738688468933
G12D,67,M,I,-5.906366423237291,-5.902104377746582
G12D,67,M,K,-12.656848982441392,-12.652586936950684
G12D,67,M,L,-6.604403570759263,-6.600141525268555
G12D,67,M,N,-14.166849807369676,-14.162587761878967
G12D,67,M,P,-15.769129589664903,-15.764867544174194
G12D,67,M,Q,-13.243703425395456,-13.239441379904747
G12D,67,M,R,-13.195436493027177,-13.191174447536469
G12D,67,M,S,-13.786661103832689,-13.78239905834198
G12D,67,M,T,-10.220897511112657,-10.216635465621948
G12D,67,M,V,-9.424514607059923,-9.420252561569214
G12D,67,M,W,-14.245712951290574,-14.241450905799866
G12D,67,M,Y,-14.856364205944505,-14.852102160453796
WT,68,R,A,-12.698374389989496,-12.697932958602905
WT,68,R,C,-11.203636526448847,-11.203195095062256
WT,68,R,D,-16.99832439361346,-16.997882962226868
WT,68,R,E,-15.129157304151178,-15.128715872764587
WT,68,R,F,-14.985205411298395,-14.984763979911804
WT,68,R,G,-11.559471487386347,-11.559030055999756
WT,68,R,H,-11.019478201253534,-11.019036769866943
WT,68,R,I,-12.764970421178461,-12.76452898979187
WT,68,R,K,-8.099689840657831,-8.09924840927124
WT,68,R,L,-12.150238632543207,-12.149797201156616
WT,68,R,M,-13.161169885976435,-13.160728454589844
WT,68,R,N,-12.667593359334589,-12.667151927947998
WT,68,R,P,-12.724907039983393,-12.724465608596802
WT,68,R,Q,-10.082952856404901,-10.08251142501831
WT,68,R,S,-11.038422941548944,-11.037981510162354
WT,68,R,T,-11.032100557668329,-11.031659126281738
WT,68,R,V,-12.72044956622851,-12.720008134841919
WT,68,R,W,-14.37479150233996,-14.37435007095337
WT,68,R,Y,-14.465351104123712,-14.464909672737122
G12D,68,R,A,-11.649977578552676,-11.648868560791016
G12D,68,R,C,-9.783639802368594,-9.782530784606934
G12D,68,R,D,-14.84638364497037,-14.84527462720871
G12D,68,R,E,-13.160266293915225,-13.159157276153564
G12D,68,R,F,-13.383593215378237,-13.382484197616577
G12D,68,R,G,-10.101322545441104,-10.100213527679443
G12D,68,R,H,-9.55514658871503,-9.55403757095337
G12D,68,R,I,-11.27242077771039,-11.27131175994873
G12D,68,R,K,-7.436309708984805,-7.4352006912231445
G12D,68,R,L,-10.65874709072919,-10.65763807296753
G12D,68,R,M,-11.785140885742617,-11.784031867980957
G12D,68,R,N,-11.437280549438906,-11.436171531677246
G12D,68,R,P,-11.21086014691205,-11.20975112915039
G12D,68,R,Q,-8.874007596405459,-8.872898578643799
G12D,68,R,S,-9.67777909222455,-9.67667007446289
G12D,68,R,T,-9.930893792541934,-9.929784774780273
G12D,68,R,V,-11.48195733013959,-11.48084831237793
G12D,68,R,W,-12.283061160477114,-12.281952142715454
G12D,68,R,Y,-12.969298257263613,-12.968189239501953
WT,69,D,A,-10.296743323146057,-10.271979331970215
WT,69,D,C,-13.579374720393371,-13.55461072921753
WT,69,D,E,-3.7219723957168576,-3.6972084045410156
WT,69,D,F,-15.68276064568634,-15.657996654510498
WT,69,D,G,-10.52439301186676,-10.499629020690918
WT,69,D,H,-11.750979830561828,-11.726215839385986
WT,69,D,I,-14.508825709162902,-14.48406171798706
WT,69,D,K,-14.719786574183654,-14.695022583007812
WT,69,D,L,-14.565615107356262,-14.54085111618042
WT,69,D,M,-15.047235419093322,-15.02247142791748
WT,69,D,N,-8.968393256007385,-8.943629264831543
WT,69,D,P,-13.584121634303283,-13.559357643127441
WT,69,D,Q,-11.552956988154602,-11.52819299697876
WT,69,D,R,-16.385919501124572,-16.36115550994873
WT,69,D,S,-9.834824492274475,-9.810060501098633
WT,69,D,T,-12.319854189692688,-12.295090198516846
WT,69,D,V,-12.512744833766174,-12.487980842590332
WT,69,D,W,-17.067171503840637,-17.042407512664795
WT,69,D,Y,-13.176960398493957,-13.152196407318115
G12D,69,D,A,-8.464023501856243,-8.421441078186035
G12D,69,D,C,-11.335852057917034,-11.293269634246826
G12D,69,D,E,-3.2175292086433522,-3.1749467849731445
G12D,69,D,F,-13.198387057764446,-13.155804634094238
G12D,69,D,G,-8.310946376306926,-8.268363952636719
G12D,69,D,H,-9.403036029322063,-9.360453605651855
G12D,69,D,I,-12.44479265926591,-12.402210235595703
G12D,69,D,K,-11.652778537256633,-11.610196113586426
G12D,69,D,L,-12.477242858393108,-12.4346604347229
G12D,69,D,M,-13.133222014887249,-13.090639591217041
G12D,69,D,N,-7.317295939905559,-7.274713516235352
G12D,69,D,P,-11.862725646479046,-11.820143222808838
G12D,69,D,Q,-9.525652797205364,-9.483070373535156
G12D,69,D,R,-13.102146537287151,-13.059564113616943
G12D,69,D,S,-8.417715938074505,-8.375133514404297
G12D,69,D,T,-10.861990363581096,-10.819407939910889
G12D,69,D,V,-10.025710971338665,-9.983128547668457
G12D,69,D,W,-14.406783492548382,-14.364201068878174
G12D,69,D,Y,-10.396464259607708,-10.3538818359375
WT,70,Q,A,-9.43349127985864,-9.432337760925293
WT,70,Q,C,-11.783919622677853,-11.782766103744507
WT,70,Q,D,-13.242619445103696,-13.24146592617035
WT,70,Q,E,-11.025151302594235,-11.023997783660889
WT,70,Q,F,-14.410950770157864,-14.409797251224518
WT,70,Q,G,-11.338187267560055,-11.337033748626709
WT,70,Q,H,-9.253027965802243,-9.251874446868896
WT,70,Q,I,-12.689970304745724,-12.688816785812378
WT,70,Q,K,-11.551452448147824,-11.550298929214478
WT,70,Q,L,-10.893312027234128,-10.892158508300781
WT,70,Q,M,-10.927293350476315,-10.926139831542969
WT,70,Q,N,-7.2679076693239715,-7.266754150390625
WT,70,Q,P,-12.414502432126095,-12.413348913192749
WT,70,Q,R,-12.152528574246457,-12.15137505531311
WT,70,Q,S,-8.912728359479,-8.911574840545654
WT,70,Q,T,-10.182832290906003,-10.181678771972656
WT,70,Q,V,-11.929065515774777,-11.92791199684143
WT,70,Q,W,-14.997871061343243,-14.996717542409897
WT,70,Q,Y,-12.921336700696042,-12.920183181762695
G12D,70,Q,A,-9.366866542219356,-9.365468502044678
G12D,70,Q,C,-11.311067057966426,-11.309669017791748
G12D,70,Q,D,-12.501870824217036,-12.500472784042358
G12D,70,Q,E,-10.308641387342647,-10.307243347167969
G12D,70,Q,F,-13.900862885832026,-13.899464845657349
G12D,70,Q,G,-11.016214801191524,-11.014816761016846
G12D,70,Q,H,-8.768859816908076,-8.767461776733398
G12D,70,Q,I,-12.13791198861523,-12.136513948440552
G12D,70,Q,K,-10.769605590223506,-10.768207550048828
G12D,70,Q,L,-10.402047587751582,-10.400649547576904
G12D,70,Q,M,-10.706373168348506,-10.704975128173828
G12D,70,Q,N,-7.164823485731318,-7.163425445556641
G12D,70,Q,P,-11.883025838255122,-11.881627798080444
G12D,70,Q,R,-11.266773654340938,-11.26537561416626
G12D,70,Q,S,-8.803607894300654,-8.802209854125977
G12D,70,Q,T,-9.949498607038691,-9.948100566864014
G12D,70,Q,V,-11.447428656934932,-11.446030616760254
G12D,70,Q,W,-14.337120367407039,-14.33572232723236
G12D,70,Q,Y,-12.304032994627192,-12.302634954452515
WT,71,Y,A,-11.624267432694031,-11.617341250181198
WT,71,Y,C,-9.328304175142838,-9.321377992630005
WT,71,Y,D,-13.156199697260453,-13.14927351474762
WT,71,Y,E,-15.219373825792863,-15.21244764328003
WT,71,Y,F,-5.512564781908585,-5.505638599395752
WT,71,Y,G,-12.767338160280778,-12.760411977767944
WT,71,Y,H,-8.484101656679703,-8.47717547416687
WT,71,Y,I,-12.4990895426317,-12.492163360118866
WT,71,Y,K,-16.285734776262835,-16.27880859375
WT,71,Y,L,-11.293029460911347,-11.286103278398514
WT,71,Y,M,-12.859633806948258,-12.852707624435425
WT,71,Y,N,-9.717403057818009,-9.710476875305176
WT,71,Y,P,-16.52110398173769,-16.514177799224854
WT,71,Y,Q,-12.505007270578934,-12.498081088066101
WT,71,Y,R,-15.549176100496842,-15.542249917984009
WT,71,Y,S,-9.87017667651613,-9.863250494003296
WT,71,Y,T,-12.251564476494385,-12.244638293981552
WT,71,Y,V,-11.96088303983648,-11.953956857323647
WT,71,Y,W,-6.027799252276017,-6.020873069763184
G12D,71,Y,A,-11.271268952384412,-11.264188885688782
G12D,71,Y,C,-8.22174357224983,-8.2146635055542
G12D,71,Y,D,-11.66280894328636,-11.655728876590729
G12D,71,Y,E,-14.03286885072273,-14.0257887840271
G12D,71,Y,F,-5.47842024613899,-5.471340179443359
G12D,71,Y,G,-12.048011172309339,-12.040931105613708
G12D,71,Y,H,-7.964133728042066,-7.9570536613464355
G12D,71,Y,I,-11.962930012240827,-11.955849945545197
G12D,71,Y,K,-14.942598331466138,-14.935518264770508
G12D,71,Y,L,-10.579440939917982,-10.572360873222351
G12D,71,Y,M,-12.651108402505338,-12.644028335809708
G12D,71,Y,N,-9.00856612969917,-9.00148606300354
G12D,71,Y,P,-15.513027894988477,-15.505947828292847
G12D,71,Y,Q,-11.952657807364881,-11.94557774066925
G12D,71,Y,R,-13.86248015214485,-13.855400085449219
G12D,71,Y,S,-9.046314943328321,-9.03923487663269
G12D,71,Y,T,-11.547021854415357,-11.539941787719727
G12D,71,Y,V,-11.381912458434522,-11.374832391738892
G12D,71,Y,W,-6.2508497123865485,-6.243769645690918
WT,72,M,A,-13.147717420039342,-13.14185917377472
WT,72,M,C,-10.570345941958593,-10.56448769569397
WT,72,M,D,-17.75817567485349,-17.752317428588867
WT,72,M,E,-14.62203032153623,-14.616172075271606
WT,72,M,F,-7.004239384112523,-6.9983811378479
WT,72,M,G,-16.650868479190038,-16.645010232925415
WT,72,M,H,-9.366284195361303,-9.36042594909668
WT,72,M,I,-6.148624245104955,-6.142765998840332
WT,72,M,K,-10.972760502276586,-10.966902256011963
WT,72,M,L,-7.0129726566650135,-7.007114410400391
WT,72,M,N,-10.36656099933164,-10.360702753067017
WT,72,M,P,-15.587156120715306,-15.581297874450684
WT,72,M,Q,-9.557087246356176,-9.551229000091553
WT,72,M,R,-12.804822567877935,-12.798964321613312
WT,72,M,S,-10.997201029238866,-10.991342782974243
WT,72,M,T,-8.061476532397435,-8.055618286132812
WT,72,M,V,-7.4082787670470935,-7.402420520782471
WT,72,M,W,-11.23228103297727,-11.226422786712646
WT,72,M,Y,-7.251766029772924,-7.245907783508301
G12D,72,M,A,-12.658351930048322,-12.651606321334839
G12D,72,M,C,-10.664009364511823,-10.65726375579834
G12D,72,M,D,-16.077662738230085,-16.0709171295166
G12D,72,M,E,-13.548052417304373,-13.541306808590889
G12D,72,M,F,-6.970768245127058,-6.964022636413574
G12D,72,M,G,-15.750943931009626,-15.744198322296143
G12D,72,M,H,-9.558315070535993,-9.55156946182251
G12D,72,M,I,-5.951997073557234,-5.94525146484375
G12D,72,M,K,-9.946650298502302,-9.939904689788818
G12D,72,M,L,-6.6602533182166574,-6.653507709503174
G12D,72,M,N,-10.281661065485334,-10.27491545677185
G12D,72,M,P,-14.686060222055769,-14.679314613342285
G12D,72,M,Q,-9.603311570551252,-9.596565961837769
G12D,72,M,R,-11.363753589060163,-11.35700798034668
G12D,72,M,S,-10.647815736200666,-10.641070127487183
G12D,72,M,T,-7.849022658731794,-7.8422770500183105
G12D,72,M,V,-7.33385780658946,-7.327112197875977
G12D,72,M,W,-11.244046958353376,-11.237301349639893
G12D,72,M,Y,-7.483973296549177,-7.477227687835693
WT,73,R,A,-13.000146107718225,-12.999055027961731
WT,73,R,C,-10.884148823067422,-10.883057743310928
WT,73,R,D,-16.23316057209658,-16.232069492340088
WT,73,R,E,-14.964634017988915,-14.963542938232422
WT,73,R,F,-14.192617969557519,-14.191526889801025
WT,73,R,G,-11.628255324408288,-11.627164244651794
WT,73,R,H,-8.84939821247744,-8.848307132720947
WT,73,R,I,-12.937984781309838,-12.936893701553345
WT,73,R,K,-7.163327770277734,-7.16223669052124
WT,73,R,L,-11.421498762413735,-11.420407682657242
WT,73,R,M,-12.244005637213464,-12.24291455745697
WT,73,R,N,-12.404875116392846,-12.403784036636353
WT,73,R,P,-12.396734910055871,-12.395643830299377
WT,73,R,Q,-9.74750156883883,-9.746410489082336
WT,73,R,S,-10.21294780258822,-10.211856722831726
WT,73,R,T,-11.136387700185056,-11.135296620428562
WT,73,R,V,-13.826053457304711,-13.824962377548218
WT,73,R,W,-12.927435236021752,-12.926344156265259
WT,73,R,Y,-13.203955249830956,-13.202864170074463
G12D,73,R,A,-12.21220473658533,-12.210070371627808
G12D,73,R,C,-9.289886993283938,-9.287752628326416
G12D,73,R,D,-14.734176677579592,-14.73204231262207
G12D,73,R,E,-13.343097967023562,-13.34096360206604
G12D,73,R,F,-12.994358462209414,-12.992224097251892
G12D,73,R,G,-10.321120900029848,-10.318986535072327
G12D,73,R,H,-7.914933723325442,-7.91279935836792
G12D,73,R,I,-11.723597151155184,-11.721462786197662
G12D,73,R,K,-6.73057083498926,-6.728436470031738
G12D,73,R,L,-10.139690321798037,-10.137555956840515
G12D,73,R,M,-11.167220187301348,-11.165085822343826
G12D,73,R,N,-11.509373039866398,-11.507238674908876
G12D,73,R,P,-11.03275589358301,-11.030621528625488
G12D,73,R,Q,-8.58231930148096,-8.580184936523438
G12D,73,R,S,-9.195172113294314,-9.193037748336792
G12D,73,R,T,-10.208373826856326,-10.206239461898804
G12D,73,R,V,-12.7740091503808,-12.771874785423279
G12D,73,R,W,-11.125376713390063,-11.123242348432541
G12D,73,R,Y,-12.027364593858431,-12.02523022890091
WT,74,T,A,-6.096719130268282,-5.903557777404785
WT,74,T,C,-6.495769366016573,-6.302608013153076
WT,74,T,D,-12.625014051189607,-12.43185269832611
WT,74,T,E,-12.598198279133028,-12.405036926269531
WT,74,T,F,-11.443044766178316,-11.24988341331482
WT,74,T,G,-6.604623659839815,-6.411462306976318
WT,74,T,H,-9.00782047151584,-8.814659118652344
WT,74,T,I,-10.445067747821993,-10.251906394958496
WT,74,T,K,-12.280717476597017,-12.08755612373352
WT,74,T,L,-9.452074869861788,-9.258913516998291
WT,74,T,M,-8.013017519703096,-7.8198561668396
WT,74,T,N,-5.453846319904512,-5.260684967041016
WT,74,T,P,-11.957934483280367,-11.76477313041687
WT,74,T,Q,-7.414134844532198,-7.220973491668701
WT,74,T,R,-13.945955886831468,-13.752794533967972
WT,74,T,S,-1.8023570620920122,-1.6091957092285156
WT,74,T,V,-8.969459398975557,-8.77629804611206
WT,74,T,W,-14.514626338472551,-14.321464985609055
WT,74,T,Y,-10.540271862735933,-10.347110509872437
G12D,74,T,A,-5.952098556437148,-5.764103889465332
G12D,74,T,C,-6.310385414042129,-6.1223907470703125
G12D,74,T,D,-12.360434242167129,-12.172439575195312
G12D,74,T,E,-12.330581613459243,-12.142586946487427
G12D,74,T,F,-10.99356503097023,-10.805570363998413
G12D,74,T,G,-6.456947036661758,-6.268952369689941
G12D,74,T,H,-8.860682674326553,-8.672688007354736
G12D,74,T,I,-9.896522708811416,-9.7085280418396
G12D,74,T,K,-11.744490095057143,-11.556495428085327
G12D,74,T,L,-9.197917171396865,-9.009922504425049
G12D,74,T,M,-7.845255084910049,-7.657260417938232
G12D,74,T,N,-5.496720977701797,-5.3087263107299805
G12D,74,T,P,-11.460633703150405,-11.272639036178589
G12D,74,T,Q,-7.488117404856338,-7.3001227378845215
G12D,74,T,R,-12.928237625040664,-12.740242958068848
G12D,74,T,S,-1.8338343581339256,-1.6458396911621094
G12D,74,T,V,-8.711672016062392,-8.523677349090576
G12D,74,T,W,-13.920011707224502,-13.732017040252686
G12D,74,T,Y,-10.204480358042373,-10.016485691070557
WT,75,G,A,-7.967361434472862,-7.96642529964447
WT,75,G,C,-9.527892126811805,-9.526955991983414
WT,75,G,D,-10.14052514649755,-10.139589011669159
WT,75,G,E,-10.789102896226707,-10.788166761398315
WT,75,G,F,-13.680659874452415,-13.679723739624023
WT,75,G,H,-12.969445808900657,-12.968509674072266
WT,75,G,I,-12.742469891084495,-12.741533756256104
WT,75,G,K,-12.1987196049822,-12.197783470153809
WT,75,G,L,-13.265005692018333,-13.264069557189941
WT,75,G,M,-13.649353130830589,-13.648416996002197
WT,75,G,N,-10.887016042245689,-10.886079907417297
WT,75,G,P,-12.97739301539785,-12.976456880569458
WT,75,G,Q,-13.043181999696555,-13.042245864868164
WT,75,G,R,-9.783567412866416,-9.782631278038025
WT,75,G,S,-8.11398695327169,-8.113050818443298
WT,75,G,T,-11.43971024371511,-11.438774108886719
WT,75,G,V,-10.044955178273979,-10.044019043445587
WT,75,G,W,-12.027801140321555,-12.026865005493164
WT,75,G,Y,-14.057839497102561,-14.05690336227417
G12D,75,G,A,-6.97592603043616,-6.97101616859436
G12D,75,G,C,-8.000185120859744,-7.995275259017944
G12D,75,G,D,-7.67336140946448,-7.668451547622681
G12D,75,G,E,-8.109733212748171,-8.104823350906372
G12D,75,G,F,-11.773357737818362,-11.768447875976562
G12D,75,G,H,-11.282567609110476,-11.277657747268677
G12D,75,G,I,-10.921293009081484,-10.916383147239685
G12D,75,G,K,-9.976343322554232,-9.971433460712433
G12D,75,G,L,-11.559776533403994,-11.554866671562195
G12D,75,G,M,-12.147559989252688,-12.142650127410889
G12D,75,G,N,-9.500259328642489,-9.49534946680069
G12D,75,G,P,-11.66041396931708,-11.65550410747528
G12D,75,G,Q,-11.499772418299319,-11.49486255645752
G12D,75,G,R,-7.209501374521853,-7.204591512680054
G12D,75,G,S,-6.5238381512552515,-6.518928289413452
G12D,75,G,T,-10.006275076428057,-10.001365214586258
G12D,75,G,V,-8.079679120340945,-8.074769258499146
G12D,75,G,W,-9.508825290957095,-9.503915429115295
G12D,75,G,Y,-12.055755365648867,-12.050845503807068
WT,76,E,A,-7.060759611914453,-7.038850873708725
WT,76,E,C,-11.437661625931558,-11.41575288772583
WT,76,E,D,-4.262938239167032,-4.241029500961304
WT,76,E,F,-12.423429467270669,-12.401520729064941
WT,76,E,G,-7.387504019329843,-7.365595281124115
WT,76,E,H,-8.153230406830605,-8.131321668624878
WT,76,E,I,-10.133371808121499,-10.111463069915771
WT,76,E,K,-7.253692545483408,-7.231783807277679
WT,76,E,L,-9.3405992766121,-9.318690538406372
WT,76,E,M,-9.93919751841813,-9.917288780212402
WT,76,E,N,-8.406297423432168,-8.38438868522644
WT,76,E,P,-10.784835793564614,-10.762927055358887
WT,76,E,Q,-5.529608347008524,-5.507699608802795
WT,76,E,R,-9.917897440979775,-9.895988702774048
WT,76,E,S,-8.453444697449502,-8.431535959243774
WT,76,E,T,-8.948255397866067,-8.92634665966034
WT,76,E,V,-8.242264487335976,-8.220355749130249
WT,76,E,W,-12.018788792679604,-11.996880054473877
WT,76,E,Y,-10.791788079331216,-10.769879341125488
G12D,76,E,A,-6.8075120355455505,-6.780675649642944
G12D,76,E,C,-11.135739317115984,-11.108902931213379
G12D,76,E,D,-4.134166231331073,-4.107329845428467
G12D,76,E,F,-12.139264097389422,-12.112427711486816
G12D,76,E,G,-7.073143711265765,-7.046307325363159
G12D,76,E,H,-7.866725733455859,-7.839889347553253
G12D,76,E,I,-9.944116106209002,-9.917279720306396
G12D,76,E,K,-6.726971020874225,-6.700134634971619
G12D,76,E,L,-9.114866962608538,-9.088030576705933
G12D,76,E,M,-9.705023040947161,-9.678186655044556
G12D,76,E,N,-8.173208704170428,-8.146372318267822
G12D,76,E,P,-10.582572927650652,-10.555736541748047
G12D,76,E,Q,-5.210140695747577,-5.183304309844971
G12D,76,E,R,-9.51422189730092,-9.487385511398315
G12D,76,E,S,-8.358044138130388,-8.331207752227783
G12D,76,E,T,-8.826161375221453,-8.799324989318848
G12D,76,E,V,-7.901667287525378,-7.874830901622772
G12D,76,E,W,-11.684883108314715,-11.65804672241211
G12D,76,E,Y,-10.454131355461321,-10.427294969558716
WT,77,G,A,-7.657716878934842,-7.657132387161255
WT,77,G,C,-10.490640201850873,-10.490055710077286
WT,77,G,D,-11.102698766871434,-11.102114275097847
WT,77,G,E,-11.573017605825406,-11.572433114051819
WT,77,G,F,-14.314937004133206,-14.31435251235962
WT,77,G,H,-15.964796432538968,-15.96421194076538
WT,77,G,I,-14.475199350400906,-14.47461485862732
WT,77,G,K,-14.571163066907864,-14.570578575134277
WT,77,G,L,-14.04847777752493,-14.047893285751343
WT,77,G,M,-14.8857287254772,-14.885144233703613
WT,77,G,N,-13.768938192411404,-13.768353700637817
WT,77,G,P,-14.35246718792532,-14.351882696151733
WT,77,G,Q,-15.57233990101431,-15.571755409240723
WT,77,G,R,-11.822367557569486,-11.821783065795898
WT,77,G,S,-10.338233717962247,-10.33764922618866
WT,77,G,T,-14.17347753910635,-14.172893047332764
WT,77,G,V,-11.255079397245389,-11.254494905471802
WT,77,G,W,-14.25500477223013,-14.254420280456543
WT,77,G,Y,-14.541410335584622,-14.540825843811035
G12D,77,G,A,-6.788906607154887,-6.78684139251709
G12D,77,G,C,-8.819122585777324,-8.817057371139526
G12D,77,G,D,-8.555493149284404,-8.553427934646606
G12D,77,G,E,-8.90948990297703,-8.907424688339233
G12D,77,G,F,-12.541229876998942,-12.539164662361145
G12D,77,G,H,-13.967151436332744,-13.965086221694946
G12D,77,G,I,-12.315226587776225,-12.313161373138428
G12D,77,G,K,-12.187855336193126,-12.185790121555328
G12D,77,G,L,-12.331812653068583,-12.329747438430786
G12D,77,G,M,-13.299343618873637,-13.29727840423584
G12D,77,G,N,-11.89146766376881,-11.889402449131012
G12D,77,G,P,-12.91888943624882,-12.916824221611023
G12D,77,G,Q,-13.662835630897563,-13.660770416259766
G12D,77,G,R,-8.93744162035374,-8.935376405715942
G12D,77,G,S,-8.7285421223679,-8.726476907730103
G12D,77,G,T,-12.381108197692912,-12.379042983055115
G12D,77,G,V,-9.0744152398148,-9.072350025177002
G12D,77,G,W,-11.516073230032008,-11.51400801539421
G12D,77,G,Y,-12.556116971496623,-12.554051756858826
WT,78,F,A,-13.693927629249899,-13.692989349365234
WT,78,F,C,-10.350440843361227,-10.349502563476562
WT,78,F,D,-15.624870641487448,-15.623932361602783
WT,78,F,E,-16.8536657526668,-16.852727472782135
WT,78,F,G,-15.044889791267721,-15.043951511383057
WT,78,F,H,-13.198010785835592,-13.197072505950928
WT,78,F,I,-8.455220086830465,-8.4542818069458
WT,78,F,K,-18.619238240974752,-18.618299961090088
WT,78,F,L,-8.531585557716696,-8.530647277832031
WT,78,F,M,-9.93526826645693,-9.934329986572266
WT,78,F,N,-13.883895499962179,-13.882957220077515
WT,78,F,P,-17.451465977686254,-17.45052769780159
WT,78,F,Q,-15.769532664078085,-15.76859438419342
WT,78,F,R,-17.066452337759344,-17.06551405787468
WT,78,F,S,-11.866217477577536,-11.865279197692871
WT,78,F,T,-13.857566221016256,-13.856627941131592
WT,78,F,V,-9.363264425056784,-9.36232614517212
WT,78,F,W,-11.209472043770162,-11.208533763885498
WT,78,F,Y,-8.004687173622457,-8.003748893737793
G12D,78,F,A,-12.903225830767123,-12.901657581329346
G12D,78,F,C,-9.647574833605258,-9.64600658416748
G12D,78,F,D,-14.435927561495273,-14.434359312057495
G12D,78,F,E,-15.68563657161948,-15.684068322181702
G12D,78,F,G,-14.073425224993198,-14.07185697555542
G12D,78,F,H,-12.54780571815726,-12.546237468719482
G12D,78,F,I,-8.04417555687186,-8.042607307434082
G12D,78,F,K,-17.01168101188895,-17.010112762451172
G12D,78,F,L,-7.92280047294852,-7.921232223510742
G12D,78,F,M,-9.62687533256766,-9.625307083129883
G12D,78,F,N,-13.084081581804721,-13.082513332366943
G12D,78,F,P,-16.104988626215427,-16.10342037677765
G12D,78,F,Q,-14.911520174715488,-14.90995192527771
G12D,78,F,R,-15.288663200113742,-15.287094950675964
G12D,78,F,S,-10.476946285936801,-10.475378036499023
G12D,78,F,T,-13.004580906603305,-13.003012657165527
G12D,78,F,V,-8.785723141405551,-8.784154891967773
G12D,78,F,W,-10.779707840654819,-10.778139591217041
G12D,78,F,Y,-7.531165531847446,-7.529597282409668
WT,79,L,A,-9.299183611381185,-9.267289638519287
WT,79,L,C,-8.594311956870687,-8.562417984008789
WT,79,L,D,-13.346855167853963,-13.314961194992065
WT,79,L,E,-14.395780567634237,-14.363886594772339
WT,79,L,F,-7.449674849021566,-7.417780876159668
WT,79,L,G,-12.537699465263021,-12.505805492401123
WT,79,L,H,-11.210494760978353,-11.178600788116455
WT,79,L,I,-4.009613279807699,-3.977719306945801
WT,79,L,K,-13.992182974326742,-13.960289001464844
WT,79,L,M,-4.834100965964925,-4.802206993103027
WT,79,L,N,-10.613211874473226,-10.581317901611328
WT,79,L,P,-13.125332121360433,-13.093438148498535
WT,79,L,Q,-9.8617484612347,-9.829854488372803
WT,79,L,R,-14.758064274299276,-14.726170301437378
WT,79,L,S,-8.99510503243221,-8.963211059570312
WT,79,L,T,-8.976941351401937,-8.945047378540039
WT,79,L,V,-5.506222013938558,-5.47432804107666
WT,79,L,W,-13.429789309013021,-13.397895336151123
WT,79,L,Y,-10.962471250999105,-10.930577278137207
G12D,79,L,A,-9.117262450686887,-9.082340240478516
G12D,79,L,C,-8.541941253177121,-8.50701904296875
G12D,79,L,D,-12.739742843142942,-12.70482063293457
G12D,79,L,E,-13.866676417819455,-13.831754207611084
G12D,79,L,F,-7.209432212344602,-7.1745100021362305
G12D,79,L,G,-12.286574927798704,-12.251652717590332
G12D,79,L,H,-10.809096423617795,-10.774174213409424
G12D,79,L,I,-3.9267087855257543,-3.891786575317383
G12D,79,L,K,-13.196204749576047,-13.161282539367676
G12D,79,L,M,-4.778154937259153,-4.743232727050781
G12D,79,L,N,-10.388483611575559,-10.353561401367188
G12D,79,L,P,-12.173824397555784,-12.138902187347412
G12D,79,L,Q,-9.632140723697141,-9.59721851348877
G12D,79,L,R,-13.736950723163083,-13.702028512954712
G12D,79,L,S,-8.870050994388059,-8.835128784179688
G12D,79,L,T,-8.933770743838743,-8.898848533630371
G12D,79,L,V,-5.357565490237668,-5.322643280029297
G12D,79,L,W,-13.052543727389768,-13.017621517181396
G12D,79,L,Y,-10.786075202456907,-10.751152992248535
WT,80,C,A,-7.564259935566557,-7.080282211303711
WT,80,C,D,-12.676215101429595,-12.192237377166748
WT,80,C,E,-12.031321932026518,-11.547344207763672
WT,80,C,F,-7.173007417866362,-6.689029693603516
WT,80,C,G,-8.567121912190093,-8.083144187927246
WT,80,C,H,-9.885275293537749,-9.401297569274902
WT,80,C,I,-3.6227230321852097,-3.1387453079223633
WT,80,C,K,-13.004614282795561,-12.520636558532715
WT,80,C,L,-1.0865873586622605,-0.6026096343994141
WT,80,C,M,-5.1637663137403855,-4.679788589477539
WT,80,C,N,-8.659471918293608,-8.175494194030762
WT,80,C,P,-10.782034326740874,-10.298056602478027
WT,80,C,Q,-8.275030542561186,-7.79105281829834
WT,80,C,R,-11.483923364826811,-10.999945640563965
WT,80,C,S,-6.349841524311675,-5.865863800048828
WT,80,C,T,-6.626721788593901,-6.142744064331055
WT,80,C,V,-4.7361540090528855,-4.252176284790039
WT,80,C,W,-11.569869924732817,-11.08589220046997
WT,80,C,Y,-10.704569269367827,-10.22059154510498
G12D,80,C,A,-7.548133842442994,-6.9884033203125
G12D,80,C,D,-12.058245651219849,-11.498515129089355
G12D,80,C,E,-11.44043158719397,-10.880701065063477
G12D,80,C,F,-6.6542949599967045,-6.094564437866211
G12D,80,C,G,-8.480735771153931,-7.9210052490234375
G12D,80,C,H,-9.228829376195435,-8.669098854064941
G12D,80,C,I,-3.5413608474478764,-2.981630325317383
G12D,80,C,K,-12.010466567967896,-11.450736045837402
G12D,80,C,L,-0.972059242223267,-0.41232872009277344
G12D,80,C,M,-5.125627510045533,-4.565896987915039
G12D,80,C,N,-8.64488600919104,-8.085155487060547
G12D,80,C,P,-10.054328910802369,-9.494598388671875
G12D,80,C,Q,-7.942178718541626,-7.382448196411133
G12D,80,C,R,-10.246954910253052,-9.687224388122559
G12D,80,C,S,-6.3966216964469,-5.836891174316406
G12D,80,C,T,-6.744514457677369,-6.184783935546875
G12D,80,C,V,-4.630022994969849,-4.0702924728393555
G12D,80,C,W,-11.02237509915686,-10.462644577026367
G12D,80,C,Y,-10.118597022984986,-9.558866500854492
WT,81,V,A,-6.662688781450706,-6.615740776062012
WT,81,V,C,-4.56900935335012,-4.522061347961426
WT,81,V,D,-10.154339839647728,-10.107391834259033
WT,81,V,E,-11.215488959978538,-11.168540954589844
WT,81,V,F,-9.368227054308372,-9.321279048919678
WT,81,V,G,-8.613280822466331,-8.566332817077637
WT,81,V,H,-13.517325450609642,-13.470377445220947
WT,81,V,I,-3.6781697766289287,-3.6312217712402344
WT,81,V,K,-13.592805911730247,-13.545857906341553
WT,81,V,L,-5.209131766985374,-5.16218376159668
WT,81,V,M,-6.7969108120903545,-6.74996280670166
WT,81,V,N,-9.905139972399192,-9.858191967010498
WT,81,V,P,-10.107542564104515,-10.06059455871582
WT,81,V,Q,-13.261123944948631,-13.214175939559937
WT,81,V,R,-13.315730382631736,-13.268782377243042
WT,81,V,S,-9.20611815614553,-9.159170150756836
WT,81,V,T,-6.300399352739769,-6.253451347351074
WT,81,V,W,-14.379037787149864,-14.33208978176117
WT,81,V,Y,-12.877302695940452,-12.830354690551758
G12D,81,V,A,-6.510123082680671,-6.465009689331055
G12D,81,V,C,-4.88184339670655,-4.836730003356934
G12D,81,V,D,-9.50391370920655,-9.458800315856934
G12D,81,V,E,-10.406182118935554,-10.361068725585938
G12D,81,V,F,-8.843024083657234,-8.797910690307617
G12D,81,V,G,-8.227203675789802,-8.182090282440186
G12D,81,V,H,-13.087531158013313,-13.042417764663696
G12D,81,V,I,-3.666351148171394,-3.6212377548217773
G12D,81,V,K,-12.653278657479255,-12.608165264129639
G12D,81,V,L,-5.172015019936531,-5.126901626586914
G12D,81,V,M,-6.54612619547364,-6.501012802124023
G12D,81,V,N,-9.763632127327888,-9.718518733978271
G12D,81,V,P,-10.174083539528816,-10.1289701461792
G12D,81,V,Q,-12.88601786760804,-12.840904474258423
G12D,81,V,R,-12.302038022561042,-12.256924629211426
G12D,81,V,S,-9.136212178750007,-9.09109878540039
G12D,81,V,T,-6.4375150886010815,-6.392401695251465
G12D,81,V,W,-13.660213538689582,-13.615100145339966
G12D,81,V,Y,-12.337817021889656,-12.292703628540039
WT,82,F,A,-13.68771545508352,-13.392418384552002
WT,82,F,C,-10.480287953405053,-10.184990882873535
WT,82,F,D,-16.706916256932885,-16.411619186401367
WT,82,F,E,-18.67402736762014,-18.378730297088623
WT,82,F,G,-15.682818337468774,-15.387521266937256
WT,82,F,H,-8.506476803807885,-8.211179733276367
WT,82,F,I,-10.939309521703393,-10.644012451171875
WT,82,F,K,-18.090414210347802,-17.795117139816284
WT,82,F,L,-8.357633992223413,-8.062336921691895
WT,82,F,M,-9.507720395116479,-9.212423324584961
WT,82,F,N,-12.69671671011892,-12.401419639587402
WT,82,F,P,-17.771284266500146,-17.475987195968628
WT,82,F,Q,-13.924137040166528,-13.62883996963501
WT,82,F,R,-16.97720234015432,-16.681905269622803
WT,82,F,S,-12.634120389012963,-12.338823318481445
WT,82,F,T,-12.673938199071557,-12.378641128540039
WT,82,F,V,-10.970675869969995,-10.675378799438477
WT,82,F,W,-9.827783986119897,-9.532486915588379
WT,82,F,Y,-1.3663191042229244,-1.0710220336914062
G12D,82,F,A,-13.21138773715505,-12.883173942565918
G12D,82,F,C,-9.788516147494406,-9.460302352905273
G12D,82,F,D,-15.219287021517843,-14.891073226928711
G12D,82,F,E,-17.540028674960226,-17.211814880371094
G12D,82,F,G,-15.016526801943868,-14.688313007354736
G12D,82,F,H,-8.20606718814382,-7.8778533935546875
G12D,82,F,I,-10.42509566104421,-10.096881866455078
G12D,82,F,K,-16.984638793826193,-16.65642499923706
G12D,82,F,L,-7.992163761019796,-7.663949966430664
G12D,82,F,M,-9.302166087985128,-8.973952293395996
G12D,82,F,N,-12.007447345614523,-11.67923355102539
G12D,82,F,P,-16.984614713549703,-16.65640091896057
G12D,82,F,Q,-13.353214366793722,-13.02500057220459
G12D,82,F,R,-15.68952379977712,-15.361310005187988
G12D,82,F,S,-11.679929836154074,-11.351716041564941
G12D,82,F,T,-12.114513500094503,-11.786299705505371
G12D,82,F,V,-10.463822467684835,-10.135608673095703
G12D,82,F,W,-9.596233470797628,-9.268019676208496
G12D,82,F,Y,-1.2770091131926478,-0.9487953186035156
WT,83,A,C,-6.622088817477895,-6.572244644165039
WT,83,A,D,-7.763709453464223,-7.713865280151367
WT,83,A,E,-11.082597164035512,-11.032752990722656
WT,83,A,F,-11.990550426364614,-11.940706253051758
WT,83,A,G,-5.8308328665501605,-5.780988693237305
WT,83,A,H,-12.731333640933705,-12.68148946762085
WT,83,A,I,-11.01274958026476,-10.962905406951904
WT,83,A,K,-15.92793980014391,-15.878095626831055
WT,83,A,L,-11.565867332339955,-11.5160231590271
WT,83,A,M,-11.336603549838735,-11.286759376525879
WT,83,A,N,-8.809246448398305,-8.75940227508545
WT,83,A,P,-10.23097935092516,-10.181135177612305
WT,83,A,Q,-12.439254669070912,-12.389410495758057
WT,83,A,R,-14.047484783054067,-13.997640609741211
WT,83,A,S,-3.2230018652684223,-3.1731576919555664
WT,83,A,T,-5.712270168185903,-5.662425994873047
WT,83,A,V,-7.54688682925768,-7.497042655944824
WT,83,A,W,-15.13438454043932,-15.084540367126465
WT,83,A,Y,-11.528272537112905,-11.478428363800049
G12D,83,A,C,-6.545626721379559,-6.474819183349609
G12D,83,A,D,-7.120468220708172,-7.049660682678223
G12D,83,A,E,-10.316390118596356,-10.245582580566406
G12D,83,A,F,-10.934364399907391,-10.863556861877441
G12D,83,A,G,-5.589799008366864,-5.518991470336914
G12D,83,A,H,-11.942040524480145,-11.871232986450195
G12D,83,A,I,-10.182144722935956,-10.111337184906006
G12D,83,A,K,-13.895509800908368,-13.824702262878418
G12D,83,A,L,-10.696744523045819,-10.62593698501587
G12D,83,A,M,-10.875647625920575,-10.804840087890625
G12D,83,A,N,-8.542352757451336,-8.471545219421387
G12D,83,A,P,-9.259893021580975,-9.189085483551025
G12D,83,A,Q,-11.662889561650555,-11.592082023620605
G12D,83,A,R,-12.204838833806317,-12.134031295776367
G12D,83,A,S,-2.8795510148976255,-2.808743476867676
G12D,83,A,T,-5.377983174321454,-5.307175636291504
G12D,83,A,V,-6.788006863591473,-6.717199325561523
G12D,83,A,W,-13.617572388646405,-13.546764850616455
G12D,83,A,Y,-10.408362946507733,-10.337555408477783
WT,84,I,A,-9.277783053389973,-9.081058502197266
WT,84,I,C,-7.740561144820637,-7.54383659362793
WT,84,I,D,-14.044936078063435,-13.848211526870728
WT,84,I,E,-13.2107592992701,-13.014034748077393
WT,84,I,F,-10.06551422404427,-9.868789672851562
WT,84,I,G,-14.069342153541035,-13.872617602348328
WT,84,I,H,-13.135968583098835,-12.939244031906128
WT,84,I,K,-14.836232023707813,-14.639507472515106
WT,84,I,L,-4.252157824508137,-4.05543327331543
WT,84,I,M,-7.128334658614582,-6.931610107421875
WT,84,I,N,-11.123467581740803,-10.926743030548096
WT,84,I,P,-14.45821716117043,-14.261492609977722
WT,84,I,Q,-12.59053339289803,-12.393808841705322
WT,84,I,R,-15.193111794463581,-14.996387243270874
WT,84,I,S,-10.351313250533527,-10.15458869934082
WT,84,I,T,-7.02082313822884,-6.824098587036133
WT,84,I,V,-1.8201128415979806,-1.6233882904052734
WT,84,I,W,-13.105644600860066,-12.908920049667358
WT,84,I,Y,-11.13408293055672,-10.937358379364014
G12D,84,I,A,-8.957182015579876,-8.75813102722168
G12D,84,I,C,-7.654061402481732,-7.455010414123535
G12D,84,I,D,-13.348281706970868,-13.149230718612671
G12D,84,I,E,-12.645099724930462,-12.446048736572266
G12D,84,I,F,-9.556205834549603,-9.357154846191406
G12D,84,I,G,-13.503822173279461,-13.304771184921265
G12D,84,I,H,-12.835136737030682,-12.636085748672485
G12D,84,I,K,-13.831099118393597,-13.6320481300354
G12D,84,I,L,-4.157313431900677,-3.9582624435424805
G12D,84,I,M,-6.808572854202923,-6.609521865844727
G12D,84,I,N,-10.739762868088421,-10.540711879730225
G12D,84,I,P,-13.898302044075665,-13.699251055717468
G12D,84,I,Q,-12.393766726654706,-12.194715738296509
G12D,84,I,R,-14.05982908169621,-13.860778093338013
G12D,84,I,S,-10.017652596634564,-9.818601608276367
G12D,84,I,T,-6.821723069351849,-6.622672080993652
G12D,84,I,V,-1.8210125819861265,-1.6219615936279297
G12D,84,I,W,-12.736655320328412,-12.537604331970215
G12D,84,I,Y,-10.764219369095501,-10.565168380737305
WT,85,N,A,-7.957323586527114,-7.7552032470703125
WT,85,N,C,-9.03634408671022,-8.834223747253418
WT,85,N,D,-3.3129001017248676,-3.1107797622680664
WT,85,N,E,-8.684915101114516,-8.482794761657715
WT,85,N,F,-10.733870064798598,-10.531749725341797
WT,85,N,G,-7.193300759378676,-6.991180419921875
WT,85,N,H,-7.154597794595961,-6.95247745513916
WT,85,N,I,-6.693254983011489,-6.4911346435546875
WT,85,N,K,-8.798689400736098,-8.596569061279297
WT,85,N,L,-9.55145410257936,-9.349333763122559
WT,85,N,M,-9.396147286478286,-9.194026947021484
WT,85,N,P,-10.998925721231704,-10.796805381774902
WT,85,N,Q,-8.040298974100356,-7.838178634643555
WT,85,N,R,-11.446866070810561,-11.24474573135376
WT,85,N,S,-5.010134255472426,-4.808013916015625
WT,85,N,T,-2.00057462412477,-1.7984542846679688
WT,85,N,V,-7.581012284342055,-7.378891944885254
WT,85,N,W,-12.108372723642592,-11.906252384185791
WT,85,N,Y,-9.773247277323012,-9.571126937866211
G12D,85,N,A,-7.725102894780566,-7.503049850463867
G12D,85,N,C,-8.719475262639452,-8.497422218322754
G12D,85,N,D,-3.2509760789846673,-3.0289230346679688
G12D,85,N,E,-8.539843075749804,-8.317790031433105
G12D,85,N,F,-10.307056897160937,-10.085003852844238
G12D,85,N,G,-7.12092541980498,-6.898872375488281
G12D,85,N,H,-6.8179554872488275,-6.595902442932129
G12D,85,N,I,-6.449380391118456,-6.227327346801758
G12D,85,N,K,-7.979521267888476,-7.757468223571777
G12D,85,N,L,-9.510764592168261,-9.288711547851562
G12D,85,N,M,-9.175032132146288,-8.95297908782959
G12D,85,N,P,-10.59932946490996,-10.377276420593262
G12D,85,N,Q,-8.066339962956835,-7.844286918640137
G12D,85,N,R,-10.493258946416308,-10.27120590209961
G12D,85,N,S,-4.775913708684374,-4.553860664367676
G12D,85,N,T,-1.9233088426565423,-1.7012557983398438
G12D,85,N,V,-7.556600087163378,-7.33454704284668
G12D,85,N,W,-11.592530243871142,-11.370477199554443
G12D,85,N,Y,-9.332673542973925,-9.110620498657227
WT,86,N,A,-4.484929935421526,-3.1927566528320312
WT,86,N,C,-5.53579510876137,-4.243621826171875
WT,86,N,D,-4.72516335674721,-3.432990074157715
WT,86,N,E,-4.7731598777433035,-3.4809865951538086
WT,86,N,F,-5.850981609310686,-4.558808326721191
WT,86,N,G,-5.645924465145647,-4.353751182556152
WT,86,N,H,-5.081541912045061,-3.7893686294555664
WT,86,N,I,-6.498869792904436,-5.206696510314941
WT,86,N,K,-6.089465991940081,-4.797292709350586
WT,86,N,L,-4.367103473629534,-3.074930191040039
WT,86,N,M,-5.34852589794594,-4.056352615356445
WT,86,N,P,-12.083583251919329,-10.791409969329834
WT,86,N,Q,-3.206322566952288,-1.914149284362793
WT,86,N,R,-7.31897439190346,-6.026801109313965
WT,86,N,S,-0.49574650951820587,0.7964267730712891
WT,86,N,T,-6.055232421841204,-4.763059139251709
WT,86,N,V,-5.569076435055315,-4.27690315246582
WT,86,N,W,-9.14996804424721,-7.857794761657715
WT,86,N,Y,-6.0373104972501395,-4.7451372146606445
G12D,86,N,A,-4.638798500971241,-3.451345443725586
G12D,86,N,C,-5.197839524225635,-4.0103864669799805
G12D,86,N,D,-4.184534813837452,-2.997081756591797
G12D,86,N,E,-4.483404900507374,-3.2959518432617188
G12D,86,N,F,-5.852371003107471,-4.664917945861816
G12D,86,N,G,-5.608794953302784,-4.421341896057129
G12D,86,N,H,-5.035071160272999,-3.8476181030273438
G12D,86,N,I,-6.357416893915577,-5.169963836669922
G12D,86,N,K,-5.218579079584522,-4.031126022338867
G12D,86,N,L,-4.420182015375538,-3.232728958129883
G12D,86,N,M,-5.6272924203437995,-4.4398393630981445
G12D,86,N,P,-11.862663771585865,-10.67521071434021
G12D,86,N,Q,-3.282038475946827,-2.094585418701172
G12D,86,N,R,-6.373152996973438,-5.185699939727783
G12D,86,N,S,-0.5636670846504401,0.6237859725952148
G12D,86,N,T,-6.054951455072803,-4.867498397827148
G12D,86,N,V,-5.514099862055225,-4.32664680480957
G12D,86,N,W,-8.756799008325977,-7.569345951080322
G12D,86,N,Y,-5.9813621301216315,-4.793909072875977
WT,87,T,A,-2.240076275582542,-0.6177148818969727
WT,87,T,C,-6.302977772469749,-4.68061637878418
WT,87,T,D,-6.265696736092796,-4.643335342407227
WT,87,T,E,-5.9199506957485575,-4.297589302062988
WT,87,T,F,-6.060782643075218,-4.438421249389648
WT,87,T,G,-4.2091047484829325,-2.5867433547973633
WT,87,T,H,-4.877903195138206,-3.2555418014526367
WT,87,T,I,-3.851702900643577,-2.229341506958008
WT,87,T,K,-1.5702993590786356,0.052062034606933594
WT,87,T,L,-3.883732052560081,-2.2613706588745117
WT,87,T,M,-4.145977230782737,-2.523615837097168
WT,87,T,N,-4.0064117629482645,-2.3840503692626953
WT,87,T,P,-3.2998611648037333,-1.677499771118164
WT,87,T,Q,-2.612693997140159,-0.9903326034545898
WT,87,T,R,-2.304214688058128,-0.6818532943725586
WT,87,T,S,-1.9886886794521708,-0.36632728576660156
WT,87,T,V,-3.582229824776878,-1.9598684310913086
WT,87,T,W,-6.047071667428245,-4.424710273742676
WT,87,T,Y,-5.534559460396995,-3.912198066711426
G12D,87,T,A,-2.2938870606956634,-0.5311412811279297
G12D,87,T,C,-6.111964148098007,-4.349218368530273
G12D,87,T,D,-6.197544973903671,-4.4347991943359375
G12D,87,T,E,-5.751706999355331,-3.9889612197875977
G12D,87,T,F,-5.886170309597031,-4.123424530029297
G12D,87,T,G,-4.266487997585312,-2.503742218017578
G12D,87,T,H,-4.769195478969589,-3.0064496994018555
G12D,87,T,I,-3.8620595155296478,-2.099313735961914
G12D,87,T,K,-1.438386839443222,0.3243589401245117
G12D,87,T,L,-3.808388632350937,-2.045642852783203
G12D,87,T,M,-4.059891623073593,-2.2971458435058594
G12D,87,T,N,-4.03501407485582,-2.272268295288086
G12D,87,T,P,-3.245091360622421,-1.4823455810546875
G12D,87,T,Q,-2.7180070100364837,-0.95526123046875
G12D,87,T,R,-2.1831511674461517,-0.42040538787841797
G12D,87,T,S,-2.0580739198265228,-0.29532814025878906
G12D,87,T,V,-3.6429099259910735,-1.8801641464233398
G12D,87,T,W,-5.784503859096542,-4.021758079528809
G12D,87,T,Y,-5.348153036647812,-3.585407257080078
WT,88,K,A,-3.370829921745303,-2.9617300033569336
WT,88,K,C,-8.471731048606875,-8.062631130218506
WT,88,K,D,-6.438522678398135,-6.029422760009766
WT,88,K,E,-4.756500583671572,-4.347400665283203
WT,88,K,F,-7.623076301597598,-7.2139763832092285
WT,88,K,G,-3.9662555275192286,-3.5571556091308594
WT,88,K,H,-5.652845722221377,-5.243745803833008
WT,88,K,I,-6.844975334190371,-6.435875415802002
WT,88,K,L,-6.660055500053408,-6.250955581665039
WT,88,K,M,-5.711152416252139,-5.3020524978637695
WT,88,K,N,-4.567549091362002,-4.158449172973633
WT,88,K,P,-5.752889972709658,-5.343790054321289
WT,88,K,Q,-2.1188243446579005,-1.7097244262695312
WT,88,K,R,-3.5026744423141505,-3.0935745239257812
WT,88,K,S,-2.6745494423141505,-2.2654495239257812
WT,88,K,T,-3.620114666007998,-3.211014747619629
WT,88,K,V,-6.190562587760928,-5.781462669372559
WT,88,K,W,-9.801846366905215,-9.392746448516846
WT,88,K,Y,-7.237797122978213,-6.828697204589844
G12D,88,K,A,-3.713187129500744,-3.3783111572265625
G12D,88,K,C,-8.288351924422619,-7.9534759521484375
G12D,88,K,D,-6.038554103377697,-5.703678131103516
G12D,88,K,E,-4.788073451522228,-4.453197479248047
G12D,88,K,F,-7.295005710128185,-6.960129737854004
G12D,88,K,G,-4.219124705794689,-3.884248733520508
G12D,88,K,H,-5.7745827746423455,-5.439706802368164
G12D,88,K,I,-6.649566562178967,-6.314690589904785
G12D,88,K,L,-6.5261391711267205,-6.191263198852539
G12D,88,K,M,-5.72576132536256,-5.390885353088379
G12D,88,K,N,-4.586074740889904,-4.251198768615723
G12D,88,K,P,-5.96614447355592,-5.631268501281738
G12D,88,K,Q,-2.6596535754235955,-2.324777603149414
G12D,88,K,R,-3.0617198061975213,-2.72684383392334
G12D,88,K,S,-2.7062701296838494,-2.371394157409668
G12D,88,K,T,-3.6706780505212517,-3.3358020782470703
G12D,88,K,V,-6.275417239669201,-5.9405412673950195
G12D,88,K,W,-9.235574157241222,-8.900698184967041
G12D,88,K,Y,-6.99159613371217,-6.656720161437988
WT,89,S,A,-7.269173753514211,-7.245144367218018
WT,89,S,C,-7.810827386631887,-7.786798000335693
WT,89,S,D,-10.868173372998159,-10.844143986701965
WT,89,S,E,-12.244140637173574,-12.22011125087738
WT,89,S,F,-11.485345018162649,-11.461315631866455
WT,89,S,G,-7.476093423619192,-7.452064037322998
WT,89,S,H,-11.229556453480642,-11.205527067184448
WT,89,S,I,-12.179406059040945,-12.155376672744751
WT,89,S,K,-14.154852283253591,-14.130822896957397
WT,89,S,L,-11.850652110829275,-11.826622724533081
WT,89,S,M,-11.300560605778616,-11.276531219482422
WT,89,S,N,-5.830554616703909,-5.806525230407715
WT,89,S,P,-12.38157190109722,-12.357542514801025
WT,89,S,Q,-11.323830020680349,-11.299800634384155
WT,89,S,R,-14.139597666516226,-14.115568280220032
WT,89,S,T,-3.9618364694260766,-3.937807083129883
WT,89,S,V,-11.480126393093984,-11.45609700679779
WT,89,S,W,-14.115312826886099,-14.091283440589905
WT,89,S,Y,-11.6564767482423,-11.632447361946106
G12D,89,S,A,-6.910969144613,-6.882065296173096
G12D,89,S,C,-7.447421914846155,-7.41851806640625
G12D,89,S,D,-10.055669671804162,-10.026765823364258
G12D,89,S,E,-11.308957940847131,-11.280054092407227
G12D,89,S,F,-10.425294524938318,-10.396390676498413
G12D,89,S,G,-7.163088208944055,-7.13418436050415
G12D,89,S,H,-10.672643548757287,-10.643739700317383
G12D,89,S,I,-10.889799005300256,-10.860895156860352
G12D,89,S,K,-12.050941831380579,-12.022037982940674
G12D,89,S,L,-10.784787542134973,-10.755883693695068
G12D,89,S,M,-10.454365617543909,-10.425461769104004
G12D,89,S,N,-5.761227018148157,-5.732323169708252
G12D,89,S,P,-11.276175624639245,-11.24727177619934
G12D,89,S,Q,-10.822351819783899,-10.793447971343994
G12D,89,S,R,-11.944986230642053,-11.916082382202148
G12D,89,S,T,-3.784813768178674,-3.7559099197387695
G12D,89,S,V,-10.665829307347986,-10.636925458908081
G12D,89,S,W,-12.79997003725216,-12.771066188812256
G12D,89,S,Y,-10.580069906026575,-10.55116605758667
WT,90,F,A,-7.516673174084712,-7.415266036987305
WT,90,F,C,-7.633958425702144,-7.532551288604736
WT,90,F,D,-11.765781488598872,-11.664374351501465
WT,90,F,E,-11.444676962079097,-11.34326982498169
WT,90,F,G,-11.865585889996577,-11.76417875289917
WT,90,F,H,-7.920331564129878,-7.818924427032471
WT,90,F,I,-6.418753709973384,-6.317346572875977
WT,90,F,K,-11.314097013653804,-11.212689876556396
WT,90,F,L,-3.0329991247072705,-2.9315919876098633
WT,90,F,M,-6.068350877942134,-5.966943740844727
WT,90,F,N,-9.970638837994624,-9.869231700897217
WT,90,F,P,-11.982813921155024,-11.881406784057617
WT,90,F,Q,-9.846387472333003,-9.744980335235596
WT,90,F,R,-11.878178205670405,-11.776771068572998
WT,90,F,S,-7.993794050396968,-7.8923869132995605
WT,90,F,T,-9.099683370770503,-8.998276233673096
WT,90,F,V,-5.836114015759517,-5.734706878662109
WT,90,F,W,-6.206940736950923,-6.105533599853516
WT,90,F,Y,-3.288448419751216,-3.1870412826538086
G12D,90,F,A,-7.467901415119995,-7.366357326507568
G12D,90,F,C,-7.390371507893432,-7.288827419281006
G12D,90,F,D,-11.441290563832153,-11.339746475219727
G12D,90,F,E,-11.265927500019897,-11.16438341140747
G12D,90,F,G,-11.548446840535034,-11.446902751922607
G12D,90,F,H,-8.020211405049194,-7.918667316436768
G12D,90,F,I,-6.28106088090979,-6.179516792297363
G12D,90,F,K,-11.064944929371704,-10.963400840759277
G12D,90,F,L,-2.9558608000382076,-2.8543167114257812
G12D,90,F,M,-6.110798544178833,-6.009254455566406
G12D,90,F,N,-9.830020136128296,-9.72847604751587
G12D,90,F,P,-11.441839403401245,-11.340295314788818
G12D,90,F,Q,-9.858646578083862,-9.757102489471436
G12D,90,F,R,-11.492748445759643,-11.391204357147217
G12D,90,F,S,-7.5596320097550045,-7.458087921142578
G12D,90,F,T,-9.012075609455932,-8.910531520843506
G12D,90,F,V,-5.7644001906021725,-5.662856101989746
G12D,90,F,W,-6.2705695097550045,-6.169025421142578
G12D,90,F,Y,-3.4122855131729732,-3.310741424560547
WT,91,E,A,-5.3002210448983575,-5.022438049316406
WT,91,E,C,-10.198754866004315,-9.920971870422363
WT,91,E,D,-1.7556081603768732,-1.4778251647949219
WT,91,E,F,-8.500910360694256,-8.223127365112305
WT,91,E,G,-6.695244390845623,-6.417461395263672
WT,91,E,H,-5.9405666183236505,-5.662783622741699
WT,91,E,I,-7.524453718543377,-7.246670722961426
WT,91,E,K,-7.512633879065838,-7.234850883483887
WT,91,E,L,-6.640241224646893,-6.362458229064941
WT,91,E,M,-7.177343923926678,-6.899560928344727
WT,91,E,N,-4.942682821631756,-4.664899826049805
WT,91,E,P,-11.055271704078045,-10.777488708496094
WT,91,E,Q,-3.331084806800213,-3.0533018112182617
WT,91,E,R,-8.881018240332928,-8.603235244750977
WT,91,E,S,-5.018069822669354,-4.740286827087402
WT,91,E,T,-5.106769163489666,-4.828986167907715
WT,91,E,V,-6.771053869605389,-6.4932708740234375
WT,91,E,W,-10.248822767615643,-9.971039772033691
WT,91,E,Y,-7.456020910621014,-7.1782379150390625
G12D,91,E,A,-4.811106000018782,-4.460919380187988
G12D,91,E,C,-9.317409787250227,-8.967223167419434
G12D,91,E,D,-1.6925614214665359,-1.3423748016357422
G12D,91,E,F,-7.783100400043196,-7.432913780212402
G12D,91,E,G,-6.166578564716048,-5.816391944885254
G12D,91,E,H,-5.3625433779484695,-5.012356758117676
G12D,91,E,I,-6.8009589052922195,-6.450772285461426
G12D,91,E,K,-6.404775891376204,-6.05458927154541
G12D,91,E,L,-6.030146870685286,-5.679960250854492
G12D,91,E,M,-6.624313626361555,-6.274127006530762
G12D,91,E,N,-4.130533490253157,-3.7803468704223633
G12D,91,E,P,-10.52233580119676,-10.172149181365967
G12D,91,E,Q,-3.045718464923567,-2.6955318450927734
G12D,91,E,R,-7.791011128497786,-7.440824508666992
G12D,91,E,S,-4.497381482196516,-4.147194862365723
G12D,91,E,T,-4.530954632831282,-4.180768013000488
G12D,91,E,V,-6.138983044696516,-5.788796424865723
G12D,91,E,W,-9.472781453204817,-9.122594833374023
G12D,91,E,Y,-6.6972601748234695,-6.347073554992676
WT,92,D,A,-3.989429074971511,-3.7246999740600586
WT,92,D,C,-8.386141378133132,-8.12141227722168
WT,92,D,E,-1.640305120198562,-1.3755760192871094
WT,92,D,F,-10.176668721883132,-9.91193962097168
WT,92,D,G,-5.961192685811355,-5.696463584899902
WT,92,D,H,-8.653811055867507,-8.389081954956055
WT,92,D,I,-8.644446927754714,-8.379717826843262
WT,92,D,K,-9.756163198201492,-9.491434097290039
WT,92,D,L,-7.291365224568679,-7.026636123657227
WT,92,D,M,-7.015110570638015,-6.7503814697265625
WT,92,D,N,-5.753699857442214,-5.488970756530762
WT,92,D,P,-10.418386060445144,-10.153656959533691
WT,92,D,Q,-5.91638620540364,-5.6516571044921875
WT,92,D,R,-10.830515939442947,-10.565786838531494
WT,92,D,S,-4.830819684712722,-4.5660905838012695
WT,92,D,T,-7.059570867268874,-6.794841766357422
WT,92,D,V,-7.554541188924148,-7.289812088012695
WT,92,D,W,-12.39516170665486,-12.130432605743408
WT,92,D,Y,-10.128034192769363,-9.86330509185791
G12D,92,D,A,-3.317074283130321,-2.981660842895508
G12D,92,D,C,-7.105679019458446,-6.770265579223633
G12D,92,D,E,-1.6552061877323716,-1.3197927474975586
G12D,92,D,F,-8.809868319995555,-8.474454879760742
G12D,92,D,G,-5.187655910022411,-4.852242469787598
G12D,92,D,H,-7.3438238940312,-7.008410453796387
G12D,92,D,I,-7.045008166797313,-6.7095947265625
G12D,92,D,K,-7.448891147143993,-7.11347770690918
G12D,92,D,L,-5.898632510669383,-5.56321907043457
G12D,92,D,M,-5.822787745959911,-5.487374305725098
G12D,92,D,N,-4.731805308826122,-4.396391868591309
G12D,92,D,P,-9.422586902148876,-9.087173461914062
G12D,92,D,Q,-4.789816363818797,-4.454402923583984
G12D,92,D,R,-8.341713412768993,-8.00629997253418
G12D,92,D,S,-3.8813576541020005,-3.5459442138671875
G12D,92,D,T,-5.801789744861278,-5.466376304626465
G12D,92,D,V,-6.231357081897411,-5.895943641662598
G12D,92,D,W,-10.768875583179149,-10.433462142944336
G12D,92,D,Y,-8.491690143115672,-8.15627670288086
WT,93,I,A,-5.795368739868975,-5.396873474121094
WT,93,I,C,-5.73881966760335,-5.340324401855469
WT,93,I,D,-9.644829818512774,-9.246334552764893
WT,93,I,E,-9.472535201813555,-9.074039936065674
WT,93,I,F,-7.913137027527666,-7.514641761779785
WT,93,I,G,-9.552720138336992,-9.154224872589111
WT,93,I,H,-9.91418416192708,-9.5156888961792
WT,93,I,K,-11.283298799301958,-10.884803533554077
WT,93,I,L,-2.095096179749346,-1.6966009140014648
WT,93,I,M,-4.606521198059893,-4.208025932312012
WT,93,I,N,-6.707300254608965,-6.308804988861084
WT,93,I,P,-7.409377166535235,-7.0108819007873535
WT,93,I,Q,-7.374277660157061,-6.97578239440918
WT,93,I,R,-11.44563324144063,-11.047137975692749
WT,93,I,S,-6.7723928182381155,-6.373897552490234
WT,93,I,T,-3.2232547490852834,-2.8247594833374023
WT,93,I,V,-1.9302917211311819,-1.5317964553833008
WT,93,I,W,-11.98295480897603,-11.58445954322815
WT,93,I,Y,-10.33014685800252,-9.931651592254639
G12D,93,I,A,-5.4940151118494125,-5.094093322753906
G12D,93,I,C,-5.8436502360559555,-5.443728446960449
G12D,93,I,D,-9.187622442171678,-8.787700653076172
G12D,93,I,E,-9.074362649843797,-8.674440860748291
G12D,93,I,F,-7.6209072016931625,-7.220985412597656
G12D,93,I,G,-9.220128908083543,-8.820207118988037
G12D,93,I,H,-9.680972471163377,-9.281050682067871
G12D,93,I,K,-10.40126599304448,-10.001344203948975
G12D,93,I,L,-2.2308105372644516,-1.8308887481689453
G12D,93,I,M,-4.5298274897791,-4.129905700683594
G12D,93,I,N,-6.654143705294237,-6.2542219161987305
G12D,93,I,P,-7.349883451387987,-6.9499616622924805
G12D,93,I,Q,-7.425666227266893,-7.025744438171387
G12D,93,I,R,-10.503353013918504,-10.103431224822998
G12D,93,I,S,-6.630813970491991,-6.230892181396484
G12D,93,I,T,-3.163783445284471,-2.763861656188965
G12D,93,I,V,-1.8509973429895492,-1.451075553894043
G12D,93,I,W,-11.586894645617113,-11.186972856521606
G12D,93,I,Y,-10.214359178469286,-9.81443738937378
WT,94,H,A,-1.8333185150272602,1.1923255920410156
WT,94,H,C,-5.359481616223549,-2.3338375091552734
WT,94,H,D,-4.715893550122475,-1.6902494430541992
WT,94,H,E,-3.9444129898197406,-0.9187688827514648
WT,94,H,F,-4.947377963269448,-1.9217338562011719
WT,94,H,G,-2.6802270843631977,0.3454170227050781
WT,94,H,I,-4.175140185559487,-1.149496078491211
WT,94,H,K,-2.905976100171303,0.11966800689697266
WT,94,H,L,-4.08730964204142,-1.0616655349731445
WT,94,H,M,-4.599930567944741,-1.5742864608764648
WT,94,H,N,-3.2012327148563617,-0.17558860778808594
WT,94,H,P,-2.922875209058022,0.1027688980102539
WT,94,H,Q,-1.880831523144936,1.1448125839233398
WT,94,H,R,-3.4996898605472797,-0.4740457534790039
WT,94,H,S,-1.7842977478153461,1.2413463592529297
WT,94,H,T,-2.3550994827396625,0.6705446243286133
WT,94,H,V,-3.3684709503299946,-0.34282684326171875
WT,94,H,W,-6.963866992200112,-3.938222885131836
WT,94,H,Y,-4.540477557385659,-1.5148334503173828
G12D,94,H,A,-1.8880641097547333,1.170699119567871
G12D,94,H,C,-5.114950859022311,-2.056187629699707
G12D,94,H,D,-4.703391754102878,-1.6446285247802734
G12D,94,H,E,-3.9067561263562958,-0.8479928970336914
G12D,94,H,F,-4.865611755323581,-1.8068485260009766
G12D,94,H,G,-2.7516162032605926,0.3071470260620117
G12D,94,H,I,-4.087825500440768,-1.029062271118164
G12D,94,H,K,-2.7088648910047333,0.3498983383178711
G12D,94,H,L,-4.021402084303073,-0.9626388549804688
G12D,94,H,M,-4.648576461744479,-1.589813232421875
G12D,94,H,N,-3.2144686812879364,-0.15570545196533203
G12D,94,H,P,-2.9694878692151825,0.08927536010742188
G12D,94,H,Q,-1.9501835937024872,1.1085796356201172
G12D,94,H,R,-3.295625411939792,-0.2368621826171875
G12D,94,H,S,-1.7516705626966278,1.3070926666259766
G12D,94,H,T,-2.3887173766614715,0.6700458526611328
G12D,94,H,V,-3.3296563262464325,-0.2708930969238281
G12D,94,H,W,-6.757786476087741,-3.6990232467651367
G12D,94,H,Y,-4.501826011610202,-1.4430627822875977
WT,95,H,A,-3.17149266264439,-0.6050930023193359
WT,95,H,C,-5.504448023056987,-2.9380483627319336
WT,95,H,D,-3.0766478445291554,-0.5102481842041016
WT,95,H,E,-2.672777261948589,-0.10637760162353516
WT,95,H,F,-4.299258318161968,-1.732858657836914
WT,95,H,G,-3.670382585740093,-1.103982925415039
WT,95,H,I,-3.250587549424175,-0.6841878890991211
WT,95,H,K,-3.6079140569925343,-1.0415143966674805
WT,95,H,L,-3.0246573354959523,-0.45825767517089844
WT,95,H,M,-3.779232111191753,-1.2128324508666992
WT,95,H,N,-2.573519792771343,-0.0071201324462890625
WT,95,H,P,-5.543864336228374,-2.9774646759033203
WT,95,H,Q,-1.4434100057840382,1.1229896545410156
WT,95,H,R,-4.583628740525249,-2.0172290802001953
WT,95,H,S,-2.3969489004373585,0.1694507598876953
WT,95,H,T,-2.308425989365581,0.25797367095947266
WT,95,H,V,-3.0237675573587453,-0.4573678970336914
WT,95,H,W,-6.232248392319683,-3.665848731994629
WT,95,H,Y,-4.00877293608189,-1.442373275756836
G12D,95,H,A,-3.2977037792845003,-0.7800731658935547
G12D,95,H,C,-5.262799299304032,-2.745168685913086
G12D,95,H,D,-3.2645264034910433,-0.7468957901000977
G12D,95,H,E,-2.790516889636063,-0.2728862762451172
G12D,95,H,F,-4.277705228869461,-1.7600746154785156
G12D,95,H,G,-3.62665942961409,-1.1090288162231445
G12D,95,H,I,-3.187079465930008,-0.6694488525390625
G12D,95,H,K,-2.8798389797849886,-0.36220836639404297
G12D,95,H,L,-3.061654127184891,-0.5440235137939453
G12D,95,H,M,-3.790866888110184,-1.2732362747192383
G12D,95,H,N,-2.4788256054563753,0.03880500793457031
G12D,95,H,P,-5.692607915942215,-3.1749773025512695
G12D,95,H,Q,-1.5577154522581331,0.9599151611328125
G12D,95,H,R,-3.8623047238035433,-1.3446741104125977
G12D,95,H,S,-2.4910774593992464,0.02655315399169922
G12D,95,H,T,-2.340901411120438,0.1767292022705078
G12D,95,H,V,-3.009539640490555,-0.4919090270996094
G12D,95,H,W,-6.018668211047196,-3.50103759765625
G12D,95,H,Y,-3.881672895495438,-1.3640422821044922
WT,96,Y,A,-7.660379798201793,-6.552074432373047
WT,96,Y,C,-5.9427475045006215,-4.834442138671875
WT,96,Y,D,-9.419756800917858,-8.311451435089111
WT,96,Y,E,-10.60474053123402,-9.496435165405273
WT,96,Y,F,-0.4346565316002309,0.6736488342285156
WT,96,Y,G,-10.232963473586315,-9.124658107757568
WT,96,Y,H,-6.280320555953258,-5.172015190124512
WT,96,Y,I,-5.790565879134411,-4.682260513305664
WT,96,Y,K,-10.355663687972301,-9.247358322143555
WT,96,Y,L,-4.907614142684215,-3.7993087768554688
WT,96,Y,M,-6.129401595381969,-5.021096229553223
WT,96,Y,N,-7.76271811225819,-6.654412746429443
WT,96,Y,P,-10.457365901259655,-9.349060535430908
WT,96,Y,Q,-8.45201197364735,-7.3437066078186035
WT,96,Y,R,-11.278611809996837,-10.17030644416809
WT,96,Y,S,-7.321319968489879,-6.213014602661133
WT,96,Y,T,-7.31193104484486,-6.203625679016113
WT,96,Y,V,-6.253183753279918,-5.144878387451172
WT,96,Y,W,-7.284539134291881,-6.176233768463135
G12D,96,Y,A,-7.473331963479538,-6.310975074768066
G12D,96,Y,C,-5.61886838620903,-4.456511497497559
G12D,96,Y,D,-9.08972791379692,-7.927371025085449
G12D,96,Y,E,-10.37077096647026,-9.208414077758789
G12D,96,Y,F,-0.41623071378471366,0.7461261749267578
G12D,96,Y,G,-9.920808827340622,-8.75845193862915
G12D,96,Y,H,-6.103687798440475,-4.941330909729004
G12D,96,Y,I,-5.585438286721725,-4.423081398010254
G12D,96,Y,K,-9.468994652688522,-8.30663776397705
G12D,96,Y,L,-4.685888802468796,-3.523531913757324
G12D,96,Y,M,-6.177674805581589,-5.015317916870117
G12D,96,Y,N,-7.499586617410202,-6.3372297286987305
G12D,96,Y,P,-9.950576340615768,-8.788219451904297
G12D,96,Y,Q,-8.26952985471489,-7.107172966003418
G12D,96,Y,R,-10.075726544320602,-8.91336965560913
G12D,96,Y,S,-6.915200745522995,-5.752843856811523
G12D,96,Y,T,-7.168841874063034,-6.0064849853515625
G12D,96,Y,V,-6.0203023309111785,-4.857945442199707
G12D,96,Y,W,-7.056913411080856,-5.894556522369385
WT,97,R,A,-5.044415039488873,-4.449429512023926
WT,97,R,C,-5.430846733519635,-4.8358612060546875
WT,97,R,D,-8.99681906170567,-8.401833534240723
WT,97,R,E,-7.5689678616019105,-6.973982334136963
WT,97,R,F,-4.761457962462506,-4.166472434997559
WT,97,R,G,-6.735827011534772,-6.140841484069824
WT,97,R,H,-1.7055993504019593,-1.1106138229370117
WT,97,R,I,-3.9987140125723695,-3.403728485107422
WT,97,R,K,-3.137347740599713,-2.5423622131347656
WT,97,R,L,-4.473034424254498,-3.878048896789551
WT,97,R,M,-4.174418014952741,-3.579432487487793
WT,97,R,N,-4.5813651508780335,-3.986379623413086
WT,97,R,P,-7.217225593993268,-6.62224006652832
WT,97,R,Q,-3.0932479328604554,-2.498262405395508
WT,97,R,S,-5.884182495543561,-5.289196968078613
WT,97,R,T,-5.398887199828229,-4.803901672363281
WT,97,R,V,-4.014627975890241,-3.419642448425293
WT,97,R,W,-4.104373497435651,-3.509387969970703
WT,97,R,Y,-2.833169502684674,-2.2381839752197266
G12D,97,R,A,-5.231132933635985,-4.637799263000488
G12D,97,R,C,-5.100357481975829,-4.507023811340332
G12D,97,R,D,-8.66323132230786,-8.069897651672363
G12D,97,R,E,-7.3390840978815906,-6.745750427246094
G12D,97,R,F,-4.716080138225829,-4.122746467590332
G12D,97,R,G,-6.6657299490168445,-6.072396278381348
G12D,97,R,H,-1.7047943563654773,-1.1114606857299805
G12D,97,R,I,-4.028796622295653,-3.4354629516601562
G12D,97,R,K,-3.2314934225275866,-2.63815975189209
G12D,97,R,L,-4.33654732419995,-3.743213653564453
G12D,97,R,M,-4.212933966656005,-3.619600296020508
G12D,97,R,N,-4.608276793499266,-4.0149431228637695
G12D,97,R,P,-7.038923689861571,-6.445590019226074
G12D,97,R,Q,-3.099501082439696,-2.506167411804199
G12D,97,R,S,-5.8802122564509265,-5.28687858581543
G12D,97,R,T,-5.516923377056395,-4.923589706420898
G12D,97,R,V,-4.115079352398192,-3.5217456817626953
G12D,97,R,W,-3.943580100078856,-3.3502464294433594
G12D,97,R,Y,-2.8205084295466296,-2.227174758911133
WT,98,E,A,-5.915650200433532,-5.696690559387207
WT,98,E,C,-9.588909935540954,-9.369950294494629
WT,98,E,D,-2.0997770543764034,-1.8808174133300781
WT,98,E,F,-9.880802940912048,-9.661843299865723
WT,98,E,G,-6.59907991845111,-6.380120277404785
WT,98,E,H,-6.3508337255189815,-6.131874084472656
WT,98,E,I,-7.360124420709411,-7.141164779663086
WT,98,E,K,-6.377309631891052,-6.158349990844727
WT,98,E,L,-6.463468384332458,-6.244508743286133
WT,98,E,M,-6.748262238092224,-6.529302597045898
WT,98,E,N,-4.9170492406557,-4.698089599609375
WT,98,E,P,-9.003171276635925,-8.7842116355896
WT,98,E,Q,-3.249363731927673,-3.0304040908813477
WT,98,E,R,-7.786066841668884,-7.567107200622559
WT,98,E,S,-5.550501656122009,-5.331542015075684
WT,98,E,T,-4.4691808934877315,-4.250221252441406
WT,98,E,V,-6.8910606618593135,-6.672101020812988
WT,98,E,W,-10.491587471551696,-10.272627830505371
WT,98,E,Y,-9.000344585962097,-8.781384944915771
G12D,98,E,A,-5.685266410152796,-5.442346572875977
G12D,98,E,C,-8.992007170956018,-8.7490873336792
G12D,98,E,D,-2.125208770077112,-1.882288932800293
G12D,98,E,F,-9.433841143886927,-9.190921306610107
G12D,98,E,G,-6.295304213802698,-6.052384376525879
G12D,98,E,H,-6.059395705501917,-5.816475868225098
G12D,98,E,I,-6.934158240597132,-6.6912384033203125
G12D,98,E,K,-5.714935218136194,-5.472015380859375
G12D,98,E,L,-6.127159034054163,-5.884239196777344
G12D,98,E,M,-6.461469565670374,-6.218549728393555
G12D,98,E,N,-4.646885787289026,-4.403965950012207
G12D,98,E,P,-8.68678561333883,-8.443865776062012
G12D,98,E,Q,-2.994189177791956,-2.7512693405151367
G12D,98,E,R,-7.16388980035055,-6.9209699630737305
G12D,98,E,S,-5.376320754330042,-5.133400917053223
G12D,98,E,T,-4.302761946956995,-4.059842109680176
G12D,98,E,V,-6.532425795833948,-6.289505958557129
G12D,98,E,W,-9.924075518886927,-9.681155681610107
G12D,98,E,Y,-8.592083846371057,-8.349164009094238
WT,99,Q,A,-7.582331961046528,-7.564407825469971
WT,99,Q,C,-8.66442615355141,-8.646502017974854
WT,99,Q,D,-9.579615419756244,-9.561691284179688
WT,99,Q,E,-7.902990167986225,-7.885066032409668
WT,99,Q,F,-8.907965963732074,-8.890041828155518
WT,99,Q,G,-8.939454382311176,-8.92153024673462
WT,99,Q,H,-5.879074877153705,-5.861150741577148
WT,99,Q,I,-7.898515051256489,-7.880590915679932
WT,99,Q,K,-8.555158441912006,-8.53723430633545
WT,99,Q,L,-4.89558488691933,-4.877660751342773
WT,99,Q,M,-6.205468004595112,-6.187543869018555
WT,99,Q,N,-6.45328170622475,-6.435357570648193
WT,99,Q,P,-9.325466936479877,-9.30754280090332
WT,99,Q,R,-8.95888883436806,-8.940964698791504
WT,99,Q,S,-7.5179536994803655,-7.500029563903809
WT,99,Q,T,-7.492012804399799,-7.474088668823242
WT,99,Q,V,-8.172307318102192,-8.154383182525635
WT,99,Q,W,-9.617611711870502,-9.599687576293945
WT,99,Q,Y,-8.199446028124164,-8.181521892547607
G12D,99,Q,A,-7.425430723268411,-7.402233123779297
G12D,99,Q,C,-8.328277536470315,-8.305079936981201
G12D,99,Q,D,-9.317200609285257,-9.294003009796143
G12D,99,Q,E,-7.491465517122171,-7.468267917633057
G12D,99,Q,F,-8.595655866701028,-8.572458267211914
G12D,99,Q,G,-8.718708940584085,-8.69551134109497
G12D,99,Q,H,-5.652531095582864,-5.62933349609375
G12D,99,Q,I,-7.705693193513772,-7.682495594024658
G12D,99,Q,K,-7.890839525300882,-7.867641925811768
G12D,99,Q,L,-4.563819356996438,-4.540621757507324
G12D,99,Q,M,-6.107272573549173,-6.084074974060059
G12D,99,Q,N,-6.420593687135598,-6.397396087646484
G12D,99,Q,P,-9.02976650818052,-9.006568908691406
G12D,99,Q,R,-8.066986509401223,-8.04378890991211
G12D,99,Q,S,-7.334128805238626,-7.310931205749512
G12D,99,Q,T,-7.437360712129495,-7.414163112640381
G12D,99,Q,V,-7.899235197145364,-7.87603759765625
G12D,99,Q,W,-9.194389768678567,-9.171192169189453
G12D,99,Q,Y,-7.99147362335386,-7.968276023864746
WT,100,I,A,-9.511005837753435,-9.495211601257324
WT,100,I,C,-10.622896153762957,-10.607101917266846
WT,100,I,D,-14.25136097176375,-14.23556673526764
WT,100,I,E,-13.120113451316973,-13.104319214820862
WT,100,I,F,-8.608049828842303,-8.592255592346191
WT,100,I,G,-13.472986061409136,-13.457191824913025
WT,100,I,H,-12.076128680542132,-12.06033444404602
WT,100,I,K,-12.294510562255999,-12.278716325759888
WT,100,I,L,-5.697039086654803,-5.681244850158691
WT,100,I,M,-6.350185830429217,-6.3343915939331055
WT,100,I,N,-11.286353070572039,-11.270558834075928
WT,100,I,P,-14.306454796627184,-14.290660560131073
WT,100,I,Q,-11.473423678711077,-11.457629442214966
WT,100,I,R,-12.659156281784197,-12.643362045288086
WT,100,I,S,-10.747319180801531,-10.73152494430542
WT,100,I,T,-8.085309464767596,-8.069515228271484
WT,100,I,V,-4.616037804916521,-4.60024356842041
WT,100,I,W,-11.982924897506853,-11.967130661010742
WT,100,I,Y,-11.543575723007342,-11.52778148651123
G12D,100,I,A,-9.168657096641438,-9.14948844909668
G12D,100,I,C,-10.339700492637531,-10.320531845092773
G12D,100,I,D,-13.196715267913715,-13.177546620368958
G12D,100,I,E,-12.288412364738361,-12.269243717193604
G12D,100,I,F,-8.140403541343586,-8.121234893798828
G12D,100,I,G,-12.808583053367512,-12.789414405822754
G12D,100,I,H,-11.45577624680318,-11.436607599258423
G12D,100,I,K,-11.286134752052204,-11.266966104507446
G12D,100,I,L,-5.472127708213703,-5.452959060668945
G12D,100,I,M,-6.119669708030598,-6.10050106048584
G12D,100,I,N,-10.469118865745441,-10.449950218200684
G12D,100,I,P,-13.22166434170522,-13.202495694160461
G12D,100,I,Q,-10.988638194816486,-10.969469547271729
G12D,100,I,R,-11.51347330452718,-11.494304656982422
G12D,100,I,S,-10.1261279905013,-10.106959342956543
G12D,100,I,T,-7.622009071128742,-7.602840423583984
G12D,100,I,V,-4.465613158958332,-4.446444511413574
G12D,100,I,W,-11.58993986489095,-11.570771217346191
G12D,100,I,Y,-11.029226573722736,-11.010057926177979
WT,101,K,A,-7.24816969153559,-6.440733909606934
WT,101,K,C,-7.609007627936958,-6.801571846008301
WT,101,K,D,-10.820033819648383,-10.012598037719727
WT,101,K,E,-8.319796831580756,-7.5123610496521
WT,101,K,F,-5.657899649116157,-4.8504638671875
WT,101,K,G,-8.732443125220893,-7.925007343292236
WT,101,K,H,-6.424525053474067,-5.61708927154541
WT,101,K,I,-3.7942865204540475,-2.9868507385253906
WT,101,K,L,-0.7706640076366646,0.03677177429199219
WT,101,K,M,-4.348510534736274,-3.541074752807617
WT,101,K,N,-6.987897665473579,-6.180461883544922
WT,101,K,P,-11.425110132667182,-10.617674350738525
WT,101,K,Q,-4.28668573615229,-3.479249954223633
WT,101,K,R,-3.8376844238964303,-3.0302486419677734
WT,101,K,S,-7.284271986457465,-6.476836204528809
WT,101,K,T,-6.331957609626411,-5.524521827697754
WT,101,K,V,-4.764629156562446,-3.957193374633789
WT,101,K,W,-7.474439413520454,-6.667003631591797
WT,101,K,Y,-6.637599737617133,-5.830163955688477
G12D,101,K,A,-7.1235030486712745,-6.285844802856445
G12D,101,K,C,-7.48373635555604,-6.646078109741211
G12D,101,K,D,-10.406186421168833,-9.568528175354004
G12D,101,K,E,-7.994523365748911,-7.156865119934082
G12D,101,K,F,-5.496842701686411,-4.659184455871582
G12D,101,K,G,-8.528252918971567,-7.690594673156738
G12D,101,K,H,-6.285709698451548,-5.448051452636719
G12D,101,K,I,-3.7647765472064307,-2.9271183013916016
G12D,101,K,L,-0.7569421126971534,0.08071613311767578
G12D,101,K,M,-4.265453655971079,-3.42779541015625
G12D,101,K,N,-6.824576695216685,-5.9869184494018555
G12D,101,K,P,-10.69623168255189,-9.85857343673706
G12D,101,K,Q,-4.1989987685809425,-3.3613405227661133
G12D,101,K,R,-3.7749331786761573,-2.937274932861328
G12D,101,K,S,-7.050690968287974,-6.2130327224731445
G12D,101,K,T,-6.210016567958384,-5.372358322143555
G12D,101,K,V,-4.711158116115122,-3.873499870300293
G12D,101,K,W,-7.3075240447650245,-6.469865798950195
G12D,101,K,Y,-6.552999813807993,-5.715341567993164
WT,102,R,A,-10.935548729987755,-10.933391571044922
WT,102,R,C,-9.45510525235714,-9.452948093414307
WT,102,R,D,-12.274730868430748,-12.272573709487915
WT,102,R,E,-11.613283581824913,-11.61112642288208
WT,102,R,F,-11.590244002433433,-11.5880868434906
WT,102,R,G,-10.136033005805626,-10.133875846862793
WT,102,R,H,-7.495397992225303,-7.493240833282471
WT,102,R,I,-10.490385480018272,-10.48822832107544
WT,102,R,K,-7.18723768720211,-7.185080528259277
WT,102,R,L,-8.735605664344444,-8.733448505401611
WT,102,R,M,-10.16831392774166,-10.166156768798828
WT,102,R,N,-9.86209005841793,-9.859932899475098
WT,102,R,P,-11.567155547233238,-11.564998388290405
WT,102,R,Q,-8.488450474830284,-8.486293315887451
WT,102,R,S,-9.472420163245811,-9.470263004302979
WT,102,R,T,-10.123072571845665,-10.120915412902832
WT,102,R,V,-11.321362204642906,-11.319205045700073
WT,102,R,W,-10.206283040137901,-10.204125881195068
WT,102,R,Y,-10.6888908816296,-10.686733722686768
G12D,102,R,A,-9.644582851807188,-9.635653495788574
G12D,102,R,C,-7.320812805573057,-7.311883449554443
G12D,102,R,D,-10.465551002899717,-10.456621646881104
G12D,102,R,E,-9.685002907196592,-9.676073551177979
G12D,102,R,F,-9.836733921448301,-9.827804565429688
G12D,102,R,G,-8.312882049957823,-8.303952693939209
G12D,102,R,H,-6.118224247376036,-6.109294891357422
G12D,102,R,I,-9.012920006195616,-9.003990650177002
G12D,102,R,K,-6.2945071300664655,-6.285577774047852
G12D,102,R,L,-7.096341713348936,-7.087412357330322
G12D,102,R,M,-8.61263190118463,-8.603702545166016
G12D,102,R,N,-8.592804535309385,-8.583875179290771
G12D,102,R,P,-9.336497410217833,-9.327568054199219
G12D,102,R,Q,-6.73101340142877,-6.722084045410156
G12D,102,R,S,-7.7906337818303815,-7.781704425811768
G12D,102,R,T,-8.676892383972715,-8.667963027954102
G12D,102,R,V,-9.92936955300958,-9.920440196990967
G12D,102,R,W,-7.966268165985655,-7.957338809967041
G12D,102,R,Y,-8.896217926422667,-8.887288570404053
WT,103,V,A,-6.614808545571616,-6.59664249420166
WT,103,V,C,-7.688491330605796,-7.67032527923584
WT,103,V,D,-11.635199056130698,-11.617033004760742
WT,103,V,E,-10.348082051736167,-10.329916000366211
WT,103,V,F,-8.779540524941734,-8.761374473571777
WT,103,V,G,-9.566609845620444,-9.548443794250488
WT,103,V,H,-11.263177857857993,-11.245011806488037
WT,103,V,I,-4.283974156838706,-4.26580810546875
WT,103,V,K,-13.845806107980064,-13.827640056610107
WT,103,V,L,-7.320379720193198,-7.302213668823242
WT,103,V,M,-7.5966744284451515,-7.578508377075195
WT,103,V,N,-10.137336240273765,-10.119170188903809
WT,103,V,P,-11.515936837655357,-11.4977707862854
WT,103,V,Q,-10.310211644631675,-10.292045593261719
WT,103,V,R,-13.611637578469566,-13.59347152709961
WT,103,V,S,-8.480095372659019,-8.461929321289062
WT,103,V,T,-7.333718762856773,-7.315552711486816
WT,103,V,W,-12.576682553750327,-12.558516502380371
WT,103,V,Y,-10.788589463692954,-10.770423412322998
G12D,103,V,A,-5.99216271792363,-5.9680023193359375
G12D,103,V,C,-7.474528326138962,-7.4503679275512695
G12D,103,V,D,-10.567026151761521,-10.542865753173828
G12D,103,V,E,-9.363166822537888,-9.339006423950195
G12D,103,V,F,-8.086630834683884,-8.062470436096191
G12D,103,V,G,-8.763876928433884,-8.739716529846191
G12D,103,V,H,-10.7528014317603,-10.728641033172607
G12D,103,V,I,-4.097628606900681,-4.073468208312988
G12D,103,V,K,-12.611490739926804,-12.587330341339111
G12D,103,V,L,-6.73005391512822,-6.705893516540527
G12D,103,V,M,-6.975703252896775,-6.951542854309082
G12D,103,V,N,-9.663035406217087,-9.638875007629395
G12D,103,V,P,-10.758043779477585,-10.733883380889893
G12D,103,V,Q,-9.850114835843552,-9.82595443725586
G12D,103,V,R,-12.412245763883103,-12.38808536529541
G12D,103,V,S,-8.01907922182988,-7.9949188232421875
G12D,103,V,T,-6.974925054654587,-6.9507646560668945
G12D,103,V,W,-11.733900083646287,-11.709739685058594
G12D,103,V,Y,-10.205482496366013,-10.18132209777832
WT,104,K,A,-10.08509932959802,-10.080473899841309
WT,104,K,C,-11.508988012917111,-11.5043625831604
WT,104,K,D,-11.61395560706384,-11.609330177307129
WT,104,K,E,-8.884668459541867,-8.880043029785156
WT,104,K,F,-11.821373571999143,-11.816748142242432
WT,104,K,G,-11.909592737801145,-11.904967308044434
WT,104,K,H,-10.167344679482053,-10.162719249725342
WT,104,K,I,-9.365424742348264,-9.360799312591553
WT,104,K,L,-9.639991869576047,-9.635366439819336
WT,104,K,M,-8.876263727791379,-8.871638298034668
WT,104,K,N,-8.551838030464719,-8.547212600708008
WT,104,K,P,-13.354693760521481,-13.35006833076477
WT,104,K,Q,-7.9310017725301485,-7.9263763427734375
WT,104,K,R,-5.70968257392175,-5.705057144165039
WT,104,K,S,-10.004991640694211,-10.0003662109375
WT,104,K,T,-9.206314196236203,-9.201688766479492
WT,104,K,V,-10.059721102364133,-10.055095672607422
WT,104,K,W,-12.348994841225217,-12.344369411468506
WT,104,K,Y,-11.690480818398068,-11.685855388641357
G12D,104,K,A,-9.454212191953534,-9.445305824279785
G12D,104,K,C,-10.94440794314372,-10.93550157546997
G12D,104,K,D,-10.535815719022626,-10.526909351348877
G12D,104,K,E,-7.48817539538371,-7.479269027709961
G12D,104,K,F,-11.211047175779218,-11.202140808105469
G12D,104,K,G,-10.843567851438397,-10.834661483764648
G12D,104,K,H,-9.58922291125285,-9.580316543579102
G12D,104,K,I,-8.584445002927655,-8.575538635253906
G12D,104,K,L,-9.101401809110516,-9.092495441436768
G12D,104,K,M,-7.967117312803143,-7.9582109451293945
G12D,104,K,N,-7.524527552976483,-7.515621185302734
G12D,104,K,P,-12.39792824114787,-12.389021873474121
G12D,104,K,Q,-7.161570552244061,-7.1526641845703125
G12D,104,K,R,-5.1772499116800965,-5.168343544006348
G12D,104,K,S,-9.325639251127118,-9.31673288345337
G12D,104,K,T,-8.232896808042401,-8.223990440368652
G12D,104,K,V,-9.385282996549481,-9.376376628875732
G12D,104,K,W,-11.451767447843427,-11.442861080169678
G12D,104,K,Y,-10.954081538572186,-10.945175170898438
WT,105,D,A,-6.730395000436982,-6.687361717224121
WT,105,D,C,-8.853863399484833,-8.810830116271973
WT,105,D,E,-3.737600009897431,-3.6945667266845703
WT,105,D,F,-9.845045249918183,-9.802011966705322
WT,105,D,G,-5.6932312660009465,-5.650197982788086
WT,105,D,H,-6.947914760568818,-6.904881477355957
WT,105,D,I,-10.460154216745575,-10.417120933532715
WT,105,D,K,-8.114821117380341,-8.07178783416748
WT,105,D,L,-9.422503631571015,-9.379470348358154
WT,105,D,M,-9.665109317758759,-9.622076034545898
WT,105,D,N,-4.702904384592255,-4.6598711013793945
WT,105,D,P,-10.055943172434052,-10.012909889221191
WT,105,D,Q,-6.661817234018525,-6.618783950805664
WT,105,D,R,-8.788029354074677,-8.744996070861816
WT,105,D,S,-7.222262065866669,-7.179228782653809
WT,105,D,T,-8.997228305795868,-8.954195022583008
WT,105,D,V,-9.046255748727997,-9.003222465515137
WT,105,D,W,-11.256646793344697,-11.213613510131836
WT,105,D,Y,-7.43552939222165,-7.392496109008789
G12D,105,D,A,-6.220118814905266,-6.161125183105469
G12D,105,D,C,-8.170813852747063,-8.111820220947266
G12D,105,D,E,-3.608393961389641,-3.5494003295898438
G12D,105,D,F,-9.17027311940966,-9.111279487609863
G12D,105,D,G,-5.185593897302727,-5.12660026550293
G12D,105,D,H,-6.344036394556145,-6.285042762756348
G12D,105,D,I,-9.711436563928704,-9.652442932128906
G12D,105,D,K,-7.388480478723626,-7.329486846923828
G12D,105,D,L,-8.750453287561516,-8.691459655761719
G12D,105,D,M,-9.204953485925774,-9.145959854125977
G12D,105,D,N,-4.240170771082024,-4.181177139282227
G12D,105,D,P,-9.627406412561516,-9.568412780761719
G12D,105,D,Q,-6.3073905052739185,-6.248396873474121
G12D,105,D,R,-8.033352190454583,-7.974358558654785
G12D,105,D,S,-6.715728098352532,-6.656734466552734
G12D,105,D,T,-8.520260149438958,-8.46126651763916
G12D,105,D,V,-8.229923540552239,-8.170929908752441
G12D,105,D,W,-10.52487688680468,-10.465883255004883
G12D,105,D,Y,-6.724738413293938,-6.665744781494141
WT,106,S,A,-0.7753885882745486,0.7693662643432617
WT,106,S,C,-3.9825247424493533,-2.437769889831543
WT,106,S,D,-4.523631920183728,-2.978877067565918
WT,106,S,E,-4.845794548357556,-3.301039695739746
WT,106,S,F,-6.899875511492322,-5.355120658874512
WT,106,S,G,-4.645760406817029,-3.1010055541992188
WT,106,S,H,-5.857639183367322,-4.312884330749512
WT,106,S,I,-6.112768043840955,-4.5680131912231445
WT,106,S,K,-4.610511650408338,-3.0657567977905273
WT,106,S,L,-6.3792036670099,-4.83444881439209
WT,106,S,M,-5.526788582171033,-3.9820337295532227
WT,106,S,N,-3.5116089480767947,-1.9668540954589844
WT,106,S,P,-8.601000656450818,-7.056245803833008
WT,106,S,Q,-4.441592087114881,-2.8968372344970703
WT,106,S,R,-5.1234530108819705,-3.57869815826416
WT,106,S,T,-1.7022026675592166,-0.15744781494140625
WT,106,S,V,-3.6780251162896853,-2.133270263671875
WT,106,S,W,-7.698970665300916,-6.1542158126831055
WT,106,S,Y,-6.396836151445935,-4.852081298828125
G12D,106,S,A,-0.769995677977743,0.8032808303833008
G12D,106,S,C,-3.874825466185751,-2.301548957824707
G12D,106,S,D,-4.5485610847770594,-2.9752845764160156
G12D,106,S,E,-4.799406993895712,-3.226130485534668
G12D,106,S,F,-6.761880863219442,-5.188604354858398
G12D,106,S,G,-4.626187313109579,-3.052910804748535
G12D,106,S,H,-5.862574565917196,-4.289298057556152
G12D,106,S,I,-5.888753879576864,-4.31547737121582
G12D,106,S,K,-4.544026363402548,-2.970749855041504
G12D,106,S,L,-6.223122585326376,-4.649846076965332
G12D,106,S,M,-5.511046398192587,-3.937769889831543
G12D,106,S,N,-3.658237445861044,-2.0849609375
G12D,106,S,P,-8.384379375487509,-6.811102867126465
G12D,106,S,Q,-4.562332141905966,-2.989055633544922
G12D,106,S,R,-4.9915075187980555,-3.4182310104370117
G12D,106,S,T,-1.7020759468376063,-0.1287994384765625
G12D,106,S,V,-3.542695987731161,-1.9694194793701172
G12D,106,S,W,-7.54650687029952,-5.973230361938477
G12D,106,S,Y,-6.323561656981649,-4.7502851486206055
WT,107,E,A,-5.178407204202879,-3.839015007019043
WT,107,E,C,-8.063961994699705,-6.724569797515869
WT,107,E,D,-0.37002230887817156,0.9693698883056641
WT,107,E,F,-7.89099217658447,-6.551599979400635
WT,107,E,G,-5.798336517862547,-4.458944320678711
WT,107,E,H,-5.578749191812742,-4.239356994628906
WT,107,E,I,-7.992628109506834,-6.653235912322998
WT,107,E,K,-8.063133728555906,-6.72374153137207
WT,107,E,L,-7.681249630502927,-6.341857433319092
WT,107,E,M,-7.745518219522703,-6.406126022338867
WT,107,E,N,-4.224110138468015,-2.8847179412841797
WT,107,E,P,-6.338654053262937,-4.999261856079102
WT,107,E,Q,-5.445098412088621,-4.105706214904785
WT,107,E,R,-9.02532292609619,-7.6859307289123535
WT,107,E,S,-5.100160133890379,-3.760767936706543
WT,107,E,T,-6.078528893045652,-4.739136695861816
WT,107,E,V,-6.596468937448728,-5.257076740264893
WT,107,E,W,-9.421013367227781,-8.081621170043945
WT,107,E,Y,-6.259557259134519,-4.920165061950684
G12D,107,E,A,-5.181794912314755,-3.7574853897094727
G12D,107,E,C,-7.863144666648251,-6.438835144042969
G12D,107,E,D,-0.34815481374297796,1.0761547088623047
G12D,107,E,F,-7.799214155173642,-6.374904632568359
G12D,107,E,G,-5.5752208537820405,-4.150911331176758
G12D,107,E,H,-5.447533399558408,-4.023223876953125
G12D,107,E,I,-7.805810243583066,-6.381500720977783
G12D,107,E,K,-7.539891988730771,-6.115582466125488
G12D,107,E,L,-7.56181171605621,-6.137502193450928
G12D,107,E,M,-7.700400144553525,-6.276090621948242
G12D,107,E,N,-4.034804136252744,-2.610494613647461
G12D,107,E,P,-6.352927000022275,-4.928617477416992
G12D,107,E,Q,-5.470329076743466,-4.046019554138184
G12D,107,E,R,-8.639537126517636,-7.2152276039123535
G12D,107,E,S,-5.037217885947568,-3.612908363342285
G12D,107,E,T,-6.006694585776669,-4.582385063171387
G12D,107,E,V,-6.4018247432473725,-4.97751522064209
G12D,107,E,W,-9.303710729575497,-7.879401206970215
G12D,107,E,Y,-6.038746625876767,-4.614437103271484
WT,108,D,A,-3.6775045665234813,-2.231565475463867
WT,108,D,C,-6.523643520686079,-5.077704429626465
WT,108,D,E,-2.10793021044438,-0.6619911193847656
WT,108,D,F,-5.083444622370649,-3.637505531311035
WT,108,D,G,-5.281414059016157,-3.835474967956543
WT,108,D,H,-3.0735540660352,-1.627614974975586
WT,108,D,I,-5.50463488421147,-4.0586957931518555
WT,108,D,K,-2.9967966350049267,-1.5508575439453125
WT,108,D,L,-4.612910297724653,-3.166971206665039
WT,108,D,M,-5.312470463129927,-3.8665313720703125
WT,108,D,N,-1.5342302592725048,-0.08829116821289062
WT,108,D,P,-7.892431286189009,-6.4464921951293945
WT,108,D,Q,-2.60612299761479,-1.1601839065551758
WT,108,D,R,-4.002125767085005,-2.5561866760253906
WT,108,D,S,-2.5117235454053173,-1.0657844543457031
WT,108,D,T,-2.5628414424390087,-1.1169023513793945
WT,108,D,V,-4.477279690119673,-3.0313405990600586
WT,108,D,W,-6.104959514948774,-4.65902042388916
WT,108,D,Y,-4.615446117731977,-3.1695070266723633
G12D,108,D,A,-3.725990655761194,-2.3437023162841797
G12D,108,D,C,-6.3392070559076785,-4.956918716430664
G12D,108,D,E,-1.9624723223261356,-0.5801839828491211
G12D,108,D,F,-5.039660814147425,-3.65737247467041
G12D,108,D,G,-5.205068948607874,-3.8227806091308594
G12D,108,D,H,-3.1011108187250613,-1.7188224792480469
G12D,108,D,I,-5.348986032348108,-3.9666976928710938
G12D,108,D,K,-2.9424079683832645,-1.56011962890625
G12D,108,D,L,-4.5842632082514285,-3.201974868774414
G12D,108,D,M,-5.2849725512079715,-3.902684211730957
G12D,108,D,N,-1.6329978731684207,-0.25070953369140625
G12D,108,D,P,-7.675814035277796,-6.293525695800781
G12D,108,D,Q,-2.758256318908167,-1.3759679794311523
G12D,108,D,R,-3.964743020873499,-2.5824546813964844
G12D,108,D,S,-2.5904859331659793,-1.2081975936889648
G12D,108,D,T,-2.6086019304804324,-1.226313591003418
G12D,108,D,V,-4.38490617547555,-3.002617835998535
G12D,108,D,W,-6.0594171312860965,-4.677128791809082
G12D,108,D,Y,-4.4868463305048465,-3.104557991027832
WT,109,V,A,-5.176006296506646,-5.075109481811523
WT,109,V,C,-4.5654868873269585,-4.464590072631836
WT,109,V,D,-10.908328035703423,-10.8074312210083
WT,109,V,E,-9.68440435253692,-9.583507537841797
WT,109,V,F,-5.377247789731744,-5.276350975036621
WT,109,V,G,-9.035373667112115,-8.934476852416992
WT,109,V,H,-8.667867639890435,-8.566970825195312
WT,109,V,I,-2.946591356626275,-2.8456945419311523
WT,109,V,K,-9.809707620969537,-9.708810806274414
WT,109,V,L,-5.335929849973443,-5.23503303527832
WT,109,V,M,-5.9358787330300835,-5.834981918334961
WT,109,V,N,-9.10999963604522,-9.009102821350098
WT,109,V,P,-5.8737458976419,-5.772849082946777
WT,109,V,Q,-8.02473638378692,-7.923839569091797
WT,109,V,R,-10.536198118558648,-10.435301303863525
WT,109,V,S,-7.102658251157525,-7.001761436462402
WT,109,V,T,-4.606525400510552,-4.50562858581543
WT,109,V,W,-10.287018755307916,-10.186121940612793
WT,109,V,Y,-7.199522951474908,-7.098626136779785
G12D,109,V,A,-5.106295521467107,-4.9986371994018555
G12D,109,V,C,-4.72029774925031,-4.612639427185059
G12D,109,V,D,-9.986843044965642,-9.87918472290039
G12D,109,V,E,-8.999409611432927,-8.891751289367676
G12D,109,V,F,-5.035946781843084,-4.928288459777832
G12D,109,V,G,-8.493125851362127,-8.385467529296875
G12D,109,V,H,-8.535826618879216,-8.428168296813965
G12D,109,V,I,-2.8657378508738454,-2.7580795288085938
G12D,109,V,K,-9.377254421918767,-9.269596099853516
G12D,109,V,L,-5.201596195905584,-5.093937873840332
G12D,109,V,M,-5.796256954877752,-5.6885986328125
G12D,109,V,N,-8.80196278831281,-8.694304466247559
G12D,109,V,P,-5.902481968610662,-5.79482364654541
G12D,109,V,Q,-8.023015911786931,-7.91535758972168
G12D,109,V,R,-10.090691502302068,-9.983033180236816
G12D,109,V,S,-6.992141659467595,-6.884483337402344
G12D,109,V,T,-4.6748999907664235,-4.567241668701172
G12D,109,V,W,-9.94082062980451,-9.833162307739258
G12D,109,V,Y,-7.064012463300603,-6.956354141235352
WT,110,P,A,-4.5360979272989415,-4.498290061950684
WT,110,P,C,-6.5563301279215,-6.518522262573242
WT,110,P,D,-10.419727010932364,-10.381919145584106
WT,110,P,E,-8.763348503318229,-8.72554063796997
WT,110,P,F,-7.267214222159781,-7.229406356811523
WT,110,P,G,-7.515401287284293,-7.477593421936035
WT,110,P,H,-7.1138638689188145,-7.076056003570557
WT,110,P,I,-6.787680549827018,-6.74987268447876
WT,110,P,K,-7.343148632254996,-7.305340766906738
WT,110,P,L,-6.402433796134391,-6.364625930786133
WT,110,P,M,-8.07612697621862,-8.038319110870361
WT,110,P,N,-8.249228878226676,-8.211421012878418
WT,110,P,Q,-5.852327747550406,-5.814519882202148
WT,110,P,R,-7.592427654471793,-7.554619789123535
WT,110,P,S,-5.291247768607535,-5.253439903259277
WT,110,P,T,-5.567285461631217,-5.529477596282959
WT,110,P,V,-5.106162471976676,-5.068354606628418
WT,110,P,W,-9.530682726111808,-9.49287486076355
WT,110,P,Y,-7.961134834494986,-7.9233269691467285
G12D,110,P,A,-4.5609189719365,-4.51776123046875
G12D,110,P,C,-6.50182645026902,-6.4586687088012695
G12D,110,P,D,-10.249295398633278,-10.206137657165527
G12D,110,P,E,-8.657821342389381,-8.61466360092163
G12D,110,P,F,-7.079783603589332,-7.036625862121582
G12D,110,P,G,-7.605315849225319,-7.562158107757568
G12D,110,P,H,-6.818142101208961,-6.774984359741211
G12D,110,P,I,-6.5751878470585705,-6.53203010559082
G12D,110,P,K,-7.281586334149635,-7.238428592681885
G12D,110,P,L,-5.815633937756813,-5.7724761962890625
G12D,110,P,M,-8.01366965476731,-7.9705119132995605
G12D,110,P,N,-8.222160980145729,-8.179003238677979
G12D,110,P,Q,-5.734395191113746,-5.691237449645996
G12D,110,P,R,-7.274391815106666,-7.231234073638916
G12D,110,P,S,-5.023214504163063,-4.9800567626953125
G12D,110,P,T,-5.415282413403785,-5.372124671936035
G12D,110,P,V,-5.036351367871559,-4.993193626403809
G12D,110,P,W,-9.363837406079567,-9.320679664611816
G12D,110,P,Y,-7.7480136603520275,-7.704855918884277
WT,111,M,A,-7.277985125775476,-6.4632415771484375
WT,111,M,C,-6.506127864117762,-5.691384315490723
WT,111,M,D,-12.144276171918055,-11.329532623291016
WT,111,M,E,-10.950549632306238,-10.1358060836792
WT,111,M,F,-0.7424092590762577,0.07233428955078125
WT,111,M,G,-9.004961520428797,-8.190217971801758
WT,111,M,H,-8.011083155865808,-7.1963396072387695
WT,111,M,I,-3.28911641239657,-2.4743728637695312
WT,111,M,K,-12.099141627545496,-11.284398078918457
WT,111,M,L,-3.977219134564539,-3.1624755859375
WT,111,M,N,-9.817113429303308,-9.00236988067627
WT,111,M,P,-12.773419409985681,-11.958675861358643
WT,111,M,Q,-7.904112368817469,-7.08936882019043
WT,111,M,R,-11.885495692486902,-11.070752143859863
WT,111,M,S,-7.851728945965906,-7.036985397338867
WT,111,M,T,-6.425171405072351,-5.6104278564453125
WT,111,M,V,-4.065334826703211,-3.250591278076172
WT,111,M,W,-7.019244700665613,-6.204501152038574
WT,111,M,Y,-6.168583422894617,-5.353839874267578
G12D,111,M,A,-7.159480566327485,-6.421801567077637
G12D,111,M,C,-6.467259878461274,-5.729580879211426
G12D,111,M,D,-11.721194261853608,-10.98351526260376
G12D,111,M,E,-10.733471388165864,-9.995792388916016
G12D,111,M,F,-0.8415360396551215,-0.10385704040527344
G12D,111,M,G,-8.864458555524262,-8.126779556274414
G12D,111,M,H,-8.00879907066098,-7.271120071411133
G12D,111,M,I,-3.156706327741059,-2.419027328491211
G12D,111,M,K,-11.509170526807221,-10.771491527557373
G12D,111,M,L,-3.893703932111176,-3.156024932861328
G12D,111,M,N,-9.540761465375336,-8.803082466125488
G12D,111,M,P,-12.48770522529355,-11.750026226043701
G12D,111,M,Q,-7.916861051862153,-7.179182052612305
G12D,111,M,R,-11.204494470899018,-10.46681547164917
G12D,111,M,S,-7.694504255597504,-6.956825256347656
G12D,111,M,T,-6.23204469138852,-5.494365692138672
G12D,111,M,V,-3.977701658551606,-3.240022659301758
G12D,111,M,W,-6.937661642377289,-6.199982643127441
G12D,111,M,Y,-6.042754644696625,-5.305075645446777
WT,112,V,A,-6.487836623117488,-6.077060699462891
WT,112,V,C,-6.40281941883282,-5.992043495178223
WT,112,V,D,-12.449154639169734,-12.038378715515137
WT,112,V,E,-10.261506819650691,-9.850730895996094
WT,112,V,F,-7.699446463510554,-7.288670539855957
WT,112,V,G,-11.435539984628718,-11.024764060974121
WT,112,V,H,-12.114455485269588,-11.70367956161499
WT,112,V,I,-1.2690122365208083,-0.8582363128662109
WT,112,V,K,-12.69496037952618,-12.284184455871582
WT,112,V,L,-3.212185645029109,-2.8014097213745117
WT,112,V,M,-4.653848433420222,-4.243072509765625
WT,112,V,N,-10.54528882496075,-10.134512901306152
WT,112,V,P,-14.766228938028377,-14.35545301437378
WT,112,V,Q,-10.543696188852351,-10.132920265197754
WT,112,V,R,-12.112712168619197,-11.7019362449646
WT,112,V,S,-9.67629125110821,-9.265515327453613
WT,112,V,T,-6.1697395085545,-5.758963584899902
WT,112,V,W,-12.01803519718365,-11.607259273529053
WT,112,V,Y,-9.934747481271785,-9.523971557617188
G12D,112,V,A,-6.342152052133031,-5.890641212463379
G12D,112,V,C,-6.601488523690648,-6.149977684020996
G12D,112,V,D,-11.806760721414037,-11.355249881744385
G12D,112,V,E,-9.832724981515355,-9.381214141845703
G12D,112,V,F,-7.566604070870824,-7.115093231201172
G12D,112,V,G,-11.056312494485326,-10.604801654815674
G12D,112,V,H,-11.867883615701146,-11.416372776031494
G12D,112,V,I,-1.1726373960661363,-0.7211265563964844
G12D,112,V,K,-11.964877062051244,-11.513366222381592
G12D,112,V,L,-3.2888578703093003,-2.8373470306396484
G12D,112,V,M,-4.572678022592015,-4.121167182922363
G12D,112,V,N,-10.168203764169164,-9.716692924499512
G12D,112,V,P,-13.998491220681615,-13.546980381011963
G12D,112,V,Q,-10.445722036569066,-9.994211196899414
G12D,112,V,R,-11.441547804086156,-10.990036964416504
G12D,112,V,S,-9.517167501656957,-9.065656661987305
G12D,112,V,T,-6.112059049813695,-5.660548210144043
G12D,112,V,W,-11.937150888650365,-11.485640048980713
G12D,112,V,Y,-9.920468740670628,-9.468957901000977
WT,113,L,A,-10.176348713382477,-10.108559608459473
WT,113,L,C,-9.051712063297028,-8.983922958374023
WT,113,L,D,-14.028994110568757,-13.961205005645752
WT,113,L,E,-12.398242977603669,-12.330453872680664
WT,113,L,F,-5.545368221744294,-5.477579116821289
WT,113,L,G,-11.887093571170563,-11.819304466247559
WT,113,L,H,-10.97083475921988,-10.903045654296875
WT,113,L,I,-3.5142345700108955,-3.4464454650878906
WT,113,L,K,-11.874400166019196,-11.806611061096191
WT,113,L,M,-4.044036892398591,-3.976247787475586
WT,113,L,N,-12.512398746951813,-12.444609642028809
WT,113,L,P,-11.61515906189322,-11.547369956970215
WT,113,L,Q,-9.84592249725699,-9.778133392333984
WT,113,L,R,-10.632162121280427,-10.564373016357422
WT,113,L,S,-11.208883312686677,-11.141094207763672
WT,113,L,T,-9.309931782230134,-9.242142677307129
WT,113,L,V,-4.27771952484488,-4.209930419921875
WT,113,L,W,-10.25090124939322,-10.183112144470215
WT,113,L,Y,-10.935942677005524,-10.86815357208252
G12D,113,L,A,-9.801670572327044,-9.72592544555664
G12D,113,L,C,-8.787653467224505,-8.711908340454102
G12D,113,L,D,-13.010788461731341,-12.935043334960938
G12D,113,L,E,-11.596197626160052,-11.520452499389648
G12D,113,L,F,-5.27663662152138,-5.200891494750977
G12D,113,L,G,-11.31014492230263,-11.234399795532227
G12D,113,L,H,-10.244391939209368,-10.168646812438965
G12D,113,L,I,-3.4042477817997003,-3.328502655029297
G12D,113,L,K,-10.83327438549843,-10.757529258728027
G12D,113,L,M,-4.016651651428607,-3.940906524658203
G12D,113,L,N,-11.812988779114153,-11.73724365234375
G12D,113,L,P,-10.305035135315325,-10.229290008544922
G12D,113,L,Q,-9.23583843426552,-9.160093307495117
G12D,113,L,R,-9.439602396057513,-9.36385726928711
G12D,113,L,S,-10.527969858215716,-10.452224731445312
G12D,113,L,T,-8.930647394226458,-8.854902267456055
G12D,113,L,V,-4.148037454651263,-4.072292327880859
G12D,113,L,W,-9.725699922607806,-9.649954795837402
G12D,113,L,Y,-10.493352434204485,-10.417607307434082
WT,114,V,A,-4.110222989582631,-4.037208557128906
WT,114,V,C,-3.7260124030347797,-3.6529979705810547
WT,114,V,D,-11.520430737995717,-11.447416305541992
WT,114,V,E,-11.3436719718214,-11.270657539367676
WT,114,V,F,-10.542858296894643,-10.469843864440918
WT,114,V,G,-10.08284490730724,-10.009830474853516
WT,114,V,H,-15.022570306324575,-14.94955587387085
WT,114,V,I,-3.6441642585035297,-3.5711498260498047
WT,114,V,K,-13.905966931843373,-13.832952499389648
WT,114,V,L,-6.448869878315541,-6.375855445861816
WT,114,V,M,-8.702778035664174,-8.62976360321045
WT,114,V,N,-12.385418588184926,-12.312404155731201
WT,114,V,P,-13.463127309345815,-13.39011287689209
WT,114,V,Q,-13.681398564838979,-13.608384132385254
WT,114,V,R,-12.865865880512807,-12.792851448059082
WT,114,V,S,-7.668816739582631,-7.595802307128906
WT,114,V,T,-6.539243871235463,-6.466229438781738
WT,114,V,W,-13.900285417103383,-13.827270984649658
WT,114,V,Y,-13.234993630909536,-13.16197919845581
G12D,114,V,A,-4.0959399791137265,-4.026824951171875
G12D,114,V,C,-3.8665717692748593,-3.797456741333008
G12D,114,V,D,-11.055055007495074,-10.985939979553223
G12D,114,V,E,-10.804444655932574,-10.735329627990723
G12D,114,V,F,-10.354697570361285,-10.285582542419434
G12D,114,V,G,-9.782126769580035,-9.713011741638184
G12D,114,V,H,-14.610195979632525,-14.541080951690674
G12D,114,V,I,-3.6769660563842343,-3.607851028442383
G12D,114,V,K,-13.216663703478961,-13.14754867553711
G12D,114,V,L,-6.4647143931762265,-6.395599365234375
G12D,114,V,M,-8.60273776964107,-8.533622741699219
G12D,114,V,N,-12.147863730944781,-12.07874870300293
G12D,114,V,P,-12.679447040118365,-12.610332012176514
G12D,114,V,Q,-13.3331297488586,-13.264014720916748
G12D,114,V,R,-12.076818332232623,-12.007703304290771
G12D,114,V,S,-7.619012221850543,-7.549897193908691
G12D,114,V,T,-6.497216567553668,-6.428101539611816
G12D,114,V,W,-13.517040118731646,-13.447925090789795
G12D,114,V,Y,-12.916382655657916,-12.847267627716064
WT,115,G,A,-2.477792996306256,-2.389497756958008
WT,115,G,C,-8.853918331999616,-8.765623092651367
WT,115,G,D,-12.17433859719737,-12.086043357849121
WT,115,G,E,-10.910686749358014,-10.822391510009766
WT,115,G,F,-13.490281361479596,-13.401986122131348
WT,115,G,H,-15.56257225884898,-15.474277019500732
WT,115,G,I,-14.723555344481305,-14.635260105133057
WT,115,G,K,-15.821892517943219,-15.73359727859497
WT,115,G,L,-13.364812153715924,-13.276516914367676
WT,115,G,M,-13.268717068571881,-13.180421829223633
WT,115,G,N,-13.596143978972272,-13.507848739624023
WT,115,G,P,-15.6570761383961,-15.568780899047852
WT,115,G,Q,-12.760485905546979,-12.67219066619873
WT,115,G,R,-11.742134827513532,-11.653839588165283
WT,115,G,S,-7.9036925019214905,-7.815397262573242
WT,115,G,T,-12.1301624955128,-12.04186725616455
WT,115,G,V,-10.927420872587994,-10.839125633239746
WT,115,G,W,-12.747719544310407,-12.659424304962158
WT,115,G,Y,-13.80634428872569,-13.718049049377441
G12D,115,G,A,-2.515960044985796,-2.4303646087646484
G12D,115,G,C,-8.10936672223189,-8.023771286010742
G12D,115,G,D,-10.358356781130816,-10.272761344909668
G12D,115,G,E,-9.337527580386187,-9.251932144165039
G12D,115,G,F,-12.476512260561968,-12.39091682434082
G12D,115,G,H,-14.425648517733599,-14.340053081512451
G12D,115,G,I,-13.150486774569536,-13.064891338348389
G12D,115,G,K,-13.897066898470904,-13.811471462249756
G12D,115,G,L,-12.325383968478228,-12.23978853225708
G12D,115,G,M,-12.508834190493609,-12.423238754272461
G12D,115,G,N,-12.719377346163775,-12.633781909942627
G12D,115,G,P,-14.166846580630327,-14.08125114440918
G12D,115,G,Q,-12.172221489077593,-12.086626052856445
G12D,115,G,R,-9.733060188418413,-9.647464752197266
G12D,115,G,S,-7.40637428296187,-7.320778846740723
G12D,115,G,T,-11.128135986453081,-11.042540550231934
G12D,115,G,V,-9.260052986269976,-9.174457550048828
G12D,115,G,W,-10.912921257144,-10.827325820922852
G12D,115,G,Y,-12.744115657931353,-12.658520221710205
WT,116,N,A,-11.45311880124617,-11.452844619750977
WT,116,N,C,-10.88538837445784,-10.885114192962646
WT,116,N,D,-13.608420372138504,-13.60814619064331
WT,116,N,E,-14.669532895217422,-14.669258713722229
WT,116,N,F,-15.065629959235672,-15.065355777740479
WT,116,N,G,-11.440876007209305,-11.440601825714111
WT,116,N,H,-10.304482936988357,-10.304208755493164
WT,116,N,I,-13.389431953559402,-13.389157772064209
WT,116,N,K,-14.256197691092972,-14.255923509597778
WT,116,N,L,-13.747693538794998,-13.747419357299805
WT,116,N,M,-13.345323562751297,-13.345049381256104
WT,116,N,P,-15.306326270232681,-15.306052088737488
WT,116,N,Q,-10.391249656806473,-10.39097547531128
WT,116,N,R,-16.37746277464438,-16.377188593149185
WT,116,N,S,-9.78816747678328,-9.787893295288086
WT,116,N,T,-9.159097194800857,-9.158823013305664
WT,116,N,V,-14.085738659034256,-14.085464477539062
WT,116,N,W,-18.899077177176956,-18.898802995681763
WT,116,N,Y,-14.27944982064772,-14.279175639152527
G12D,116,N,A,-11.042138261184625,-11.04159164428711
G12D,116,N,C,-10.174129170761042,-10.173582553863525
G12D,116,N,D,-11.923243684158258,-11.922697067260742
G12D,116,N,E,-13.424068850860529,-13.423522233963013
G12D,116,N,F,-13.67749731002801,-13.676950693130493
G12D,116,N,G,-11.011774701461725,-11.011228084564209
G12D,116,N,H,-9.261983556137018,-9.261436939239502
G12D,116,N,I,-11.87673727928155,-11.876190662384033
G12D,116,N,K,-11.914403123245172,-11.913856506347656
G12D,116,N,L,-12.635344189987116,-12.6347975730896
G12D,116,N,M,-12.4183923429107,-12.417845726013184
G12D,116,N,P,-14.428713244781427,-14.428166627883911
G12D,116,N,Q,-10.011899632797174,-10.011353015899658
G12D,116,N,R,-14.236545962676935,-14.235999345779419
G12D,116,N,S,-9.056890649185114,-9.056344032287598
G12D,116,N,T,-8.61023632942193,-8.609689712524414
G12D,116,N,V,-13.096036118850641,-13.095489501953125
G12D,116,N,W,-17.028860939130716,-17.0283143222332
G12D,116,N,Y,-12.559781236038141,-12.559234619140625
WT,117,K,A,-11.724966130294792,-11.72413694858551
WT,117,K,C,-13.407706848421089,-13.406877666711807
WT,117,K,D,-13.307790077366821,-13.30696089565754
WT,117,K,E,-9.543902835884086,-9.543073654174805
WT,117,K,F,-13.642344198265068,-13.641515016555786
WT,117,K,G,-12.2566016531372,-12.255772471427917
WT,117,K,H,-12.255891761817924,-12.255062580108643
WT,117,K,I,-11.746387801208488,-11.745558619499207
WT,117,K,L,-11.156481227912895,-11.155652046203613
WT,117,K,M,-8.56861063007354,-8.567781448364258
WT,117,K,N,-9.228139839210503,-9.22731065750122
WT,117,K,P,-16.829044065513603,-16.82821488380432
WT,117,K,Q,-8.608691177406303,-8.607861995697021
WT,117,K,R,-8.635761222877495,-8.634932041168213
WT,117,K,S,-12.007274708786003,-12.006445527076721
WT,117,K,T,-9.89196678165435,-9.891137599945068
WT,117,K,V,-12.852928421535484,-12.852099239826202
WT,117,K,W,-15.346153698005669,-15.345324516296387
WT,117,K,Y,-13.987832448520653,-13.98700326681137
G12D,117,K,A,-10.782108710894896,-10.77960729598999
G12D,117,K,C,-12.471553372035338,-12.469051957130432
G12D,117,K,D,-11.82183902133496,-11.819337606430054
G12D,117,K,E,-7.890263484607054,-7.887762069702148
G12D,117,K,F,-12.514290259967161,-12.511788845062256
G12D,117,K,G,-11.084331439624144,-11.081830024719238
G12D,117,K,H,-11.271382974276854,-11.268881559371948
G12D,117,K,I,-10.243832753787352,-10.241331338882446
G12D,117,K,L,-10.417084382663084,-10.414582967758179
G12D,117,K,M,-7.630430148730589,-7.627928733825684
G12D,117,K,N,-7.927968906054808,-7.925467491149902
G12D,117,K,P,-14.826966808924986,-14.82446539402008
G12D,117,K,Q,-7.635364936480833,-7.632863521575928
G12D,117,K,R,-7.772884772906615,-7.770383358001709
G12D,117,K,S,-10.839001821170164,-10.836500406265259
G12D,117,K,T,-8.578920291552855,-8.57641887664795
G12D,117,K,V,-11.630829499850584,-11.628328084945679
G12D,117,K,W,-13.527586148867918,-13.525084733963013
G12D,117,K,Y,-12.520067022929503,-12.517565608024597
WT,118,C,A,-3.3811450534400738,-2.8549623489379883
WT,118,C,D,-7.991524749332408,-7.465342044830322
WT,118,C,E,-9.16132646136854,-8.635143756866455
WT,118,C,F,-7.423807673984507,-6.897624969482422
WT,118,C,G,-5.789226108127574,-5.263043403625488
WT,118,C,H,-7.274713569217662,-6.748530864715576
WT,118,C,I,-6.335958056980113,-5.809775352478027
WT,118,C,K,-9.378697925144175,-8.85251522064209
WT,118,C,L,-5.719320827060679,-5.193138122558594
WT,118,C,M,-7.5384202533302105,-7.012237548828125
WT,118,C,N,-5.336831622653941,-4.8106489181518555
WT,118,C,P,-11.406343513065318,-10.880160808563232
WT,118,C,Q,-7.052279048496226,-6.526096343994141
WT,118,C,R,-8.271287494235972,-7.745104789733887
WT,118,C,S,-1.1032157474098003,-0.5770330429077148
WT,118,C,T,-3.9472575717506206,-3.421074867248535
WT,118,C,V,-5.0018296771583355,-4.47564697265625
WT,118,C,W,-9.396864944034556,-8.87068223953247
WT,118,C,Y,-7.122299724155406,-6.59611701965332
G12D,118,C,A,-3.448534434942337,-2.9321298599243164
G12D,118,C,D,-7.962948745397659,-7.446544170379639
G12D,118,C,E,-9.136437839178177,-8.620033264160156
G12D,118,C,F,-7.243314212469192,-6.726909637451172
G12D,118,C,G,-5.783322757391067,-5.266918182373047
G12D,118,C,H,-7.1973671375790556,-6.680962562561035
G12D,118,C,I,-6.251325076727005,-5.734920501708984
G12D,118,C,K,-9.149895137456985,-8.633490562438965
G12D,118,C,L,-5.713736957220169,-5.197332382202148
G12D,118,C,M,-7.5278677403012235,-7.011463165283203
G12D,118,C,N,-5.3267263828793485,-4.810321807861328
G12D,118,C,P,-11.142637199071975,-10.626232624053955
G12D,118,C,Q,-7.133329814581009,-6.616925239562988
G12D,118,C,R,-7.93513244977388,-7.418727874755859
G12D,118,C,S,-1.112874454168411,-0.5964698791503906
G12D,118,C,T,-3.99826664319429,-3.4818620681762695
G12D,118,C,V,-5.028275912908645,-4.511871337890625
G12D,118,C,W,-9.089544242529007,-8.573139667510986
G12D,118,C,Y,-6.8909916340390165,-6.374587059020996
WT,119,D,A,-11.66007222092328,-11.659565925598145
WT,119,D,C,-12.224630726935242,-12.224124431610107
WT,119,D,E,-7.930866135718201,-7.930359840393066
WT,119,D,F,-14.795215739371155,-14.79470944404602
WT,119,D,G,-11.347247971655701,-11.346741676330566
WT,119,D,H,-10.830777062537049,-10.830270767211914
WT,119,D,I,-14.98652256882367,-14.986016273498535
WT,119,D,K,-15.229397668005799,-15.228891372680664
WT,119,D,L,-14.164891614081238,-14.164385318756104
WT,119,D,M,-15.391549481512879,-15.391043186187744
WT,119,D,N,-10.07214440262494,-10.071638107299805
WT,119,D,P,-15.743994011046265,-15.74348771572113
WT,119,D,Q,-12.32449282562909,-12.323986530303955
WT,119,D,R,-15.649323119284485,-15.64881682395935
WT,119,D,S,-12.52963723099408,-12.529130935668945
WT,119,D,T,-13.612651480795716,-13.612145185470581
WT,119,D,V,-12.099439515234803,-12.098933219909668
WT,119,D,W,-16.189725293280457,-16.189218997955322
WT,119,D,Y,-10.87856711304364,-10.878060817718506
G12D,119,D,A,-9.515090332246896,-9.512763977050781
G12D,119,D,C,-10.670953617311593,-10.668627262115479
G12D,119,D,E,-6.899460182405587,-6.897133827209473
G12D,119,D,F,-12.647757396913644,-12.64543104171753
G12D,119,D,G,-8.855239258028146,-8.852912902832031
G12D,119,D,H,-8.613293037630196,-8.610966682434082
G12D,119,D,I,-12.375872001863595,-12.37354564666748
G12D,119,D,K,-12.327738151765939,-12.325411796569824
G12D,119,D,L,-12.174010143495675,-12.17168378829956
G12D,119,D,M,-13.490511284090157,-13.488184928894043
G12D,119,D,N,-7.793602333284493,-7.791275978088379
G12D,119,D,P,-13.185672626711007,-13.183346271514893
G12D,119,D,Q,-10.800665722108956,-10.798339366912842
G12D,119,D,R,-12.891173229433175,-12.88884687423706
G12D,119,D,S,-10.76138196966755,-10.759055614471436
G12D,119,D,T,-11.75758968374836,-11.755263328552246
G12D,119,D,V,-9.414081917024728,-9.411755561828613
G12D,119,D,W,-13.826464519716378,-13.824138164520264
G12D,119,D,Y,-8.306878433443185,-8.30455207824707
WT,120,L,A,-7.212228293175166,-7.181370735168457
WT,120,L,C,-7.70435094332165,-7.673493385314941
WT,120,L,D,-5.953803534264033,-5.922945976257324
WT,120,L,E,-5.812531943077509,-5.781674385070801
WT,120,L,F,-8.49534272646374,-8.464485168457031
WT,120,L,G,-7.7543988177723335,-7.723541259765625
WT,120,L,H,-7.359717840904658,-7.328860282897949
WT,120,L,I,-5.710879797691767,-5.680022239685059
WT,120,L,K,-7.062600607628291,-7.031743049621582
WT,120,L,M,-4.911367888206904,-4.880510330200195
WT,120,L,N,-7.150678152794306,-7.119820594787598
WT,120,L,P,-10.619948858971064,-10.589091300964355
WT,120,L,Q,-5.5314583728260445,-5.500600814819336
WT,120,L,R,-7.237448210472529,-7.20659065246582
WT,120,L,S,-5.68638276552624,-5.655525207519531
WT,120,L,T,-8.039626593346064,-8.008769035339355
WT,120,L,V,-6.48488187288708,-6.454024314880371
WT,120,L,W,-10.982532973045771,-10.951675415039062
WT,120,L,Y,-9.649655813927119,-9.61879825592041
G12D,120,L,A,-7.257565412447228,-7.226574897766113
G12D,120,L,C,-7.386745366976037,-7.355754852294922
G12D,120,L,D,-6.173935804292931,-6.142945289611816
G12D,120,L,E,-5.9916600321982045,-5.96066951751709
G12D,120,L,F,-8.047771367952599,-8.016780853271484
G12D,120,L,G,-7.751967344209923,-7.720976829528809
G12D,120,L,H,-7.074891004488244,-7.043900489807129
G12D,120,L,I,-5.713661107942833,-5.682670593261719
G12D,120,L,K,-6.861860189363732,-6.830869674682617
G12D,120,L,M,-4.998554143831505,-4.967563629150391
G12D,120,L,N,-7.1629761790487905,-7.131985664367676
G12D,120,L,P,-9.758380803987755,-9.72739028930664
G12D,120,L,Q,-5.465826902315392,-5.434836387634277
G12D,120,L,R,-6.7579211329672475,-6.726930618286133
G12D,120,L,S,-5.610287580415978,-5.579297065734863
G12D,120,L,T,-7.985335264131798,-7.954344749450684
G12D,120,L,V,-6.463350210115685,-6.43235969543457
G12D,120,L,W,-10.428271207735314,-10.3972806930542
G12D,120,L,Y,-9.236695203706994,-9.205704689025879
WT,121,P,A,-2.0810936427028253,-1.5302467346191406
WT,121,P,C,-9.293824527254827,-8.742977619171143
WT,121,P,D,-4.036738250246771,-3.485891342163086
WT,121,P,E,-3.49528488873554,-2.9444379806518555
WT,121,P,F,-6.998854491701849,-6.448007583618164
WT,121,P,G,-3.77992901562763,-3.2290821075439453
WT,121,P,H,-5.00747856854511,-4.456631660461426
WT,121,P,I,-5.481286857119329,-4.9304399490356445
WT,121,P,K,-6.7840946650416925,-6.233247756958008
WT,121,P,L,-5.1291969752223565,-4.578350067138672
WT,121,P,M,-5.828707549563177,-5.277860641479492
WT,121,P,N,-4.54777512311054,-3.9969282150268555
WT,121,P,Q,-2.6224764323146417,-2.071629524230957
WT,121,P,R,-6.900280807009466,-6.349433898925781
WT,121,P,S,-2.7900932764918878,-2.239246368408203
WT,121,P,T,-3.1125324702174737,-2.561685562133789
WT,121,P,V,-4.234244201174505,-3.6833972930908203
WT,121,P,W,-10.535644385805853,-9.984797477722168
WT,121,P,Y,-6.550885055056341,-6.000038146972656
G12D,121,P,A,-2.051552023730336,-1.4892215728759766
G12D,121,P,C,-8.824499335131703,-8.262168884277344
G12D,121,P,D,-4.1543953083372696,-3.59206485748291
G12D,121,P,E,-3.571996893725453,-3.0096664428710938
G12D,121,P,F,-6.7069675587034805,-6.144637107849121
G12D,121,P,G,-3.8393737934446914,-3.277043342590332
G12D,121,P,H,-4.9632026813841446,-4.400872230529785
G12D,121,P,I,-5.248112883410512,-4.685782432556152
G12D,121,P,K,-6.484380926928578,-5.922050476074219
G12D,121,P,L,-4.887803282580434,-4.325472831726074
G12D,121,P,M,-5.7321188114500625,-5.169788360595703
G12D,121,P,N,-4.577652182421742,-4.015321731567383
G12D,121,P,Q,-2.7122585438109024,-2.149928092956543
G12D,121,P,R,-6.563344206652699,-6.00101375579834
G12D,121,P,S,-2.7340623997068985,-2.171731948852539
G12D,121,P,T,-3.0353786609984024,-2.473048210144043
G12D,121,P,V,-4.051102843127309,-3.488772392272949
G12D,121,P,W,-10.034044947466908,-9.471714496612549
G12D,121,P,Y,-6.309348311266957,-5.747017860412598
WT,122,S,A,-1.6840198003156406,-0.44188880920410156
WT,122,S,C,-7.612181421409391,-6.370050430297852
WT,122,S,D,-3.524350877891324,-2.282219886779785
WT,122,S,E,-2.4526240788800937,-1.2104930877685547
WT,122,S,F,-5.912737604270719,-4.67060661315918
WT,122,S,G,-3.261310335288785,-2.019179344177246
WT,122,S,H,-3.8681981526715976,-2.6260671615600586
WT,122,S,I,-5.253813501487516,-4.011682510375977
WT,122,S,K,-5.110897775779508,-3.8687667846679688
WT,122,S,L,-4.8601577245099765,-3.6180267333984375
WT,122,S,M,-4.75943827260568,-3.5173072814941406
WT,122,S,N,-2.8986499272687656,-1.6565189361572266
WT,122,S,P,-7.654213186393521,-6.412082195281982
WT,122,S,Q,-2.4329392873151523,-1.1908082962036133
WT,122,S,R,-4.8911845647199375,-3.6490535736083984
WT,122,S,T,-1.9244058095319492,-0.6822748184204102
WT,122,S,V,-3.9730870686872226,-2.7309560775756836
WT,122,S,W,-8.134633299003385,-6.892502307891846
WT,122,S,Y,-5.495318170676969,-4.25318717956543
G12D,122,S,A,-1.7844184775283054,-0.6411256790161133
G12D,122,S,C,-6.928703679554673,-5.7854108810424805
G12D,122,S,D,-3.607035054676743,-2.463742256164551
G12D,122,S,E,-2.599781407826157,-1.4564886093139648
G12D,122,S,F,-5.577029599659653,-4.433736801147461
G12D,122,S,G,-3.373629941456528,-2.230337142944336
G12D,122,S,H,-3.831940068714829,-2.6886472702026367
G12D,122,S,I,-4.946644200794907,-3.803351402282715
G12D,122,S,K,-4.802788152210923,-3.6594953536987305
G12D,122,S,L,-4.652844800465317,-3.509552001953125
G12D,122,S,M,-4.736865415089341,-3.5935726165771484
G12D,122,S,N,-2.8861497778823093,-1.7428569793701172
G12D,122,S,P,-7.367938413136216,-6.224645614624023
G12D,122,S,Q,-2.6376527686049656,-1.4943599700927734
G12D,122,S,R,-4.63983286809227,-3.496540069580078
G12D,122,S,T,-1.8861841101577,-0.7428913116455078
G12D,122,S,V,-3.8105672736098484,-2.6672744750976562
G12D,122,S,W,-7.656425370686264,-6.513132572174072
G12D,122,S,Y,-5.165046109669419,-4.021753311157227
WT,123,R,A,-9.990168591123012,-9.983736515045166
WT,123,R,C,-8.727258701901821,-8.720826625823975
WT,123,R,D,-11.752265472989468,-11.745833396911621
WT,123,R,E,-10.945864220242886,-10.939432144165039
WT,123,R,F,-11.622853298764614,-11.616421222686768
WT,123,R,G,-9.54761125622311,-9.541179180145264
WT,123,R,H,-8.006748695950893,-8.000316619873047
WT,123,R,I,-10.121245403867153,-10.114813327789307
WT,123,R,K,-5.382152100186733,-5.375720024108887
WT,123,R,L,-9.473454495053677,-9.46702241897583
WT,123,R,M,-9.701369782071499,-9.694937705993652
WT,123,R,N,-9.737447281461147,-9.7310152053833
WT,123,R,P,-9.534505386929897,-9.52807331085205
WT,123,R,Q,-7.763207932095913,-7.756775856018066
WT,123,R,S,-8.437892456632046,-8.4314603805542
WT,123,R,T,-9.427859325986294,-9.421427249908447
WT,123,R,V,-9.794444103818325,-9.788012027740479
WT,123,R,W,-10.18741895733395,-10.180986881256104
WT,123,R,Y,-10.658165951352505,-10.651733875274658
G12D,123,R,A,-9.151528273930019,-9.137272834777832
G12D,123,R,C,-7.05814162384457,-7.043886184692383
G12D,123,R,D,-10.680313979496425,-10.666058540344238
G12D,123,R,E,-9.826718722691005,-9.812463283538818
G12D,123,R,F,-10.299498950352138,-10.285243511199951
G12D,123,R,G,-7.896936332096523,-7.882680892944336
G12D,123,R,H,-6.738486205448574,-6.724230766296387
G12D,123,R,I,-8.750408564915126,-8.73615312576294
G12D,123,R,K,-4.883623038639492,-4.869367599487305
G12D,123,R,L,-8.098491584171718,-8.084236145019531
G12D,123,R,M,-8.465187941898769,-8.450932502746582
G12D,123,R,N,-8.774269019474453,-8.760013580322266
G12D,123,R,P,-8.189594184269374,-8.175338745117188
G12D,123,R,Q,-6.622120772709316,-6.607865333557129
G12D,123,R,S,-7.432020102848476,-7.417764663696289
G12D,123,R,T,-8.398392592777675,-8.384137153625488
G12D,123,R,V,-8.821809684147304,-8.807554244995117
G12D,123,R,W,-7.815179740299648,-7.800924301147461
G12D,123,R,Y,-9.317422782291835,-9.303167343139648
WT,124,T,A,-1.8063544969243832,-0.984950065612793
WT,124,T,C,-5.419241879431707,-4.597837448120117
WT,124,T,D,-4.752775166480047,-3.931370735168457
WT,124,T,E,-2.9286603669805356,-2.1072559356689453
WT,124,T,F,-7.018262837378485,-6.1968584060668945
WT,124,T,G,-5.392296765295965,-4.570892333984375
WT,124,T,H,-5.735911343543036,-4.914506912231445
WT,124,T,I,-4.709962819067938,-3.8885583877563477
WT,124,T,K,-4.976403210608465,-4.154998779296875
WT,124,T,L,-4.541912053076727,-3.7205076217651367
WT,124,T,M,-4.426394436804754,-3.604990005493164
WT,124,T,N,-4.5337724427862,-3.7123680114746094
WT,124,T,P,-5.619195912329657,-4.797791481018066
WT,124,T,Q,-2.4507684449834652,-1.629364013671875
WT,124,T,R,-5.353697751013739,-4.532293319702148
WT,124,T,S,-2.6566428880376645,-1.8352384567260742
WT,124,T,V,-2.2475356797857113,-1.426131248474121
WT,124,T,W,-9.520783875433905,-8.699379444122314
WT,124,T,Y,-6.949852917639715,-6.128448486328125
G12D,124,T,A,-1.866182368131474,-1.0506172180175781
G12D,124,T,C,-5.293590586515263,-4.478025436401367
G12D,124,T,D,-4.8721437862833294,-4.056578636169434
G12D,124,T,E,-3.0432930401285443,-2.2277278900146484
G12D,124,T,F,-6.887893717618779,-6.072328567504883
G12D,124,T,G,-5.405019800992802,-4.589454650878906
G12D,124,T,H,-5.646455805631474,-4.830890655517578
G12D,124,T,I,-4.570166628690556,-3.75460147857666
G12D,124,T,K,-4.656923334928349,-3.841358184814453
G12D,124,T,L,-4.5195274761637005,-3.7039623260498047
G12D,124,T,M,-4.435547869535283,-3.6199827194213867
G12D,124,T,N,-4.5122642925699505,-3.6966991424560547
G12D,124,T,P,-5.5830650738199505,-4.767499923706055
G12D,124,T,Q,-2.4842319897135052,-1.6686668395996094
G12D,124,T,R,-5.063088457914189,-4.247523307800293
G12D,124,T,S,-2.673468630643681,-1.8579034805297852
G12D,124,T,V,-2.152178805204228,-1.336613655090332
G12D,124,T,W,-9.275607626767949,-8.460042476654053
G12D,124,T,Y,-6.821877520414189,-6.006312370300293
WT,125,V,A,-7.077025325259228,-6.895928382873535
WT,125,V,C,-6.968377978762646,-6.787281036376953
WT,125,V,D,-12.141839892825146,-11.960742950439453
WT,125,V,E,-10.289004237612744,-10.10790729522705
WT,125,V,F,-7.020359904727002,-6.839262962341309
WT,125,V,G,-8.852124125918408,-8.671027183532715
WT,125,V,H,-10.643248469790478,-10.462151527404785
WT,125,V,I,-1.9211043428983885,-1.7400074005126953
WT,125,V,K,-10.431981952151318,-10.250885009765625
WT,125,V,L,-4.632054240664502,-4.450957298278809
WT,125,V,M,-5.771264941653271,-5.590167999267578
WT,125,V,N,-10.440207393130322,-10.259110450744629
WT,125,V,P,-8.373064906558056,-8.191967964172363
WT,125,V,Q,-9.29072466607954,-9.109627723693848
WT,125,V,R,-10.89392987008955,-10.712832927703857
WT,125,V,S,-9.09166517969038,-8.910568237304688
WT,125,V,T,-5.85729304071333,-5.676196098327637
WT,125,V,W,-10.38844481225874,-10.207347869873047
WT,125,V,Y,-9.892563731631299,-9.711466789245605
G12D,125,V,A,-6.645058319014087,-6.47355842590332
G12D,125,V,C,-7.237510368269458,-7.066010475158691
G12D,125,V,D,-11.204513236921802,-11.033013343811035
G12D,125,V,E,-9.556628868025317,-9.38512897491455
G12D,125,V,F,-6.628060981672778,-6.456561088562012
G12D,125,V,G,-8.134549781721606,-7.96304988861084
G12D,125,V,H,-10.501137420576587,-10.32963752746582
G12D,125,V,I,-2.0013415068802978,-1.8298416137695312
G12D,125,V,K,-9.92152278129436,-9.750022888183594
G12D,125,V,L,-4.506919547956958,-4.335419654846191
G12D,125,V,M,-5.537508651655688,-5.366008758544922
G12D,125,V,N,-10.062246963423267,-9.8907470703125
G12D,125,V,P,-8.199155494612231,-8.027655601501465
G12D,125,V,Q,-9.201943084639087,-9.03044319152832
G12D,125,V,R,-10.329493209761157,-10.15799331665039
G12D,125,V,S,-8.797521278303638,-8.626021385192871
G12D,125,V,T,-5.825297996443286,-5.6537981033325195
G12D,125,V,W,-9.958344146650806,-9.786844253540039
G12D,125,V,Y,-9.78913752738811,-9.617637634277344
WT,126,D,A,-3.972307153858214,-2.8365745544433594
WT,126,D,C,-8.434555002368956,-7.298822402954102
WT,126,D,E,-1.5945386373176866,-0.45880603790283203
WT,126,D,F,-7.749809213794737,-6.614076614379883
WT,126,D,G,-2.8473386251106554,-1.7116060256958008
WT,126,D,H,-5.866384454883605,-4.73065185546875
WT,126,D,I,-6.740177103199034,-5.60444450378418
WT,126,D,K,-5.80672258964923,-4.670989990234375
WT,126,D,L,-5.75499910942462,-4.619266510009766
WT,126,D,M,-6.653203912891417,-5.5174713134765625
WT,126,D,N,-3.0538730107918077,-1.9181404113769531
WT,126,D,P,-2.721682497180968,-1.5859498977661133
WT,126,D,Q,-3.05862516991046,-1.9228925704956055
WT,126,D,R,-6.720558115161925,-5.58482551574707
WT,126,D,S,-1.9546546422615343,-0.8189220428466797
WT,126,D,T,-2.51901335350421,-1.3832807540893555
WT,126,D,V,-5.866939493335753,-4.731206893920898
WT,126,D,W,-9.121040769733458,-7.9853081703186035
WT,126,D,Y,-7.353454538501769,-6.217721939086914
G12D,126,D,A,-3.996473476175286,-2.808767318725586
G12D,126,D,C,-7.936544582132317,-6.748838424682617
G12D,126,D,E,-1.6362611501254811,-0.44855499267578125
G12D,126,D,F,-7.383781596902825,-6.196075439453125
G12D,126,D,G,-2.780728503946282,-1.593022346496582
G12D,126,D,H,-5.698134586099602,-4.510428428649902
G12D,126,D,I,-6.517948314432122,-5.330242156982422
G12D,126,D,K,-5.490020915750481,-4.302314758300781
G12D,126,D,L,-5.549669429544426,-4.361963272094727
G12D,126,D,M,-6.584357425455071,-5.396651268005371
G12D,126,D,N,-2.977818652872063,-1.7901124954223633
G12D,126,D,P,-2.7779180257358327,-1.5902118682861328
G12D,126,D,Q,-3.0714914052524342,-1.8837852478027344
G12D,126,D,R,-6.280759975198723,-5.093053817749023
G12D,126,D,S,-1.8299600331821217,-0.6422538757324219
G12D,126,D,T,-2.5393478124179616,-1.3516416549682617
G12D,126,D,V,-5.806546375040032,-4.618840217590332
G12D,126,D,W,-8.592900439981438,-7.405194282531738
G12D,126,D,Y,-6.980172321084954,-5.792466163635254
WT,127,T,A,-3.105992852191209,-2.6094770431518555
WT,127,T,C,-6.058475552539109,-5.561959743499756
WT,127,T,D,-7.159139214495896,-6.662623405456543
WT,127,T,E,-5.104950486163377,-4.608434677124023
WT,127,T,F,-4.500416336993455,-4.003900527954102
WT,127,T,G,-4.591188965777635,-4.094673156738281
WT,127,T,H,-5.4192996606628885,-4.922783851623535
WT,127,T,I,-4.104774056414842,-3.6082582473754883
WT,127,T,K,-4.028200684527635,-3.5316848754882812
WT,127,T,L,-3.9664893731873025,-3.469973564147949
WT,127,T,M,-4.2902455911438455,-3.793729782104492
WT,127,T,N,-4.537339745501756,-4.040823936462402
WT,127,T,P,-3.017515717486619,-2.5209999084472656
WT,127,T,Q,-3.3732724771301736,-2.8767566680908203
WT,127,T,R,-4.339953003863572,-3.8434371948242188
WT,127,T,S,-2.33128124330449,-1.8347654342651367
WT,127,T,V,-3.441464005450486,-2.944948196411133
WT,127,T,W,-6.8394985780518045,-6.342982769012451
WT,127,T,Y,-4.885248719195603,-4.38873291015625
G12D,127,T,A,-3.1319048223449553,-2.618048667907715
G12D,127,T,C,-5.897102576251205,-5.383246421813965
G12D,127,T,D,-7.031460028643783,-6.517603874206543
G12D,127,T,E,-5.027736884112533,-4.513880729675293
G12D,127,T,F,-4.400092345233139,-3.8862361907958984
G12D,127,T,G,-4.591539603228744,-4.077683448791504
G12D,127,T,H,-5.341019850726303,-4.8271636962890625
G12D,127,T,I,-3.9951298055602873,-3.481273651123047
G12D,127,T,K,-3.93248580073851,-3.4186296463012695
G12D,127,T,L,-3.889314871783432,-3.3754587173461914
G12D,127,T,M,-4.219625693316635,-3.7057695388793945
G12D,127,T,N,-4.441169959063705,-3.927313804626465
G12D,127,T,P,-3.0571253118469084,-2.543269157409668
G12D,127,T,Q,-3.416290503497299,-2.9024343490600586
G12D,127,T,R,-4.225944739337143,-3.7120885848999023
G12D,127,T,S,-2.323333960528549,-1.8094778060913086
G12D,127,T,V,-3.4110281286193693,-2.897171974182129
G12D,127,T,W,-6.722602110858139,-6.208745956420898
G12D,127,T,Y,-4.6886751470519865,-4.174818992614746
WT,128,K,A,-3.6819251471790295,-3.081986427307129
WT,128,K,C,-8.083622782829664,-7.483684062957764
WT,128,K,D,-6.881233542564772,-6.281294822692871
WT,128,K,E,-5.776893942955397,-5.176955223083496
WT,128,K,F,-8.36979135811653,-7.769852638244629
WT,128,K,G,-4.551907866600416,-3.9519691467285156
WT,128,K,H,-4.796247809532545,-4.1963090896606445
WT,128,K,I,-6.800143569115065,-6.200204849243164
WT,128,K,L,-6.2529090338977795,-5.652970314025879
WT,128,K,M,-6.232476561668776,-5.632537841796875
WT,128,K,N,-4.3125613623889905,-3.71262264251709
WT,128,K,P,-6.346875517967604,-5.746936798095703
WT,128,K,Q,-2.0840018683704358,-1.4840631484985352
WT,128,K,R,-1.5730203086170178,-0.9730815887451172
WT,128,K,S,-3.560351698997877,-2.9604129791259766
WT,128,K,T,-4.009209006431959,-3.4092702865600586
WT,128,K,V,-5.715694754722975,-5.115756034851074
WT,128,K,W,-8.988798468712233,-8.388859748840332
WT,128,K,Y,-7.603300421837233,-7.003361701965332
G12D,128,K,A,-3.7347688323793164,-3.1206092834472656
G12D,128,K,C,-7.652700389080977,-7.038540840148926
G12D,128,K,D,-6.654383624249434,-6.040224075317383
G12D,128,K,E,-5.498919451886152,-4.884759902954102
G12D,128,K,F,-8.088809931927656,-7.4746503829956055
G12D,128,K,G,-4.54047962492082,-3.9263200759887695
G12D,128,K,H,-4.666448558026289,-4.052289009094238
G12D,128,K,I,-6.529321635418867,-5.915162086486816
G12D,128,K,L,-6.029004061871504,-5.414844512939453
G12D,128,K,M,-6.060280764752363,-5.4461212158203125
G12D,128,K,N,-4.2079887039003125,-3.5938291549682617
G12D,128,K,P,-6.347638095074629,-5.733478546142578
G12D,128,K,Q,-2.0062274581727735,-1.3920679092407227
G12D,128,K,R,-1.6163015014466993,-1.0021419525146484
G12D,128,K,S,-3.528117144757246,-2.9139575958251953
G12D,128,K,T,-3.966903651410078,-3.3527441024780273
G12D,128,K,V,-5.618402445965742,-5.004242897033691
G12D,128,K,W,-8.52945610349748,-7.91529655456543
G12D,128,K,Y,-7.262604678326582,-6.648445129394531
WT,129,Q,A,-2.016105500259272,-0.7019481658935547
WT,129,Q,C,-6.206348267593256,-4.892190933227539
WT,129,Q,D,-3.3865784082792914,-2.072421073913574
WT,129,Q,E,-2.6935766611479437,-1.3794193267822266
WT,129,Q,F,-5.115371552505366,-3.8012142181396484
WT,129,Q,G,-4.686514702834955,-3.3723573684692383
WT,129,Q,H,-3.3980158243559515,-2.0838584899902344
WT,129,Q,I,-4.400897828140131,-3.086740493774414
WT,129,Q,K,-2.283529130020014,-0.9693717956542969
WT,129,Q,L,-3.6654899988554632,-2.351332664489746
WT,129,Q,M,-4.288850632705561,-2.9746932983398438
WT,129,Q,N,-4.391028252639643,-3.076870918273926
WT,129,Q,P,-4.111106720962397,-2.7969493865966797
WT,129,Q,R,-3.0259550485991156,-1.7117977142333984
WT,129,Q,S,-3.094482270278803,-1.780324935913086
WT,129,Q,T,-2.4094065103911078,-1.0952491760253906
WT,129,Q,V,-2.8270319376372015,-1.5128746032714844
WT,129,Q,W,-6.788068619766108,-5.473911285400391
WT,129,Q,Y,-3.9277656946562445,-2.6136083602905273
G12D,129,Q,A,-2.1284269847305417,-0.8355493545532227
G12D,129,Q,C,-6.00816960710603,-4.715291976928711
G12D,129,Q,D,-3.306478933277905,-2.013601303100586
G12D,129,Q,E,-2.5854906596572995,-1.2926130294799805
G12D,129,Q,F,-5.1465611018570065,-3.8536834716796875
G12D,129,Q,G,-4.7070021190078855,-3.4141244888305664
G12D,129,Q,H,-3.408630804005444,-2.115753173828125
G12D,129,Q,I,-4.341268972340405,-3.048391342163086
G12D,129,Q,K,-2.249841169300854,-0.9569635391235352
G12D,129,Q,L,-3.6313442744644284,-2.3384666442871094
G12D,129,Q,M,-4.290687040272534,-2.997809410095215
G12D,129,Q,N,-4.376788572254956,-3.0839109420776367
G12D,129,Q,P,-4.147368864003003,-2.8544912338256836
G12D,129,Q,R,-3.0108046092422605,-1.7179269790649414
G12D,129,Q,S,-3.1288113154800534,-1.8359336853027344
G12D,129,Q,T,-2.4499907054336667,-1.1571130752563477
G12D,129,Q,V,-2.860851720753491,-1.5679740905761719
G12D,129,Q,W,-6.707810834828198,-5.414933204650879
G12D,129,Q,Y,-3.946360067311108,-2.653482437133789
WT,130,A,C,-5.093381763653728,-4.792757987976074
WT,130,A,D,-9.765677334027263,-9.46505355834961
WT,130,A,E,-8.471036792950603,-8.17041301727295
WT,130,A,F,-9.485980869488689,-9.185357093811035
WT,130,A,G,-1.4603089105653488,-1.1596851348876953
WT,130,A,H,-10.469847561078044,-10.16922378540039
WT,130,A,I,-7.499398113446208,-7.198774337768555
WT,130,A,K,-11.82164180393693,-11.521018028259277
WT,130,A,L,-8.440460087017986,-8.139836311340332
WT,130,A,M,-8.51118552799699,-8.210561752319336
WT,130,A,N,-10.240779758648845,-9.940155982971191
WT,130,A,P,-8.355460048871013,-8.05483627319336
WT,130,A,Q,-9.868047596173259,-9.567423820495605
WT,130,A,R,-10.100345493512126,-9.799721717834473
WT,130,A,S,-4.653400303082439,-4.352776527404785
WT,130,A,T,-6.002139927105876,-5.701516151428223
WT,130,A,V,-4.885842205243083,-4.58521842956543
WT,130,A,W,-10.866571308331462,-10.565947532653809
WT,130,A,Y,-10.055448414044353,-9.7548246383667
G12D,130,A,C,-4.998076255645596,-4.672558784484863
G12D,130,A,D,-8.64968376907333,-8.324166297912598
G12D,130,A,E,-7.675710494842374,-7.350193023681641
G12D,130,A,F,-9.143313224639737,-8.817795753479004
G12D,130,A,G,-1.4099844053648347,-1.0844669342041016
G12D,130,A,H,-10.102663810577237,-9.777146339416504
G12D,130,A,I,-7.145381744232022,-6.819864273071289
G12D,130,A,K,-10.956065948333585,-10.630548477172852
G12D,130,A,L,-8.165570075836026,-7.840052604675293
G12D,130,A,M,-8.358642394866788,-8.033124923706055
G12D,130,A,N,-9.805042083587491,-9.479524612426758
G12D,130,A,P,-8.15645104202255,-7.830933570861816
G12D,130,A,Q,-9.64398365768417,-9.318466186523438
G12D,130,A,R,-9.014461334075772,-8.688943862915039
G12D,130,A,S,-4.577684219207608,-4.252166748046875
G12D,130,A,T,-5.817314918365323,-5.49179744720459
G12D,130,A,V,-4.516600425567471,-4.191082954406738
G12D,130,A,W,-10.138923461761319,-9.813405990600586
G12D,130,A,Y,-9.604332740630948,-9.278815269470215
WT,131,Q,A,-4.693687543375262,-4.439837455749512
WT,131,Q,C,-7.691368207437762,-7.437518119812012
WT,131,Q,D,-6.750291928751238,-6.496441841125488
WT,131,Q,E,-3.3811656088659845,-3.1273155212402344
WT,131,Q,F,-8.018931493265399,-7.765081405639648
WT,131,Q,G,-5.6496640295813165,-5.395813941955566
WT,131,Q,H,-4.250172719461688,-3.9963226318359375
WT,131,Q,I,-6.371402844888934,-6.117552757263184
WT,131,Q,K,-2.685563191873797,-2.431713104248047
WT,131,Q,L,-5.134106740457781,-4.880256652832031
WT,131,Q,M,-5.19832144687868,-4.94447135925293
WT,131,Q,N,-4.694268331033953,-4.440418243408203
WT,131,Q,P,-9.991448983652361,-9.737598896026611
WT,131,Q,R,-3.193521604044207,-2.939671516418457
WT,131,Q,S,-4.655137166483172,-4.401287078857422
WT,131,Q,T,-4.225695714456805,-3.9718456268310547
WT,131,Q,V,-5.566525563699969,-5.312675476074219
WT,131,Q,W,-7.771050557596453,-7.517200469970703
WT,131,Q,Y,-6.58463679264284,-6.33078670501709
G12D,131,Q,A,-4.7656214795555485,-4.477558135986328
G12D,131,Q,C,-7.4744484982933415,-7.186385154724121
G12D,131,Q,D,-6.677135761782111,-6.389072418212891
G12D,131,Q,E,-3.2504265866722477,-2.9623632431030273
G12D,131,Q,F,-7.907490070864142,-7.619426727294922
G12D,131,Q,G,-5.687866505190314,-5.399803161621094
G12D,131,Q,H,-4.182829197451056,-3.894765853881836
G12D,131,Q,I,-6.177576359316291,-5.88951301574707
G12D,131,Q,K,-2.503444012209357,-2.2153806686401367
G12D,131,Q,L,-5.00161486487049,-4.7135515213012695
G12D,131,Q,M,-5.095628078981818,-4.807564735412598
G12D,131,Q,N,-4.660139378115119,-4.372076034545898
G12D,131,Q,P,-9.54097205023426,-9.252908706665039
G12D,131,Q,R,-3.0667965970482243,-2.778733253479004
G12D,131,Q,S,-4.73525744299549,-4.4471940994262695
G12D,131,Q,T,-4.248713787599982,-3.9606504440307617
G12D,131,Q,V,-5.493143375917853,-5.205080032348633
G12D,131,Q,W,-7.443346317812384,-7.155282974243164
G12D,131,Q,Y,-6.461847599550666,-6.173784255981445
WT,132,D,A,-4.482099960483776,-4.0030670166015625
WT,132,D,C,-10.908608387150036,-10.429575443267822
WT,132,D,E,-1.0721916658060415,-0.5931587219238281
WT,132,D,F,-9.453675697483288,-8.974642753601074
WT,132,D,G,-5.605155418552624,-5.12612247467041
WT,132,D,H,-7.666258285679088,-7.187225341796875
WT,132,D,I,-8.148055504001842,-7.669022560119629
WT,132,D,K,-8.114819000400768,-7.635786056518555
WT,132,D,L,-7.436135719455944,-6.9571027755737305
WT,132,D,M,-7.994466255344616,-7.515433311462402
WT,132,D,N,-5.185571144260631,-4.706538200378418
WT,132,D,P,-12.109430740513073,-11.63039779663086
WT,132,D,Q,-4.866287658848034,-4.38725471496582
WT,132,D,R,-9.532267997898327,-9.053235054016113
WT,132,D,S,-5.511366317905651,-5.0323333740234375
WT,132,D,T,-5.871636818088756,-5.392603874206543
WT,132,D,V,-7.081722686924206,-6.602689743041992
WT,132,D,W,-11.574622581638561,-11.095589637756348
WT,132,D,Y,-8.495195816196667,-8.016162872314453
G12D,132,D,A,-4.175977078667973,-3.6760454177856445
G12D,132,D,C,-10.308239308587407,-9.808307647705078
G12D,132,D,E,-1.0688918507016645,-0.5689601898193359
G12D,132,D,F,-9.063363400689457,-8.563431739807129
G12D,132,D,G,-5.382488576165532,-4.882556915283203
G12D,132,D,H,-7.360245076409672,-6.860313415527344
G12D,132,D,I,-7.816237775079106,-7.316306114196777
G12D,132,D,K,-7.4949830448544965,-6.995051383972168
G12D,132,D,L,-7.163815823785161,-6.663884162902832
G12D,132,D,M,-7.749519673577641,-7.2495880126953125
G12D,132,D,N,-4.916506139031743,-4.416574478149414
G12D,132,D,P,-11.57967790722022,-11.07974624633789
G12D,132,D,Q,-4.6906970417417035,-4.190765380859375
G12D,132,D,R,-8.98087247966895,-8.480940818786621
G12D,132,D,S,-5.241058675042485,-4.741127014160156
G12D,132,D,T,-5.612840024224614,-5.112908363342285
G12D,132,D,V,-6.713996258965825,-6.214064598083496
G12D,132,D,W,-11.090138283959721,-10.590206623077393
G12D,132,D,Y,-8.060132352105473,-7.5602006912231445
WT,133,L,A,-4.142619785380816,-3.897777557373047
WT,133,L,C,-4.851182636332965,-4.606340408325195
WT,133,L,D,-8.977368053508258,-8.732525825500488
WT,133,L,E,-6.716858562541461,-6.472016334533691
WT,133,L,F,-5.05000465781734,-4.80516242980957
WT,133,L,G,-9.150143798900103,-8.905301570892334
WT,133,L,H,-7.083533939433551,-6.838691711425781
WT,133,L,I,-3.364700016093707,-3.1198577880859375
WT,133,L,K,-5.08667343528316,-4.841831207275391
WT,133,L,M,-2.8596798744921443,-2.614837646484375
WT,133,L,N,-7.754810985637164,-7.5099687576293945
WT,133,L,P,-9.321148571086383,-9.076306343078613
WT,133,L,Q,-5.310421642375445,-5.065579414367676
WT,133,L,R,-5.707574543071246,-5.462732315063477
WT,133,L,S,-6.077070888591265,-5.832228660583496
WT,133,L,T,-3.5144297447924373,-3.269587516784668
WT,133,L,V,-3.1278921929125545,-2.883049964904785
WT,133,L,W,-8.14383667380855,-7.898994445800781
WT,133,L,Y,-6.320933994365191,-6.076091766357422
G12D,133,L,A,-4.145354636265822,-3.8961429595947266
G12D,133,L,C,-4.825258620335646,-4.576046943664551
G12D,133,L,D,-8.85536897952754,-8.606157302856445
G12D,133,L,E,-6.646371253087111,-6.397159576416016
G12D,133,L,F,-4.935979254796095,-4.686767578125
G12D,133,L,G,-9.040682681157179,-8.791471004486084
G12D,133,L,H,-6.9989570456286145,-6.7497453689575195
G12D,133,L,I,-3.2998575049181653,-3.0506458282470703
G12D,133,L,K,-5.0583089667101575,-4.8090972900390625
G12D,133,L,M,-2.873493559910841,-2.624281883239746
G12D,133,L,N,-7.6950277167101575,-7.4458160400390625
G12D,133,L,P,-8.797197707249708,-8.547986030578613
G12D,133,L,Q,-5.289992697789259,-5.040781021118164
G12D,133,L,R,-5.619193442418165,-5.36998176574707
G12D,133,L,S,-6.007754691197462,-5.758543014526367
G12D,133,L,T,-3.543778784825392,-3.294567108154297
G12D,133,L,V,-3.1144546347399427,-2.8652429580688477
G12D,133,L,W,-7.996220954014845,-7.74700927734375
G12D,133,L,Y,-6.248017676426954,-5.998805999755859
WT,134,A,C,-7.811988400203564,-7.739582061767578
WT,134,A,D,-9.809061573726513,-9.736655235290527
WT,134,A,E,-8.599015759212353,-8.526609420776367
WT,134,A,F,-11.466063069087841,-11.393656730651855
WT,134,A,G,-4.744560765010693,-4.672154426574707
WT,134,A,H,-10.546121166927197,-10.473714828491211
WT,134,A,I,-10.0288339125937,-9.956427574157715
WT,134,A,K,-9.764935063106396,-9.69252872467041
WT,134,A,L,-12.135320709926464,-12.062914371490479
WT,134,A,M,-10.395139263851025,-10.322732925415039
WT,134,A,N,-9.096826122981884,-9.024419784545898
WT,134,A,P,-10.164598988277294,-10.092192649841309
WT,134,A,Q,-8.744342373592236,-8.67193603515625
WT,134,A,R,-10.261321591121533,-10.188915252685547
WT,134,A,S,-2.850320385677197,-2.777914047241211
WT,134,A,T,-6.985542820674755,-6.9131364822387695
WT,134,A,V,-6.71214918969331,-6.639742851257324
WT,134,A,W,-12.912250565273144,-12.839844226837158
WT,134,A,Y,-11.077393101436474,-11.004986763000488
G12D,134,A,C,-7.683236356595959,-7.604195594787598
G12D,134,A,D,-9.113013501981701,-9.03397274017334
G12D,134,A,E,-8.086531873563732,-8.007491111755371
G12D,134,A,F,-11.006909604886975,-10.927868843078613
G12D,134,A,G,-4.640921827177014,-4.561881065368652
G12D,134,A,H,-10.249025579313244,-10.169984817504883
G12D,134,A,I,-9.513024564603771,-9.43398380279541
G12D,134,A,K,-9.50118660531422,-9.42214584350586
G12D,134,A,L,-11.629900689939465,-11.550859928131104
G12D,134,A,M,-10.12425732217213,-10.04521656036377
G12D,134,A,N,-8.927885290006603,-8.848844528198242
G12D,134,A,P,-9.567040677885021,-9.48799991607666
G12D,134,A,Q,-8.575021978239025,-8.495981216430664
G12D,134,A,R,-9.929359670499768,-9.850318908691406
G12D,134,A,S,-2.790205236295666,-2.7111644744873047
G12D,134,A,T,-6.647780652860607,-6.568739891052246
G12D,134,A,V,-6.19044613442799,-6.111405372619629
G12D,134,A,W,-12.439779039243664,-12.360738277435303
G12D,134,A,Y,-10.717895742277111,-10.63885498046875
WT,135,R,A,-4.064843220354158,-3.393383026123047
WT,135,R,C,-7.495402855516511,-6.8239426612854
WT,135,R,D,-5.405897183061677,-4.734436988830566
WT,135,R,E,-6.147224468828279,-5.475764274597168
WT,135,R,F,-7.926567597032625,-7.255107402801514
WT,135,R,G,-4.76655582869156,-4.095095634460449
WT,135,R,H,-4.830928845048982,-4.159468650817871
WT,135,R,I,-6.9490423628102125,-6.277582168579102
WT,135,R,K,-1.015362782121736,-0.343902587890625
WT,135,R,L,-5.9621696897755445,-5.290709495544434
WT,135,R,M,-6.631600422502595,-5.960140228271484
WT,135,R,N,-3.9105339475880445,-3.2390737533569336
WT,135,R,P,-11.021634144426423,-10.350173950195312
WT,135,R,Q,-3.8169832655201734,-3.1455230712890625
WT,135,R,S,-3.8712063261280836,-3.1997461318969727
WT,135,R,T,-4.21497063124283,-3.5435104370117188
WT,135,R,V,-6.16819099867447,-5.496730804443359
WT,135,R,W,-7.965875668169099,-7.294415473937988
WT,135,R,Y,-7.37812284910782,-6.706662654876709
G12D,135,R,A,-3.981692742690919,-3.2716856002807617
G12D,135,R,C,-6.928669404373048,-6.218662261962891
G12D,135,R,D,-5.041721772537111,-4.331714630126953
G12D,135,R,E,-5.707495164260743,-4.997488021850586
G12D,135,R,F,-7.656092595443605,-6.946085453033447
G12D,135,R,G,-4.667081307754396,-3.9570741653442383
G12D,135,R,H,-4.6315817350004895,-3.921574592590332
G12D,135,R,I,-6.633122872695802,-5.9231157302856445
G12D,135,R,K,-1.0286688321684583,-0.3186616897583008
G12D,135,R,L,-5.70710606513965,-4.997098922729492
G12D,135,R,M,-6.331294488296388,-5.6212873458862305
G12D,135,R,N,-3.7142300122832044,-3.004222869873047
G12D,135,R,P,-10.478758286819337,-9.76875114440918
G12D,135,R,Q,-3.661154221877931,-2.9511470794677734
G12D,135,R,S,-3.729171227798341,-3.0191640853881836
G12D,135,R,T,-4.053389977798341,-3.3433828353881836
G12D,135,R,V,-5.990558099136232,-5.280550956726074
G12D,135,R,W,-7.400960873947023,-6.690953731536865
G12D,135,R,Y,-7.091433953628419,-6.381426811218262
WT,136,S,A,-3.4510446468885796,-2.8912668228149414
WT,136,S,C,-6.518828956275787,-5.959051132202148
WT,136,S,D,-4.682741729408111,-4.122963905334473
WT,136,S,E,-3.661863891273345,-3.102086067199707
WT,136,S,F,-5.101881591468658,-4.5421037673950195
WT,136,S,G,-3.319264022498931,-2.759486198425293
WT,136,S,H,-4.198798743873443,-3.6390209197998047
WT,136,S,I,-5.603306380897369,-5.0435285568237305
WT,136,S,K,-3.628383247047271,-3.068605422973633
WT,136,S,L,-4.58489188352188,-4.025114059448242
WT,136,S,M,-4.793020812660064,-4.233242988586426
WT,136,S,N,-3.692590324073638,-3.1328125
WT,136,S,P,-8.120806304603423,-7.561028480529785
WT,136,S,Q,-2.095787612586822,-1.5360097885131836
WT,136,S,R,-3.8024593273695366,-3.2426815032958984
WT,136,S,T,-2.6635919491346733,-2.103814125061035
WT,136,S,V,-5.015540687232818,-4.45576286315918
WT,136,S,W,-7.388444511085357,-6.828666687011719
WT,136,S,Y,-4.952075568824615,-4.392297744750977
G12D,136,S,A,-3.4742086409333766,-2.9618301391601562
G12D,136,S,C,-6.332422065615994,-5.820043563842773
G12D,136,S,D,-4.705601501345974,-4.193222999572754
G12D,136,S,E,-3.7082918165925562,-3.195913314819336
G12D,136,S,F,-4.994687843203884,-4.482309341430664
G12D,136,S,G,-3.3545911787751734,-2.842212677001953
G12D,136,S,H,-4.29060344684158,-3.7782249450683594
G12D,136,S,I,-5.5621812819245875,-5.049802780151367
G12D,136,S,K,-3.649577903628689,-3.1371994018554688
G12D,136,S,L,-4.5520847319367945,-4.039706230163574
G12D,136,S,M,-4.837155151248318,-4.324776649475098
G12D,136,S,N,-3.7381780623200953,-3.225799560546875
G12D,136,S,P,-8.05930118548904,-7.54692268371582
G12D,136,S,Q,-2.264279174685818,-1.7519006729125977
G12D,136,S,R,-3.8038032530549586,-3.2914247512817383
G12D,136,S,T,-2.72000961291824,-2.2076311111450195
G12D,136,S,V,-5.038049507022244,-4.525671005249023
G12D,136,S,W,-7.2189453123811305,-6.70656681060791
G12D,136,S,Y,-4.895534324527127,-4.383155822753906
WT,137,Y,A,-7.90305164271593,-7.3352556228637695
WT,137,Y,C,-3.9103825371861447,-3.3425865173339844
WT,137,Y,D,-8.921066550552844,-8.353270530700684
WT,137,Y,E,-8.600737838089465,-8.032941818237305
WT,137,Y,F,-1.124919204056262,-0.5571231842041016
WT,137,Y,G,-9.453394202530383,-8.885598182678223
WT,137,Y,H,-4.895262030899524,-4.327466011047363
WT,137,Y,I,-6.056073455154895,-5.488277435302734
WT,137,Y,K,-9.002983359634875,-8.435187339782715
WT,137,Y,L,-3.131650237381457,-2.563854217529297
WT,137,Y,M,-4.760607985794543,-4.192811965942383
WT,137,Y,N,-7.44563033992052,-6.877834320068359
WT,137,Y,P,-12.881628779709338,-12.313832759857178
WT,137,Y,Q,-7.159788398087024,-6.591992378234863
WT,137,Y,R,-8.137110022842883,-7.569314002990723
WT,137,Y,S,-6.512537268936633,-5.944741249084473
WT,137,Y,T,-7.547428397476672,-6.979632377624512
WT,137,Y,V,-6.863424567520617,-6.295628547668457
WT,137,Y,W,-3.86932304316759,-3.3015270233154297
G12D,137,Y,A,-7.863518510706825,-7.285396575927734
G12D,137,Y,C,-3.5756538256482315,-2.9975318908691406
G12D,137,Y,D,-8.599515710719032,-8.021393775939941
G12D,137,Y,E,-8.451594148524208,-7.873472213745117
G12D,137,Y,F,-1.1367900713757706,-0.5586681365966797
G12D,137,Y,G,-9.156161104090614,-8.578039169311523
G12D,137,Y,H,-4.845542703516884,-4.267420768737793
G12D,137,Y,I,-5.958605562098427,-5.380483627319336
G12D,137,Y,K,-8.74926737392704,-8.17114543914795
G12D,137,Y,L,-3.116837297327919,-2.538715362548828
G12D,137,Y,M,-4.855022226221962,-4.276900291442871
G12D,137,Y,N,-7.318765436060829,-6.740643501281738
G12D,137,Y,P,-11.989707265742226,-11.411585330963135
G12D,137,Y,Q,-7.132214342005653,-6.5540924072265625
G12D,137,Y,R,-7.672617708094521,-7.09449577331543
G12D,137,Y,S,-6.275401864893837,-5.697279930114746
G12D,137,Y,T,-7.508146081812782,-6.930024147033691
G12D,137,Y,V,-6.775333200343056,-6.197211265563965
G12D,137,Y,W,-3.858205591090126,-3.280083656311035
WT,138,G,A,-3.8406831044809007,-3.454697608947754
WT,138,G,C,-5.95898258873383,-5.572997093200684
WT,138,G,D,-4.569887282337346,-4.183901786804199
WT,138,G,E,-5.5226613301889085,-5.136675834655762
WT,138,G,F,-8.017495753254094,-7.631510257720947
WT,138,G,H,-4.487609030689397,-4.10162353515625
WT,138,G,I,-7.753378035511174,-7.367392539978027
WT,138,G,K,-3.132724883045354,-2.746739387512207
WT,138,G,L,-6.653705718006291,-6.2677202224731445
WT,138,G,M,-6.2185021657601975,-5.832516670227051
WT,138,G,N,-2.2520333547250413,-1.8660478591918945
WT,138,G,P,-10.33092844673554,-9.944942951202393
WT,138,G,Q,-3.8587628621713304,-3.4727773666381836
WT,138,G,R,-3.7267771978036546,-3.340791702270508
WT,138,G,S,-2.7741919774667405,-2.3882064819335938
WT,138,G,T,-4.863637091602483,-4.477651596069336
WT,138,G,V,-6.378550650562444,-5.992565155029297
WT,138,G,W,-9.429174067463078,-9.043188571929932
WT,138,G,Y,-7.368567110981145,-6.982581615447998
G12D,138,G,A,-3.908715546769203,-3.5460147857666016
G12D,138,G,C,-5.673845589798988,-5.311144828796387
G12D,138,G,D,-4.351144135636391,-3.988443374633789
G12D,138,G,E,-5.29768019978434,-4.934979438781738
G12D,138,G,F,-7.903585732621254,-7.540884971618652
G12D,138,G,H,-4.577187836808266,-4.214487075805664
G12D,138,G,I,-7.635665238541664,-7.2729644775390625
G12D,138,G,K,-3.198955834549965,-2.8362550735473633
G12D,138,G,L,-6.668027222794594,-6.305326461791992
G12D,138,G,M,-6.271728814286293,-5.909028053283691
G12D,138,G,N,-2.3420279628458633,-1.9793272018432617
G12D,138,G,P,-10.213435471695961,-9.85073471069336
G12D,138,G,Q,-4.0866501933756485,-3.723949432373047
G12D,138,G,R,-3.738126099747719,-3.375425338745117
G12D,138,G,S,-2.793241799515785,-2.4305410385131836
G12D,138,G,T,-4.961862862748207,-4.5991621017456055
G12D,138,G,V,-6.279719651383461,-5.917018890380859
G12D,138,G,W,-9.025102914017738,-8.662402153015137
G12D,138,G,Y,-7.2338741428080215,-6.87117338180542
WT,139,I,A,-5.53064043685468,-5.346220970153809
WT,139,I,C,-4.447215868678411,-4.262796401977539
WT,139,I,D,-11.710399462428411,-11.525979995727539
WT,139,I,E,-11.948945595469793,-11.764526128768921
WT,139,I,F,-7.058549715724309,-6.8741302490234375
WT,139,I,G,-9.932825400080999,-9.748405933380127
WT,139,I,H,-9.712416960444768,-9.527997493743896
WT,139,I,K,-11.043121172633489,-10.858701705932617
WT,139,I,L,-4.13031084701093,-3.9458913803100586
WT,139,I,M,-3.8267620341447195,-3.6423425674438477
WT,139,I,N,-8.0655101077226,-7.8810906410217285
WT,139,I,P,-11.021587206569036,-10.837167739868164
WT,139,I,Q,-8.508966280665716,-8.324546813964844
WT,139,I,R,-11.370899512019475,-11.186480045318604
WT,139,I,S,-6.494750811305364,-6.310331344604492
WT,139,I,T,-4.728846384730657,-4.544426918029785
WT,139,I,V,-2.275541140284856,-2.0911216735839844
WT,139,I,W,-9.675056769099553,-9.490637302398682
WT,139,I,Y,-8.96431667968305,-8.779897212982178
G12D,139,I,A,-5.560929814020987,-5.391035079956055
G12D,139,I,C,-4.590550938288565,-4.420656204223633
G12D,139,I,D,-11.245893994013663,-11.07599925994873
G12D,139,I,E,-11.599838295618888,-11.429943561553955
G12D,139,I,F,-6.828097859064933,-6.658203125
G12D,139,I,G,-9.74500850741088,-9.575113773345947
G12D,139,I,H,-9.582460919062491,-9.412566184997559
G12D,139,I,K,-10.662038365046378,-10.492143630981445
G12D,139,I,L,-4.184050121943351,-4.014155387878418
G12D,139,I,M,-3.903848210017081,-3.7339534759521484
G12D,139,I,N,-7.913337269465323,-7.743442535400391
G12D,139,I,P,-10.694767990748282,-10.52487325668335
G12D,139,I,Q,-8.558254757563468,-8.388360023498535
G12D,139,I,R,-10.949265041987296,-10.779370307922363
G12D,139,I,S,-6.4221740156811435,-6.252279281616211
G12D,139,I,T,-4.715750256220694,-4.545855522155762
G12D,139,I,V,-2.363210240046378,-2.1933155059814453
G12D,139,I,W,-9.518833676020499,-9.348938941955566
G12D,139,I,Y,-8.79627803866088,-8.626383304595947
WT,140,P,A,-4.194613505280179,-4.134525299072266
WT,140,P,C,-7.917920161163968,-7.857831954956055
WT,140,P,D,-7.326892901337308,-7.2668046951293945
WT,140,P,E,-6.725235510742825,-6.665147304534912
WT,140,P,F,-8.34199194995181,-8.281903743743896
WT,140,P,G,-5.614991236603421,-5.554903030395508
WT,140,P,H,-6.0693026074530305,-6.009214401245117
WT,140,P,I,-7.939866591370267,-7.8797783851623535
WT,140,P,K,-4.836227465546292,-4.776139259338379
WT,140,P,L,-6.78140263644473,-6.721314430236816
WT,140,P,M,-8.07048611727969,-8.010397911071777
WT,140,P,N,-6.2841978558661165,-6.224109649658203
WT,140,P,Q,-5.187608767426175,-5.127520561218262
WT,140,P,R,-6.285544444000882,-6.225456237792969
WT,140,P,S,-4.728988696015042,-4.668900489807129
WT,140,P,T,-5.266246844208402,-5.206158638000488
WT,140,P,V,-6.533842135346097,-6.473753929138184
WT,140,P,W,-10.30379729357974,-10.243709087371826
WT,140,P,Y,-8.163584280884427,-8.103496074676514
G12D,140,P,A,-4.13091573784987,-4.060295104980469
G12D,140,P,C,-7.706459141475358,-7.635838508605957
G12D,140,P,D,-7.122561074000993,-7.051940441131592
G12D,140,P,E,-6.452729321223893,-6.382108688354492
G12D,140,P,F,-8.113336659175554,-8.042716026306152
G12D,140,P,G,-5.648360348445573,-5.577739715576172
G12D,140,P,H,-5.891158200008073,-5.820537567138672
G12D,140,P,I,-7.586270905238786,-7.515650272369385
G12D,140,P,K,-4.501793003780046,-4.4311723709106445
G12D,140,P,L,-6.433109379512468,-6.362488746643066
G12D,140,P,M,-7.829045391780534,-7.758424758911133
G12D,140,P,N,-6.170957661372819,-6.100337028503418
G12D,140,P,Q,-5.0034590728108075,-4.932838439941406
G12D,140,P,R,-5.9721737868611005,-5.901553153991699
G12D,140,P,S,-4.650443173152604,-4.579822540283203
G12D,140,P,T,-5.134202099544206,-5.063581466674805
G12D,140,P,V,-6.278699017268815,-6.208078384399414
G12D,140,P,W,-9.956948853236833,-9.886328220367432
G12D,140,P,Y,-7.910308457118669,-7.839687824249268
WT,141,F,A,-8.7310413296435,-7.794350624084473
WT,141,F,C,-5.868182557365667,-4.931491851806641
WT,141,F,D,-12.303729909202826,-11.367039203643799
WT,141,F,E,-12.554869073173773,-11.618178367614746
WT,141,F,G,-10.93744601561762,-10.000755310058594
WT,141,F,H,-5.277087586662542,-4.340396881103516
WT,141,F,I,-6.285767930290472,-5.349077224731445
WT,141,F,K,-11.39014376952387,-10.453453063964844
WT,141,F,L,-4.95591868712641,-4.019227981567383
WT,141,F,M,-6.4262765820238705,-5.489585876464844
WT,141,F,N,-9.913178818962347,-8.97648811340332
WT,141,F,P,-11.688957589409124,-10.752266883850098
WT,141,F,Q,-10.49099006011225,-9.554299354553223
WT,141,F,R,-11.006349938652289,-10.069659233093262
WT,141,F,S,-7.595623391411078,-6.658932685852051
WT,141,F,T,-6.675257104179632,-5.7385663986206055
WT,141,F,V,-5.932409661552679,-4.995718955993652
WT,141,F,W,-5.463173287651312,-4.526482582092285
WT,141,F,Y,-0.5436262066576596,0.3930644989013672
G12D,141,F,A,-8.591376401031322,-7.678621292114258
G12D,141,F,C,-5.7649184237364,-4.852163314819336
G12D,141,F,D,-11.627330876434154,-10.71457576751709
G12D,141,F,E,-12.069710351074047,-11.156955242156982
G12D,141,F,G,-10.715175725066967,-9.802420616149902
G12D,141,F,H,-5.289307690704174,-4.376552581787109
G12D,141,F,I,-6.100833989227123,-5.188078880310059
G12D,141,F,K,-11.160312748992748,-10.247557640075684
G12D,141,F,L,-4.7934008608701895,-3.880645751953125
G12D,141,F,M,-6.372649289214916,-5.459894180297852
G12D,141,F,N,-9.68045911892683,-8.767704010009766
G12D,141,F,P,-11.218146420562572,-10.305391311645508
G12D,141,F,Q,-10.322228528106518,-9.409473419189453
G12D,141,F,R,-10.732686139190502,-9.819931030273438
G12D,141,F,S,-7.2946263323667715,-6.381871223449707
G12D,141,F,T,-6.592500783050365,-5.679745674133301
G12D,141,F,V,-5.786918736541576,-4.874163627624512
G12D,141,F,W,-5.480225659454174,-4.567470550537109
G12D,141,F,Y,-0.564778424346752,0.3479766845703125
WT,142,I,A,-5.34387170654521,-4.638476371765137
WT,142,I,C,-5.393947237551069,-4.688551902770996
WT,142,I,D,-11.731353634416914,-11.02595829963684
WT,142,I,E,-8.82444917541728,-8.119053840637207
WT,142,I,F,-3.8019682107566357,-3.0965728759765625
WT,142,I,G,-8.937160605013228,-8.231765270233154
WT,142,I,H,-7.870028608858442,-7.164633274078369
WT,142,I,K,-8.660154455721235,-7.954759120941162
WT,142,I,L,-2.4590536294578076,-1.7536582946777344
WT,142,I,M,-2.6362434564231396,-1.9308481216430664
WT,142,I,N,-7.431056612551069,-6.725661277770996
WT,142,I,P,-11.28722583633647,-10.581830501556396
WT,142,I,Q,-6.806548708498335,-6.101153373718262
WT,142,I,R,-8.949893587648726,-8.244498252868652
WT,142,I,S,-6.3643361268638134,-5.65894079208374
WT,142,I,T,-4.713756197512007,-4.008360862731934
WT,142,I,V,-1.2007080255149365,-0.4953126907348633
WT,142,I,W,-9.506698721468306,-8.801303386688232
WT,142,I,Y,-5.8575073419211865,-5.152112007141113
G12D,142,I,A,-5.28363815247808,-4.599011421203613
G12D,142,I,C,-5.476433905957084,-4.791807174682617
G12D,142,I,D,-11.432565364239554,-10.747938632965088
G12D,142,I,E,-8.622276458142142,-7.937649726867676
G12D,142,I,F,-3.737491759655814,-3.0528650283813477
G12D,142,I,G,-8.83641496598516,-8.151788234710693
G12D,142,I,H,-7.814066562054496,-7.129439830780029
G12D,142,I,K,-8.48601737916265,-7.801390647888184
G12D,142,I,L,-2.504543456433158,-1.8199167251586914
G12D,142,I,M,-2.606425437329154,-1.9217987060546875
G12D,142,I,N,-7.367906722424369,-6.683279991149902
G12D,142,I,P,-10.689728412030082,-10.005101680755615
G12D,142,I,Q,-6.813310298321586,-6.128683567047119
G12D,142,I,R,-8.790512236950736,-8.10588550567627
G12D,142,I,S,-6.302800807354789,-5.618174076080322
G12D,142,I,T,-4.668566855786185,-3.9839401245117188
G12D,142,I,V,-1.2376243203857946,-0.5529975891113281
G12D,142,I,W,-9.427831801770072,-8.743205070495605
G12D,142,I,Y,-5.838690909741263,-5.154064178466797
WT,143,E,A,-9.599462608584187,-9.598088264465332
WT,143,E,C,-12.708466629275105,-12.70709228515625
WT,143,E,D,-7.874927620180866,-7.873553276062012
WT,143,E,F,-13.323979954012653,-13.322605609893799
WT,143,E,G,-11.515045742281696,-11.513671398162842
WT,143,E,H,-11.662587265261433,-11.661212921142578
WT,143,E,I,-12.410269359835407,-12.408895015716553
WT,143,E,K,-11.847229103335163,-11.845854759216309
WT,143,E,L,-11.133233169802448,-11.131858825683594
WT,143,E,M,-11.618145565279743,-11.616771221160889
WT,143,E,N,-11.631010154970905,-11.62963581085205
WT,143,E,P,-11.354255298861286,-11.352880954742432
WT,143,E,Q,-7.192238907107136,-7.190864562988281
WT,143,E,R,-14.367495636233112,-14.366121292114258
WT,143,E,S,-10.97636709619405,-10.974992752075195
WT,143,E,T,-10.771540741213581,-10.770166397094727
WT,143,E,V,-10.042965988405964,-10.04159164428711
WT,143,E,W,-14.741126636751911,-14.739752292633057
WT,143,E,Y,-12.72150001932027,-12.720125675201416
G12D,143,E,A,-8.977804278131721,-8.975668907165527
G12D,143,E,C,-12.231421087976692,-12.229285717010498
G12D,143,E,D,-7.460141276117561,-7.458005905151367
G12D,143,E,F,-12.737337206598518,-12.735201835632324
G12D,143,E,G,-10.470675562616584,-10.46854019165039
G12D,143,E,H,-11.085691546198127,-11.083556175231934
G12D,143,E,I,-11.747754191156623,-11.74561882019043
G12D,143,E,K,-10.421296213861702,-10.419160842895508
G12D,143,E,L,-10.616775606867073,-10.614640235900879
G12D,143,E,M,-11.167687033411262,-11.165551662445068
G12D,143,E,N,-11.137175654169319,-11.135040283203125
G12D,143,E,P,-10.981120203729866,-10.978984832763672
G12D,143,E,Q,-6.820484255548713,-6.8183488845825195
G12D,143,E,R,-13.202020739313362,-13.199885368347168
G12D,143,E,S,-10.659817789789436,-10.657682418823242
G12D,143,E,T,-10.408316706415413,-10.406181335449219
G12D,143,E,V,-9.191532229181526,-9.189396858215332
G12D,143,E,W,-13.903307532068489,-13.901172161102295
G12D,143,E,Y,-11.99291763186097,-11.990782260894775
WT,144,T,A,-4.442683352593072,-4.427553176879883
WT,144,T,C,-6.997089518669732,-6.981959342956543
WT,144,T,D,-13.146427764061578,-13.131297588348389
WT,144,T,E,-13.642896784905084,-13.627766609191895
WT,144,T,F,-15.411296977165826,-15.396166801452637
WT,144,T,G,-9.775056494835503,-9.759926319122314
WT,144,T,H,-16.205131603840478,-16.19000142812729
WT,144,T,I,-10.09013427651275,-10.07500410079956
WT,144,T,K,-12.427792920235284,-12.412662744522095
WT,144,T,L,-12.646060361031182,-12.630930185317993
WT,144,T,M,-10.380344523552544,-10.365214347839355
WT,144,T,N,-10.476098193291314,-10.460968017578125
WT,144,T,P,-12.919675244454034,-12.904545068740845
WT,144,T,Q,-14.169528617027886,-14.154398441314697
WT,144,T,R,-12.587602986458428,-12.57247281074524
WT,144,T,S,-6.248490466240533,-6.233360290527344
WT,144,T,V,-8.381725920799859,-8.36659574508667
WT,144,T,W,-16.89049877083648,-16.87536859512329
WT,144,T,Y,-15.533366008165963,-15.518235832452774
G12D,144,T,A,-4.286168776367894,-4.268340110778809
G12D,144,T,C,-6.858887396668187,-6.841058731079102
G12D,144,T,D,-11.908612213944188,-11.890783548355103
G12D,144,T,E,-12.52809997639536,-12.510271310806274
G12D,144,T,F,-14.51343031964182,-14.495601654052734
G12D,144,T,G,-9.592078410004369,-9.574249744415283
G12D,144,T,H,-15.236179970120183,-15.218351304531097
G12D,144,T,I,-9.331019125794164,-9.313190460205078
G12D,144,T,K,-11.028955660675756,-11.01112699508667
G12D,144,T,L,-11.97216793141245,-11.954339265823364
G12D,144,T,M,-9.705790720795385,-9.687962055206299
G12D,144,T,N,-9.738033018921605,-9.72020435333252
G12D,144,T,P,-11.55761977276682,-11.539791107177734
G12D,144,T,Q,-13.473648272370092,-13.455819606781006
G12D,144,T,R,-11.156485758637182,-11.138657093048096
G12D,144,T,S,-6.12726088604807,-6.109432220458984
G12D,144,T,V,-7.974390707825414,-7.956562042236328
G12D,144,T,W,-15.919155530546895,-15.90132686495781
G12D,144,T,Y,-14.55855640015482,-14.540727734565735
WT,145,S,A,-9.006188016210556,-9.005629062652588
WT,145,S,C,-8.204879861150742,-8.204320907592773
WT,145,S,D,-13.389294486318589,-13.38873553276062
WT,145,S,E,-15.43965087441063,-15.439091920852661
WT,145,S,F,-11.123440127645493,-11.122881174087524
WT,145,S,G,-11.265828709875107,-11.265269756317139
WT,145,S,H,-14.02935383823967,-14.028794884681702
WT,145,S,I,-13.066324215208054,-13.065765261650085
WT,145,S,K,-15.288301627908707,-15.287742674350739
WT,145,S,L,-11.796895842824936,-11.796336889266968
WT,145,S,M,-13.821955542837143,-13.821396589279175
WT,145,S,N,-10.973858218465805,-10.973299264907837
WT,145,S,P,-12.351806025777817,-12.351247072219849
WT,145,S,Q,-14.63710647431469,-14.636547520756721
WT,145,S,R,-13.33040318993187,-13.329844236373901
WT,145,S,T,-9.390779595647812,-9.390220642089844
WT,145,S,V,-13.397731166158676,-13.397172212600708
WT,145,S,W,-13.877517800603867,-13.876958847045898
WT,145,S,Y,-11.62002287415123,-11.619463920593262
G12D,145,S,A,-8.50541403853114,-8.503983974456787
G12D,145,S,C,-7.475841551653698,-7.474411487579346
G12D,145,S,D,-12.362695723406627,-12.361265659332275
G12D,145,S,E,-14.309608965746715,-14.308178901672363
G12D,145,S,F,-8.937708407275036,-8.936278343200684
G12D,145,S,G,-10.551345377795055,-10.549915313720703
G12D,145,S,H,-12.75184205137904,-12.750411987304688
G12D,145,S,I,-11.287073164812877,-11.285643100738525
G12D,145,S,K,-13.683220892779186,-13.681790828704834
G12D,145,S,L,-9.423226862780407,-9.421796798706055
G12D,145,S,M,-12.645879298083141,-12.644449234008789
G12D,145,S,N,-9.782303362719372,-9.78087329864502
G12D,145,S,P,-9.956510096422985,-9.955080032348633
G12D,145,S,Q,-13.644239931933239,-13.642809867858887
G12D,145,S,R,-11.280073195330456,-11.278643131256104
G12D,145,S,T,-8.572500258318737,-8.571070194244385
G12D,145,S,V,-12.167002468935802,-12.16557240486145
G12D,145,S,W,-11.614068537585094,-11.612638473510742
G12D,145,S,Y,-9.763555079333141,-9.762125015258789
WT,146,A,C,-9.55418686697371,-9.553320407867432
WT,146,A,D,-11.435586975311113,-11.434720516204834
WT,146,A,E,-12.259309576248002,-12.258443117141724
WT,146,A,F,-13.656460092758012,-13.655593633651733
WT,146,A,G,-8.50948815176375,-8.50862169265747
WT,146,A,H,-15.279640899394822,-15.278774440288544
WT,146,A,I,-14.10790054628737,-14.107034087181091
WT,146,A,K,-15.870330081676316,-15.869463622570038
WT,146,A,L,-14.268951342796159,-14.26808488368988
WT,146,A,M,-15.363789395784211,-15.362922936677933
WT,146,A,N,-14.18128852674849,-14.180422067642212
WT,146,A,P,-10.29270415136702,-10.291837692260742
WT,146,A,Q,-14.351204560493303,-14.350338101387024
WT,146,A,R,-13.787844346259904,-13.786977887153625
WT,146,A,S,-7.964389370178056,-7.963522911071777
WT,146,A,T,-9.432886646484208,-9.43202018737793
WT,146,A,V,-9.1163287622679,-9.115462303161621
WT,146,A,W,-16.391125009750198,-16.39025855064392
WT,146,A,Y,-14.053775237296891,-14.052908778190613
G12D,146,A,C,-9.490929809912119,-9.488646030426025
G12D,146,A,D,-9.815049854620371,-9.812766075134277
G12D,146,A,E,-10.433007446630869,-10.430723667144775
G12D,146,A,F,-12.065484730108652,-12.063200950622559
G12D,146,A,G,-7.8269831813415625,-7.824699401855469
G12D,146,A,H,-14.182851759298716,-14.180567979812622
G12D,146,A,I,-12.413060156210337,-12.410776376724243
G12D,146,A,K,-14.184834448202524,-14.18255066871643
G12D,146,A,L,-12.762349096640024,-12.76006531715393
G12D,146,A,M,-13.843097416265879,-13.840813636779785
G12D,146,A,N,-13.134414402349863,-13.13213062286377
G12D,146,A,P,-9.241946426733408,-9.239662647247314
G12D,146,A,Q,-13.472280708654795,-13.469996929168701
G12D,146,A,R,-12.13974663387147,-12.137462854385376
G12D,146,A,S,-7.2319609798034765,-7.229677200317383
G12D,146,A,T,-7.876428333624277,-7.874144554138184
G12D,146,A,V,-7.6151654399475195,-7.612881660461426
G12D,146,A,W,-14.428816405638132,-14.426532626152039
G12D,146,A,Y,-12.688063351019297,-12.685779571533203
WT,147,K,A,-12.34897942979622,-12.344248533248901
WT,147,K,C,-13.645477013185502,-13.640746116638184
WT,147,K,D,-17.0228300257473,-17.01809912919998
WT,147,K,E,-14.293223099306108,-14.288492202758789
WT,147,K,F,-14.658545450761796,-14.653814554214478
WT,147,K,G,-14.476955728128434,-14.472224831581116
WT,147,K,H,-12.739386038377763,-12.734655141830444
WT,147,K,I,-11.893114285066606,-11.888383388519287
WT,147,K,L,-10.865608410432817,-10.860877513885498
WT,147,K,M,-10.237650112703324,-10.232919216156006
WT,147,K,N,-10.774468140199662,-10.769737243652344
WT,147,K,P,-15.663757400110246,-15.659026503562927
WT,147,K,Q,-10.193747238710404,-10.189016342163086
WT,147,K,R,-5.388285355165483,-5.383554458618164
WT,147,K,S,-12.013961033418656,-12.009230136871338
WT,147,K,T,-11.575325684144975,-11.570594787597656
WT,147,K,V,-12.785803513124467,-12.781072616577148
WT,147,K,W,-14.878502087190629,-14.87377119064331
WT,147,K,Y,-14.264139251306535,-14.259408354759216
G12D,147,K,A,-11.616379926629497,-11.610284805297852
G12D,147,K,C,-12.864160011239482,-12.858064889907837
G12D,147,K,D,-15.808841730184986,-15.80274660885334
G12D,147,K,E,-12.922518680520488,-12.916423559188843
G12D,147,K,F,-13.859317014642192,-13.853221893310547
G12D,147,K,G,-13.647476146645976,-13.641381025314331
G12D,147,K,H,-12.067459295220806,-12.06136417388916
G12D,147,K,I,-11.049487779565288,-11.043392658233643
G12D,147,K,L,-10.28139943880601,-10.275304317474365
G12D,147,K,M,-9.501010129876567,-9.494915008544922
G12D,147,K,N,-9.900130460687114,-9.894035339355469
G12D,147,K,P,-14.672225306458904,-14.666130185127258
G12D,147,K,Q,-9.481381128259136,-9.47528600692749
G12D,147,K,R,-5.157165716119243,-5.151070594787598
G12D,147,K,S,-11.285752008386089,-11.279656887054443
G12D,147,K,T,-10.7150012950377,-10.708906173706055
G12D,147,K,V,-12.011743019051982,-12.005647897720337
G12D,147,K,W,-13.811241815514995,-13.80514669418335
G12D,147,K,Y,-13.324933240838481,-13.318838119506836
WT,148,T,A,-6.587396681883243,-6.547428131103516
WT,148,T,C,-8.362296641447452,-8.322328090667725
WT,148,T,D,-10.572018683531192,-10.532050132751465
WT,148,T,E,-8.992857516386417,-8.95288896560669
WT,148,T,F,-8.453782141783146,-8.413813591003418
WT,148,T,G,-10.203528225996402,-10.163559675216675
WT,148,T,H,-8.106858313658146,-8.066889762878418
WT,148,T,I,-5.32293230352631,-5.282963752746582
WT,148,T,K,-7.340223372557071,-7.300254821777344
WT,148,T,L,-5.672044814207462,-5.632076263427734
WT,148,T,M,-5.442462027647403,-5.402493476867676
WT,148,T,N,-5.559068739988712,-5.519100189208984
WT,148,T,P,-11.893718422033695,-11.853749871253967
WT,148,T,Q,-5.681474269010929,-5.641505718231201
WT,148,T,R,-7.921532214262394,-7.881563663482666
WT,148,T,S,-4.307081282713321,-4.267112731933594
WT,148,T,V,-6.14157825765839,-6.101609706878662
WT,148,T,W,-10.86694365797272,-10.826975107192993
WT,148,T,Y,-8.135432780363468,-8.09546422958374
G12D,148,T,A,-6.288036088315922,-6.243207931518555
G12D,148,T,C,-8.285334805814701,-8.240506649017334
G12D,148,T,D,-10.242251138059574,-10.197422981262207
G12D,148,T,E,-8.803217152921635,-8.758388996124268
G12D,148,T,F,-8.226807336179691,-8.181979179382324
G12D,148,T,G,-10.042647818891483,-9.997819662094116
G12D,148,T,H,-8.120910386411625,-8.076082229614258
G12D,148,T,I,-4.959250192014652,-4.914422035217285
G12D,148,T,K,-6.967276315061527,-6.92244815826416
G12D,148,T,L,-5.6620614331645545,-5.6172332763671875
G12D,148,T,M,-5.268840531675297,-5.22401237487793
G12D,148,T,N,-5.46826527532764,-5.423437118530273
G12D,148,T,P,-10.848190049497562,-10.803361892700195
G12D,148,T,Q,-5.968247632352787,-5.92341947555542
G12D,148,T,R,-7.477785329191166,-7.432957172393799
G12D,148,T,S,-4.238221864072758,-4.193393707275391
G12D,148,T,V,-6.12848256048389,-6.083654403686523
G12D,148,T,W,-10.638769368497806,-10.59394121170044
G12D,148,T,Y,-7.976472119657474,-7.931643962860107
WT,149,R,A,-6.145750204130817,-6.114782333374023
WT,149,R,C,-6.153790632292438,-6.1228227615356445
WT,149,R,D,-11.55371403324585,-11.522746162489057
WT,149,R,E,-10.160742202803302,-10.129774332046509
WT,149,R,F,-11.229059377714801,-11.198091506958008
WT,149,R,G,-7.028347650572467,-6.997379779815674
WT,149,R,H,-6.971680322691608,-6.9407124519348145
WT,149,R,I,-12.208766916796375,-12.177799046039581
WT,149,R,K,-3.8891584072558167,-3.8581905364990234
WT,149,R,L,-9.363213697477985,-9.332245826721191
WT,149,R,M,-8.991090456053424,-8.96012258529663
WT,149,R,N,-7.568758884474445,-7.537791013717651
WT,149,R,P,-12.74639634232204,-12.715428471565247
WT,149,R,Q,-6.387731233641315,-6.3567633628845215
WT,149,R,S,-6.7978397999254945,-6.766871929168701
WT,149,R,T,-8.451591650053668,-8.420623779296875
WT,149,R,V,-10.71350763182323,-10.682539761066437
WT,149,R,W,-9.82599417309444,-9.795026302337646
WT,149,R,Y,-10.003193298384357,-9.972225427627563
G12D,149,R,A,-6.0104648112352805,-5.979506492614746
G12D,149,R,C,-5.735816621690603,-5.704858303070068
G12D,149,R,D,-11.029792541175695,-10.99883422255516
G12D,149,R,E,-9.73326983442864,-9.702311515808105
G12D,149,R,F,-10.757970297246786,-10.727011978626251
G12D,149,R,G,-6.613619470506521,-6.582661151885986
G12D,149,R,H,-6.4931637286241966,-6.462205410003662
G12D,149,R,I,-11.74795659771523,-11.716998279094696
G12D,149,R,K,-4.07968153944573,-4.048723220825195
G12D,149,R,L,-8.875941896348806,-8.844983577728271
G12D,149,R,M,-8.72143950453362,-8.690481185913086
G12D,149,R,N,-7.410564803987356,-7.379606485366821
G12D,149,R,P,-12.106792950540395,-12.07583463191986
G12D,149,R,Q,-6.1656652926500755,-6.134706974029541
G12D,149,R,S,-6.544386052995534,-6.513427734375
G12D,149,R,T,-8.266079091935964,-8.23512077331543
G12D,149,R,V,-10.384753370195241,-10.353795051574707
G12D,149,R,W,-9.241990232377859,-9.211031913757324
G12D,149,R,Y,-9.52728416910729,-9.496325850486755
WT,150,Q,A,-3.9021236586884847,-3.4998722076416016
WT,150,Q,C,-6.904492585690438,-6.502241134643555
WT,150,Q,D,-8.954916207821785,-8.552664756774902
WT,150,Q,E,-6.905744283230721,-6.503492832183838
WT,150,Q,F,-6.785403935940682,-6.383152484893799
WT,150,Q,G,-8.055907933743416,-7.653656482696533
WT,150,Q,H,-5.398360459835946,-4.9961090087890625
WT,150,Q,I,-2.8754913497285237,-2.4732398986816406
WT,150,Q,K,-6.822943894894539,-6.420692443847656
WT,150,Q,L,-3.648246018917977,-3.2459945678710938
WT,150,Q,M,-2.5978281188325276,-2.1955766677856445
WT,150,Q,N,-6.752953736813485,-6.350702285766602
WT,150,Q,P,-11.37287041428846,-10.970618963241577
WT,150,Q,R,-6.605002133877694,-6.2027506828308105
WT,150,Q,S,-5.141072480709969,-4.738821029663086
WT,150,Q,T,-3.7590496230439534,-3.3567981719970703
WT,150,Q,V,-2.187447755368172,-1.785196304321289
WT,150,Q,W,-9.115005223782479,-8.712753772735596
WT,150,Q,Y,-6.981019227536141,-6.578767776489258
G12D,150,Q,A,-3.9201570885336583,-3.51796817779541
G12D,150,Q,C,-6.853080405489225,-6.450891494750977
G12D,150,Q,D,-8.830488814607877,-8.428299903869629
G12D,150,Q,E,-6.774396075502652,-6.372207164764404
G12D,150,Q,F,-6.554286135927457,-6.152097225189209
G12D,150,Q,G,-7.996793402925748,-7.5946044921875
G12D,150,Q,H,-5.284767760530729,-4.8825788497924805
G12D,150,Q,I,-2.874805106416959,-2.472616195678711
G12D,150,Q,K,-6.548151625887174,-6.145962715148926
G12D,150,Q,L,-3.564277304903287,-3.162088394165039
G12D,150,Q,M,-2.578349723116178,-2.1761608123779297
G12D,150,Q,N,-6.662686003938932,-6.260497093200684
G12D,150,Q,P,-10.736772193208951,-10.334583282470703
G12D,150,Q,R,-6.319381846681852,-5.9171929359436035
G12D,150,Q,S,-5.0985561745321935,-4.696367263793945
G12D,150,Q,T,-3.768589629427213,-3.366400718688965
G12D,150,Q,V,-2.239347113863248,-1.837158203125
G12D,150,Q,W,-8.91985954214694,-8.517670631408691
G12D,150,Q,Y,-6.810835017458219,-6.408646106719971
WT,151,G,A,-4.6268522629452935,-3.6889448165893555
WT,151,G,C,-4.349820364446758,-3.4119129180908203
WT,151,G,D,-7.431592691869854,-6.493685245513916
WT,151,G,E,-7.407250631780743,-6.469343185424805
WT,151,G,F,-6.444411505193829,-5.506504058837891
WT,151,G,H,-4.6263410935117,-3.6884336471557617
WT,151,G,I,-9.471974838705181,-8.534067392349243
WT,151,G,K,-3.6875870117856255,-2.7496795654296875
WT,151,G,L,-6.422042120428204,-5.484134674072266
WT,151,G,M,-5.540760744543194,-4.602853298187256
WT,151,G,N,-0.704102743597149,0.23380470275878906
WT,151,G,P,-11.98653738591206,-11.048629939556122
WT,151,G,Q,-5.151794184179424,-4.213886737823486
WT,151,G,R,-4.220588911504864,-3.282681465148926
WT,151,G,S,-3.7872640976620904,-2.8493566513061523
WT,151,G,T,-6.396852720708965,-5.458945274353027
WT,151,G,V,-8.427089441747784,-7.489181995391846
WT,151,G,W,-8.690615881414532,-7.752708435058594
WT,151,G,Y,-5.852819193334698,-4.91491174697876
G12D,151,G,A,-4.721937351010288,-3.750746726989746
G12D,151,G,C,-4.36338441827103,-3.3921937942504883
G12D,151,G,D,-7.102315120480503,-6.131124496459961
G12D,151,G,E,-7.1843292043428075,-6.213138580322266
G12D,151,G,F,-6.475086383603061,-5.5038957595825195
G12D,151,G,H,-4.587557010434116,-3.616366386413574
G12D,151,G,I,-9.212274245999302,-8.24108362197876
G12D,151,G,K,-3.6532546804170263,-2.6820640563964844
G12D,151,G,L,-6.387924842617954,-5.416734218597412
G12D,151,G,M,-5.673876933834995,-4.702686309814453
G12D,151,G,N,-0.6833459661225927,0.2878446578979492
G12D,151,G,P,-11.844088845036472,-10.87289822101593
G12D,151,G,Q,-5.21702735879227,-4.2458367347717285
G12D,151,G,R,-4.191562824032749,-3.220372200012207
G12D,151,G,S,-3.709974460385288,-2.738783836364746
G12D,151,G,T,-6.3708760068635595,-5.399685382843018
G12D,151,G,V,-8.241163425229038,-7.269972801208496
G12D,151,G,W,-8.568288020871128,-7.597097396850586
G12D,151,G,Y,-5.7483879850129735,-4.777197360992432
WT,152,V,A,-5.699883180907941,-5.686443328857422
WT,152,V,C,-6.296018320373273,-6.282578468322754
WT,152,V,D,-10.290317732146955,-10.276877880096436
WT,152,V,E,-9.863311010650373,-9.849871158599854
WT,152,V,F,-9.63364954595921,-9.620209693908691
WT,152,V,G,-8.036466795257306,-8.023026943206787
WT,152,V,H,-12.087094026855207,-12.073654174804688
WT,152,V,I,-5.321984964660382,-5.308545112609863
WT,152,V,K,-10.707483011535382,-10.694043159484863
WT,152,V,L,-7.564383226684308,-7.550943374633789
WT,152,V,M,-8.778238493255353,-8.764798641204834
WT,152,V,N,-9.82509060507176,-9.81165075302124
WT,152,V,P,-9.390150743774152,-9.376710891723633
WT,152,V,Q,-11.578129488280988,-11.564689636230469
WT,152,V,R,-11.008336263946271,-10.994896411895752
WT,152,V,S,-8.271250444701886,-8.257810592651367
WT,152,V,T,-6.402158457092023,-6.388718605041504
WT,152,V,W,-12.457518535903668,-12.44407868385315
WT,152,V,Y,-10.896406370452619,-10.8829665184021
G12D,152,V,A,-5.380536577202264,-5.363391876220703
G12D,152,V,C,-6.393242380119744,-6.376097679138184
G12D,152,V,D,-9.510891458488885,-9.493746757507324
G12D,152,V,E,-9.229132196403924,-9.211987495422363
G12D,152,V,F,-9.075933000542108,-9.058788299560547
G12D,152,V,G,-7.537128946281854,-7.519984245300293
G12D,152,V,H,-11.641260644890252,-11.624115943908691
G12D,152,V,I,-5.030188104607049,-5.013043403625488
G12D,152,V,K,-10.169924756981317,-10.152780055999756
G12D,152,V,L,-7.211028596855584,-7.193883895874023
G12D,152,V,M,-8.259702226616326,-8.242557525634766
G12D,152,V,N,-9.473354360557977,-9.456209659576416
G12D,152,V,P,-9.241695425011102,-9.224550724029541
G12D,152,V,Q,-11.27803041646618,-11.26088571548462
G12D,152,V,R,-10.495982667900506,-10.478837966918945
G12D,152,V,S,-8.061051866508905,-8.043907165527344
G12D,152,V,T,-6.345678827263299,-6.328534126281738
G12D,152,V,W,-11.975828191734735,-11.958683490753174
G12D,152,V,Y,-10.620868226982537,-10.603723526000977
WT,153,D,A,-9.233170459765038,-8.223084449768066
WT,153,D,C,-12.506715248125634,-11.496629238128662
WT,153,D,E,-0.4550303917108387,0.5550556182861328
WT,153,D,F,-12.922120521563134,-11.912034511566162
WT,153,D,G,-9.38827366639956,-8.378187656402588
WT,153,D,H,-10.122298667925438,-9.112212657928467
WT,153,D,I,-11.986417243975243,-10.976331233978271
WT,153,D,K,-11.469507167833886,-10.459421157836914
WT,153,D,L,-11.773894260424218,-10.763808250427246
WT,153,D,M,-12.36561341096743,-11.355527400970459
WT,153,D,N,-7.408535907763085,-6.398449897766113
WT,153,D,P,-11.816785762804589,-10.806699752807617
WT,153,D,Q,-8.489200542467675,-7.479114532470703
WT,153,D,R,-14.074279735582909,-13.064193725585938
WT,153,D,S,-8.78300375749453,-7.772917747497559
WT,153,D,T,-9.213836620348534,-8.203750610351562
WT,153,D,V,-10.058950851458153,-9.048864841461182
WT,153,D,W,-15.323646734255394,-14.313560724258423
WT,153,D,Y,-11.438209007280907,-10.428122997283936
G12D,153,D,A,-8.594784515792295,-7.661231994628906
G12D,153,D,C,-11.681330460006162,-10.747777938842773
G12D,153,D,E,-0.5035598453821386,0.42999267578125
G12D,153,D,F,-12.153922813826963,-11.220370292663574
G12D,153,D,G,-8.763547676497861,-7.829995155334473
G12D,153,D,H,-9.369686382705137,-8.436133861541748
G12D,153,D,I,-11.28489710658209,-10.351344585418701
G12D,153,D,K,-10.324748772078916,-9.391196250915527
G12D,153,D,L,-11.046476143294736,-10.112923622131348
G12D,153,D,M,-11.744653957778379,-10.81110143661499
G12D,153,D,N,-6.825669067794248,-5.892116546630859
G12D,153,D,P,-11.33945204585211,-10.40589952468872
G12D,153,D,Q,-7.983259933883115,-7.049707412719727
G12D,153,D,R,-12.965212124282285,-12.031659603118896
G12D,153,D,S,-8.324929970199033,-7.3913774490356445
G12D,153,D,T,-8.781374710494443,-7.847822189331055
G12D,153,D,V,-9.283539551192685,-8.349987030029297
G12D,153,D,W,-14.483988779479429,-13.55043625831604
G12D,153,D,Y,-10.47592093318121,-9.542368412017822
WT,154,D,A,-5.637677617595578,-4.020164489746094
WT,154,D,C,-11.08963198237219,-9.472118854522705
WT,154,D,E,-0.2600264029959689,1.3574867248535156
WT,154,D,F,-10.215057797954465,-8.59754467010498
WT,154,D,G,-6.738591619060422,-5.1210784912109375
WT,154,D,H,-6.710950322673703,-5.093437194824219
WT,154,D,I,-8.65162224345007,-7.034109115600586
WT,154,D,K,-7.543878026531125,-5.926364898681641
WT,154,D,L,-7.48870892100134,-5.8711957931518555
WT,154,D,M,-8.133504338786985,-6.5159912109375
WT,154,D,N,-5.052969403789426,-3.4354562759399414
WT,154,D,P,-8.10043758921423,-6.482924461364746
WT,154,D,Q,-4.421908803508664,-2.8043956756591797
WT,154,D,R,-8.989933438823606,-7.372420310974121
WT,154,D,S,-6.428644605205442,-4.811131477355957
WT,154,D,T,-6.378514714763547,-4.7610015869140625
WT,154,D,V,-7.294024892375852,-5.676511764526367
WT,154,D,W,-11.901087708995725,-10.28357458114624
WT,154,D,Y,-8.708599515483762,-7.091086387634277
G12D,154,D,A,-5.500061413503509,-3.8780479431152344
G12D,154,D,C,-10.558706185079437,-8.936692714691162
G12D,154,D,E,-0.2658428160913999,1.356170654296875
G12D,154,D,F,-9.9014629332789,-8.279449462890625
G12D,154,D,G,-6.4385923354395445,-4.8165788650512695
G12D,154,D,H,-6.526310345388275,-4.904296875
G12D,154,D,I,-8.325456043935638,-6.703442573547363
G12D,154,D,K,-6.8932432143457945,-5.2712297439575195
G12D,154,D,L,-7.272749325490814,-5.650735855102539
G12D,154,D,M,-7.960384747243744,-6.338371276855469
G12D,154,D,N,-4.895337483144623,-3.2733240127563477
G12D,154,D,P,-7.93566646263681,-6.313652992248535
G12D,154,D,Q,-4.30652942345224,-2.684515953063965
G12D,154,D,R,-8.438420674062591,-6.816407203674316
G12D,154,D,S,-6.339839359975677,-4.717825889587402
G12D,154,D,T,-6.283106228566986,-4.661092758178711
G12D,154,D,V,-6.962051769948822,-5.340038299560547
G12D,154,D,W,-11.418245217061859,-9.796231746673584
G12D,154,D,Y,-8.229228398061615,-6.60721492767334
WT,155,A,C,-4.8656513291263686,-4.755273818969727
WT,155,A,D,-14.042226512994777,-13.931849002838135
WT,155,A,E,-13.512521942224513,-13.402144432067871
WT,155,A,F,-12.66107722100259,-12.550699710845947
WT,155,A,G,-7.276804168787013,-7.166426658630371
WT,155,A,H,-15.093416650857936,-14.983039140701294
WT,155,A,I,-9.827148635950099,-9.716771125793457
WT,155,A,K,-16.12527104195596,-16.014893531799316
WT,155,A,L,-9.94418450173379,-9.833806991577148
WT,155,A,M,-10.434239585962306,-10.323862075805664
WT,155,A,N,-11.908761699762355,-11.798384189605713
WT,155,A,P,-7.89944573220254,-7.789068222045898
WT,155,A,Q,-13.606789787378322,-13.49641227722168
WT,155,A,R,-16.57472511109353,-16.46434760093689
WT,155,A,S,-2.4392034607792006,-2.3288259506225586
WT,155,A,T,-4.97786541756631,-4.867487907409668
WT,155,A,V,-6.522871215906154,-6.412493705749512
WT,155,A,W,-14.44270106133462,-14.332323551177979
WT,155,A,Y,-14.809205968942653,-14.69882845878601
G12D,155,A,C,-4.861636401056341,-4.752197265625
G12D,155,A,D,-12.930559397577337,-12.821120262145996
G12D,155,A,E,-12.528450251459173,-12.419011116027832
G12D,155,A,F,-12.043446780084661,-11.93400764465332
G12D,155,A,G,-7.093495608209661,-6.98405647277832
G12D,155,A,H,-14.487388373254827,-14.377949237823486
G12D,155,A,I,-9.405887843011907,-9.296448707580566
G12D,155,A,K,-15.077638865350774,-14.968199729919434
G12D,155,A,L,-9.662159205316595,-9.552720069885254
G12D,155,A,M,-10.221029520868353,-10.111590385437012
G12D,155,A,N,-11.474076987146429,-11.364637851715088
G12D,155,A,P,-7.547432185052923,-7.437993049621582
G12D,155,A,Q,-13.250191450952581,-13.14075231552124
G12D,155,A,R,-15.357861996530584,-15.248422861099243
G12D,155,A,S,-2.473544360040716,-2.364105224609375
G12D,155,A,T,-4.8222420223942315,-4.712802886962891
G12D,155,A,V,-6.2032587536564385,-6.093819618225098
G12D,155,A,W,-13.752271414636663,-13.642832279205322
G12D,155,A,Y,-14.06747388923078,-13.958034753799438
WT,156,F,A,-12.198820632704038,-12.195277214050293
WT,156,F,C,-10.18637709022357,-10.182833671569824
WT,156,F,D,-16.12713817954852,-16.123594760894775
WT,156,F,E,-15.58597664237811,-15.582433223724365
WT,156,F,G,-15.430478614576597,-15.426935195922852
WT,156,F,H,-12.579924625166196,-12.576381206512451
WT,156,F,I,-8.065372031934995,-8.06182861328125
WT,156,F,K,-15.803041261442441,-15.799497842788696
WT,156,F,L,-9.051519912489194,-9.04797649383545
WT,156,F,M,-9.827275794752378,-9.823732376098633
WT,156,F,N,-14.082460922010679,-14.078917503356934
WT,156,F,P,-17.835920375593442,-17.832376956939697
WT,156,F,Q,-15.074208301313657,-15.070664882659912
WT,156,F,R,-16.001126569517393,-15.997583150863647
WT,156,F,S,-11.94514994026019,-11.941606521606445
WT,156,F,T,-12.68137745261981,-12.677834033966064
WT,156,F,V,-8.659892600782651,-8.656349182128906
WT,156,F,W,-9.765978378065366,-9.762434959411621
WT,156,F,Y,-5.894943755872983,-5.891400337219238
G12D,156,F,A,-11.262351916112696,-11.256830215454102
G12D,156,F,C,-8.858839915075098,-8.853318214416504
G12D,156,F,D,-14.25881330756167,-14.253291606903076
G12D,156,F,E,-14.156049177922998,-14.150527477264404
G12D,156,F,G,-14.04337780264834,-14.037856101989746
G12D,156,F,H,-11.69887153891543,-11.693349838256836
G12D,156,F,I,-7.223338053502832,-7.217816352844238
G12D,156,F,K,-14.063959048070704,-14.05843734741211
G12D,156,F,L,-7.945732996740137,-7.940211296081543
G12D,156,F,M,-9.389523432531153,-9.384001731872559
G12D,156,F,N,-12.854580805578028,-12.849059104919434
G12D,156,F,P,-15.384499237813746,-15.378977537155151
G12D,156,F,Q,-13.943906233587061,-13.938384532928467
G12D,156,F,R,-13.886559412755762,-13.881037712097168
G12D,156,F,S,-10.003638193883692,-9.998116493225098
G12D,156,F,T,-11.53977672842959,-11.534255027770996
G12D,156,F,V,-7.786003992833887,-7.780482292175293
G12D,156,F,W,-9.499418185033594,-9.493896484375
G12D,156,F,Y,-5.627708361425196,-5.622186660766602
WT,157,Y,A,-8.618829669396995,-8.541255474090576
WT,157,Y,C,-6.888991298120139,-6.811417102813721
WT,157,Y,D,-9.019843043725608,-8.94226884841919
WT,157,Y,E,-9.810118617456077,-9.732544422149658
WT,157,Y,F,-2.8321146387268286,-2.75454044342041
WT,157,Y,G,-10.539032401483176,-10.461458206176758
WT,157,Y,H,-4.813134612481711,-4.735560417175293
WT,157,Y,I,-7.4955796617676,-7.418005466461182
WT,157,Y,K,-10.512698115747092,-10.435123920440674
WT,157,Y,L,-6.324783744256614,-6.247209548950195
WT,157,Y,M,-7.908339919488547,-7.830765724182129
WT,157,Y,N,-6.786997260491965,-6.709423065185547
WT,157,Y,P,-14.419481487910865,-14.341907292604446
WT,157,Y,Q,-7.687359752099631,-7.609785556793213
WT,157,Y,R,-9.484851779382346,-9.407277584075928
WT,157,Y,S,-7.889064731042502,-7.811490535736084
WT,157,Y,T,-7.900359095971702,-7.822784900665283
WT,157,Y,V,-7.266622485559104,-7.1890482902526855
WT,157,Y,W,-7.882199229638694,-7.804625034332275
G12D,157,Y,A,-8.515478002848207,-8.440064907073975
G12D,157,Y,C,-6.583037245096742,-6.50762414932251
G12D,157,Y,D,-8.627565252604066,-8.552152156829834
G12D,157,Y,E,-9.543175089182435,-9.467761993408203
G12D,157,Y,F,-2.926505434336244,-2.8510923385620117
G12D,157,Y,G,-10.360059130014955,-10.284646034240723
G12D,157,Y,H,-4.606748926462709,-4.531335830688477
G12D,157,Y,I,-7.371569025339662,-7.29615592956543
G12D,157,Y,K,-10.228455412211,-10.153042316436768
G12D,157,Y,L,-6.207055437388002,-6.1316423416137695
G12D,157,Y,M,-7.864972936930238,-7.789559841156006
G12D,157,Y,N,-6.528633463205873,-6.453220367431641
G12D,157,Y,P,-13.932095753969728,-13.856682658195496
G12D,157,Y,Q,-7.467152464212953,-7.391739368438721
G12D,157,Y,R,-9.153677332224428,-9.078264236450195
G12D,157,Y,S,-7.710177767099916,-7.634764671325684
G12D,157,Y,T,-7.802117216410219,-7.726704120635986
G12D,157,Y,V,-7.2017916319985975,-7.126378536224365
G12D,157,Y,W,-7.836569177927553,-7.76115608215332
WT,158,T,A,-2.4950277983380573,-2.069488525390625
WT,158,T,C,-4.152006405515792,-3.7264671325683594
WT,158,T,D,-5.191956776304366,-4.766417503356934
WT,158,T,E,-4.961804646177413,-4.5362653732299805
WT,158,T,F,-6.615860241575362,-6.19032096862793
WT,158,T,G,-3.521093624754073,-3.0955543518066406
WT,158,T,H,-4.678831356687667,-4.253292083740234
WT,158,T,I,-4.835427540464522,-4.40988826751709
WT,158,T,K,-5.407182949705245,-4.9816436767578125
WT,158,T,L,-4.262739437742354,-3.837200164794922
WT,158,T,M,-4.576127308530928,-4.150588035583496
WT,158,T,N,-3.852617520017745,-3.4270782470703125
WT,158,T,P,-9.956998127622725,-9.531458854675293
WT,158,T,Q,-4.1681778608990925,-3.74263858795166
WT,158,T,R,-5.845096844358565,-5.419557571411133
WT,158,T,S,-2.1980965315533894,-1.772557258605957
WT,158,T,V,-5.223502415342452,-4.7979631423950195
WT,158,T,W,-8.363269585294844,-7.937730312347412
WT,158,T,Y,-5.990820187254073,-5.565280914306641
G12D,158,T,A,-2.4636916220634717,-2.0125484466552734
G12D,158,T,C,-4.065647035881831,-3.614503860473633
G12D,158,T,D,-5.020657450005366,-4.569514274597168
G12D,158,T,E,-4.763479143425776,-4.312335968017578
G12D,158,T,F,-6.450785547539546,-5.999642372131348
G12D,158,T,G,-3.523180872246577,-3.072037696838379
G12D,158,T,H,-4.620118051812007,-4.168974876403809
G12D,158,T,I,-4.660385042473628,-4.20924186706543
G12D,158,T,K,-5.239819437310054,-4.7886762619018555
G12D,158,T,L,-4.19717016820605,-3.7460269927978516
G12D,158,T,M,-4.5081881583183545,-4.057044982910156
G12D,158,T,N,-3.7946147025078076,-3.3434715270996094
G12D,158,T,P,-9.607359796807124,-9.156216621398926
G12D,158,T,Q,-4.135462671562983,-3.684319496154785
G12D,158,T,R,-5.65282145147021,-5.201678276062012
G12D,158,T,S,-2.1871670783012647,-1.7360239028930664
G12D,158,T,V,-5.061681658074214,-4.610538482666016
G12D,158,T,W,-8.24014702443774,-7.789003849029541
G12D,158,T,Y,-5.800060182854487,-5.348917007446289
WT,159,L,A,-7.287087864226109,-7.014131546020508
WT,159,L,C,-7.637835926359898,-7.364879608154297
WT,159,L,D,-13.758644050902134,-13.485687732696533
WT,159,L,E,-11.619430965727574,-11.346474647521973
WT,159,L,F,-8.208895153349644,-7.935938835144043
WT,159,L,G,-12.151771969145543,-11.878815650939941
WT,159,L,H,-11.331716961210972,-11.058760643005371
WT,159,L,I,-1.8725084727466168,-1.5995521545410156
WT,159,L,K,-11.442614025419957,-11.169657707214355
WT,159,L,M,-4.071573681181675,-3.798617362976074
WT,159,L,N,-10.324383205717808,-10.051426887512207
WT,159,L,P,-10.69157547408939,-10.418619155883789
WT,159,L,Q,-9.405776447600132,-9.132820129394531
WT,159,L,R,-11.035202450102574,-10.762246131896973
WT,159,L,S,-9.701936191862828,-9.428979873657227
WT,159,L,T,-6.766166157072789,-6.4932098388671875
WT,159,L,V,-2.730318493193394,-2.457362174987793
WT,159,L,W,-11.055911487883336,-10.782955169677734
WT,159,L,Y,-11.455529159849888,-11.182572841644287
G12D,159,L,A,-6.999836547805113,-6.720940589904785
G12D,159,L,C,-7.74477158351068,-7.465875625610352
G12D,159,L,D,-12.615600212050719,-12.33670425415039
G12D,159,L,E,-10.70822201533441,-10.429326057434082
G12D,159,L,F,-7.690781219435973,-7.4118852615356445
G12D,159,L,G,-11.538430793715758,-11.25953483581543
G12D,159,L,H,-10.571868522597594,-10.292972564697266
G12D,159,L,I,-1.8841453628075548,-1.6052494049072266
G12D,159,L,K,-10.308074577285094,-10.029178619384766
G12D,159,L,M,-3.9825073318016955,-3.703611373901367
G12D,159,L,N,-9.765248878432555,-9.486352920532227
G12D,159,L,P,-9.514882667495055,-9.235986709594727
G12D,159,L,Q,-8.889433486892028,-8.6105375289917
G12D,159,L,R,-9.622731788588805,-9.343835830688477
G12D,159,L,S,-9.031712158156676,-8.752816200256348
G12D,159,L,T,-6.415738685561461,-6.136842727661133
G12D,159,L,V,-2.677736862136168,-2.39884090423584
G12D,159,L,W,-10.295834644271178,-10.01693868637085
G12D,159,L,Y,-10.979438884688658,-10.70054292678833
WT,160,V,A,-6.8486958689661,-6.823144912719727
WT,160,V,C,-6.721593017098424,-6.696042060852051
WT,160,V,D,-13.968881721016881,-13.943330764770508
WT,160,V,E,-12.762201423165319,-12.736650466918945
WT,160,V,F,-9.618600005623815,-9.593049049377441
WT,160,V,G,-10.895575637337682,-10.870024681091309
WT,160,V,H,-14.28614007901859,-14.260589122772217
WT,160,V,I,-4.00251781415653,-3.9769668579101562
WT,160,V,K,-15.413566703316686,-15.388015747070312
WT,160,V,L,-6.856095427987096,-6.830544471740723
WT,160,V,M,-6.767655486580846,-6.742104530334473
WT,160,V,N,-11.777758712288854,-11.75220775604248
WT,160,V,P,-14.641907805916784,-14.61635684967041
WT,160,V,Q,-13.047445411202428,-13.021894454956055
WT,160,V,R,-16.38408576917362,-16.358534812927246
WT,160,V,S,-9.810576552865026,-9.785025596618652
WT,160,V,T,-6.064123267647741,-6.038572311401367
WT,160,V,W,-15.134935969826696,-15.109385013580322
WT,160,V,Y,-12.389904136178014,-12.36435317993164
G12D,160,V,A,-6.6073201869880265,-6.576882362365723
G12D,160,V,C,-6.693186161414296,-6.662748336791992
G12D,160,V,D,-13.058878300086171,-13.028440475463867
G12D,160,V,E,-11.985441563025624,-11.95500373840332
G12D,160,V,F,-9.093792316809804,-9.0633544921875
G12D,160,V,G,-10.433550236121327,-10.403112411499023
G12D,160,V,H,-13.683247444525868,-13.652809619903564
G12D,160,V,I,-3.8190845226203507,-3.788646697998047
G12D,160,V,K,-14.31983315695873,-14.289395332336426
G12D,160,V,L,-6.5428012584601944,-6.512363433837891
G12D,160,V,M,-6.586701748267323,-6.5562639236450195
G12D,160,V,N,-11.339131710425526,-11.308693885803223
G12D,160,V,P,-13.862538216010243,-13.83210039138794
G12D,160,V,Q,-12.638504383460194,-12.60806655883789
G12D,160,V,R,-15.172502872840077,-15.142065048217773
G12D,160,V,S,-9.608998653784901,-9.578560829162598
G12D,160,V,T,-6.04403912772289,-6.013601303100586
G12D,160,V,W,-14.307587978736073,-14.27715015411377
G12D,160,V,Y,-11.837334988013417,-11.806897163391113
WT,161,R,A,-7.32473753712123,-7.307435989379883
WT,161,R,C,-10.264842498516494,-10.247540950775146
WT,161,R,D,-10.539614665722304,-10.522313117980957
WT,161,R,E,-8.947864520763808,-8.930562973022461
WT,161,R,F,-13.074166286205703,-13.056864738464355
WT,161,R,G,-6.993961322521621,-6.976659774780273
WT,161,R,H,-7.899618137096816,-7.882316589355469
WT,161,R,I,-12.294853675579482,-12.277552127838135
WT,161,R,K,-4.4868316533321675,-4.46953010559082
WT,161,R,L,-10.653310287212783,-10.636008739471436
WT,161,R,M,-10.370737540935927,-10.35343599319458
WT,161,R,N,-7.758727061962539,-7.741425514221191
WT,161,R,P,-13.893015611385756,-13.87571406364441
WT,161,R,Q,-6.765403735851699,-6.748102188110352
WT,161,R,S,-6.562941539501601,-6.545639991760254
WT,161,R,T,-7.306889522289687,-7.28958797454834
WT,161,R,V,-11.321342456554824,-11.304040908813477
WT,161,R,W,-11.806022155498916,-11.788720607757568
WT,161,R,Y,-11.321154105877334,-11.303852558135986
G12D,161,R,A,-7.063872566718935,-7.042163848876953
G12D,161,R,C,-9.269518604774355,-9.247809886932373
G12D,161,R,D,-9.94833158542621,-9.926622867584229
G12D,161,R,E,-8.32807659198749,-8.306367874145508
G12D,161,R,F,-12.211501350898622,-12.18979263305664
G12D,161,R,G,-6.519990196723818,-6.498281478881836
G12D,161,R,H,-7.212850800056337,-7.1911420822143555
G12D,161,R,I,-11.189009895820497,-11.167301177978516
G12D,161,R,K,-4.383620491523622,-4.361911773681641
G12D,161,R,L,-9.835928192634462,-9.81421947479248
G12D,161,R,M,-9.570066681403993,-9.548357963562012
G12D,161,R,N,-7.442254295844911,-7.42054557800293
G12D,161,R,P,-12.279054871101259,-12.257346153259277
G12D,161,R,Q,-6.308634987373232,-6.28692626953125
G12D,161,R,S,-6.223261108894228,-6.201552391052246
G12D,161,R,T,-6.997432938117861,-6.975724220275879
G12D,161,R,V,-10.593311062354921,-10.57160234451294
G12D,161,R,W,-10.192264786262392,-10.17055606842041
G12D,161,R,Y,-10.475827923316835,-10.454119205474854
WT,162,E,A,-6.252968273566513,-6.238081932067871
WT,162,E,C,-9.926563225196151,-9.91167688369751
WT,162,E,D,-5.148547611640243,-5.133661270141602
WT,162,E,F,-10.02871795694664,-10.013831615447998
WT,162,E,G,-8.212315044806747,-8.197428703308105
WT,162,E,H,-8.370705089972763,-8.355818748474121
WT,162,E,I,-8.689933262275009,-8.675046920776367
WT,162,E,K,-8.94512601892784,-8.9302396774292
WT,162,E,L,-7.3792261699898525,-7.364339828491211
WT,162,E,M,-7.900779209540634,-7.885892868041992
WT,162,E,N,-8.044815502570419,-8.029929161071777
WT,162,E,P,-14.201807461188583,-14.186921119689941
WT,162,E,Q,-5.8356556514962,-5.820769309997559
WT,162,E,R,-9.96561285059288,-9.950726509094238
WT,162,E,S,-7.654106579230575,-7.639220237731934
WT,162,E,T,-7.33641191522911,-7.321525573730469
WT,162,E,V,-7.362576923774032,-7.347690582275391
WT,162,E,W,-10.942117653296737,-10.927231311798096
WT,162,E,Y,-9.3852800945504,-9.370393753051758
G12D,162,E,A,-6.023729291396762,-6.005790710449219
G12D,162,E,C,-9.726723638015415,-9.708785057067871
G12D,162,E,D,-5.005016293960239,-4.987077713012695
G12D,162,E,F,-9.797852483230258,-9.779913902282715
G12D,162,E,G,-7.880354848342563,-7.8624162673950195
G12D,162,E,H,-8.149878468948032,-8.131939888000488
G12D,162,E,I,-8.440694776015903,-8.42275619506836
G12D,162,E,K,-8.361387219863559,-8.343448638916016
G12D,162,E,L,-7.179500546889926,-7.161561965942383
G12D,162,E,M,-7.663467374282504,-7.645528793334961
G12D,162,E,N,-7.851101842361118,-7.833163261413574
G12D,162,E,P,-13.542009320693637,-13.524070739746094
G12D,162,E,Q,-5.656054463821079,-5.638115882873535
G12D,162,E,R,-9.49097248597684,-9.473033905029297
G12D,162,E,S,-7.543198552566196,-7.525259971618652
G12D,162,E,T,-7.230452504592563,-7.2125139236450195
G12D,162,E,V,-7.091956105666782,-7.074017524719238
G12D,162,E,W,-10.600092378097202,-10.582153797149658
G12D,162,E,Y,-9.091688123183872,-9.073749542236328
WT,163,I,A,-8.228831776621792,-8.176901817321777
WT,163,I,C,-9.12744522953317,-9.075515270233154
WT,163,I,D,-12.68155909443185,-12.629629135131836
WT,163,I,E,-12.083062657359097,-12.031132698059082
WT,163,I,F,-8.189813145640347,-8.137883186340332
WT,163,I,G,-12.151393898966763,-12.099463939666748
WT,163,I,H,-10.998167523386929,-10.946237564086914
WT,163,I,K,-10.539659031870816,-10.4877290725708
WT,163,I,L,-5.448380002024624,-5.396450042724609
WT,163,I,M,-6.310029515269253,-6.258099555969238
WT,163,I,N,-9.281296738627407,-9.229366779327393
WT,163,I,P,-13.958636054041836,-13.906706094741821
WT,163,I,Q,-10.579084404948208,-10.527154445648193
WT,163,I,R,-11.017059334757779,-10.965129375457764
WT,163,I,S,-9.188488492014859,-9.136558532714844
WT,163,I,T,-7.012510785105679,-6.960580825805664
WT,163,I,V,-3.157228001597378,-3.1052980422973633
WT,163,I,W,-11.556172379496548,-11.504242420196533
WT,163,I,Y,-9.49902726078317,-9.447097301483154
G12D,163,I,A,-8.058743643938634,-8.004242897033691
G12D,163,I,C,-9.006597209154698,-8.952096462249756
G12D,163,I,D,-12.260819602190587,-12.206318855285645
G12D,163,I,E,-11.727283644854161,-11.672782897949219
G12D,163,I,F,-7.941357779680821,-7.886857032775879
G12D,163,I,G,-11.865263629137608,-11.810762882232666
G12D,163,I,H,-10.80945031660709,-10.754949569702148
G12D,163,I,K,-10.110601592241856,-10.056100845336914
G12D,163,I,L,-5.350759673296544,-5.296258926391602
G12D,163,I,M,-6.179748702227208,-6.125247955322266
G12D,163,I,N,-8.988469767748448,-8.933969020843506
G12D,163,I,P,-13.365535664736363,-13.311034917831421
G12D,163,I,Q,-10.460509467302892,-10.40600872039795
G12D,163,I,R,-10.589245009600255,-10.534744262695312
G12D,163,I,S,-8.938706088244054,-8.884205341339111
G12D,163,I,T,-6.785427260576817,-6.730926513671875
G12D,163,I,V,-3.1282150031915634,-3.073714256286621
G12D,163,I,W,-11.373846221148106,-11.319345474243164
G12D,163,I,Y,-9.274343180834386,-9.219842433929443
WT,164,R,A,-8.315025050262832,-8.251500129699707
WT,164,R,C,-8.60344858847084,-8.539923667907715
WT,164,R,D,-11.900491911987686,-11.83696699142456
WT,164,R,E,-10.831647593597793,-10.768122673034668
WT,164,R,F,-11.380202014068985,-11.31667709350586
WT,164,R,G,-9.35971661291542,-9.296191692352295
WT,164,R,H,-7.561389643768692,-7.497864723205566
WT,164,R,I,-7.57239504538002,-7.5088701248168945
WT,164,R,K,-3.1417815276187895,-3.078256607055664
WT,164,R,L,-7.833928782562637,-7.770403861999512
WT,164,R,M,-7.624529559235,-7.561004638671875
WT,164,R,N,-4.388133723358536,-4.32460880279541
WT,164,R,P,-12.486617285828018,-12.423092365264893
WT,164,R,Q,-6.197265345672989,-6.133740425109863
WT,164,R,S,-7.638279635528946,-7.57475471496582
WT,164,R,T,-7.3658463545841215,-7.302321434020996
WT,164,R,V,-8.328374583343887,-8.264849662780762
WT,164,R,W,-10.869828898529434,-10.806303977966309
WT,164,R,Y,-10.29533501348915,-10.231810092926025
G12D,164,R,A,-7.896420221070528,-7.817152976989746
G12D,164,R,C,-7.756627778748751,-7.677360534667969
G12D,164,R,D,-10.833983163575411,-10.754715919494629
G12D,164,R,E,-9.877545099000216,-9.798277854919434
G12D,164,R,F,-10.669676522950411,-10.590409278869629
G12D,164,R,G,-8.727096299866915,-8.647829055786133
G12D,164,R,H,-6.984513978699923,-6.905246734619141
G12D,164,R,I,-6.97007058117795,-6.890803337097168
G12D,164,R,K,-3.0520255372326375,-2.9727582931518555
G12D,164,R,L,-7.341023187379122,-7.26175594329834
G12D,164,R,M,-7.16428444836545,-7.085017204284668
G12D,164,R,N,-3.9588343903820515,-3.8795671463012695
G12D,164,R,P,-11.370180825928927,-11.290913581848145
G12D,164,R,Q,-5.790753106812716,-5.711485862731934
G12D,164,R,S,-7.095069627503634,-7.015802383422852
G12D,164,R,T,-6.811152200440645,-6.731884956359863
G12D,164,R,V,-7.844722490052462,-7.76545524597168
G12D,164,R,W,-9.829218129853487,-9.749950885772705
G12D,164,R,Y,-9.593280534486055,-9.514013290405273
WT,165,K,A,-5.06935491515334,-4.789522171020508
WT,165,K,C,-7.9478272433393755,-7.667994499206543
WT,165,K,D,-8.089122676383809,-7.809289932250977
WT,165,K,E,-7.068838023673848,-6.789005279541016
WT,165,K,F,-8.838057422172383,-8.55822467803955
WT,165,K,G,-6.506800555717305,-6.226967811584473
WT,165,K,H,-5.061790370475606,-4.781957626342773
WT,165,K,I,-6.910945796500997,-6.631113052368164
WT,165,K,L,-6.040375613700704,-5.760542869567871
WT,165,K,M,-6.7867812152021685,-6.506948471069336
WT,165,K,N,-4.165770434867696,-3.8859376907348633
WT,165,K,P,-9.554463290702657,-9.274630546569824
WT,165,K,Q,-4.31969728423293,-4.039864540100098
WT,165,K,R,-1.707715892326192,-1.4278831481933594
WT,165,K,S,-4.88795843077834,-4.608125686645508
WT,165,K,T,-5.335099124442891,-5.055266380310059
WT,165,K,V,-6.982004069816426,-6.702171325683594
WT,165,K,W,-9.987916850578145,-9.708084106445312
WT,165,K,Y,-8.113384150993184,-7.833551406860352
G12D,165,K,A,-5.074225768224089,-4.795326232910156
G12D,165,K,C,-7.552708968297331,-7.273809432983398
G12D,165,K,D,-7.76584945596823,-7.486949920654297
G12D,165,K,E,-6.7165750113881515,-6.437675476074219
G12D,165,K,F,-8.583048209325163,-8.30414867401123
G12D,165,K,G,-6.408920630589812,-6.130021095275879
G12D,165,K,H,-4.917461737767546,-4.638562202453613
G12D,165,K,I,-6.632615431920378,-6.353715896606445
G12D,165,K,L,-5.8440116492665695,-5.565112113952637
G12D,165,K,M,-6.619078978673308,-6.340179443359375
G12D,165,K,N,-3.9885810462392257,-3.709681510925293
G12D,165,K,P,-9.26777587808737,-8.988876342773438
G12D,165,K,Q,-4.187995299474089,-3.9090957641601562
G12D,165,K,R,-1.7642911521352218,-1.485391616821289
G12D,165,K,S,-4.794921263829558,-4.516021728515625
G12D,165,K,T,-5.234696730748503,-4.95579719543457
G12D,165,K,V,-6.852244719640105,-6.573345184326172
G12D,165,K,W,-9.49040542520651,-9.211505889892578
G12D,165,K,Y,-7.798628195897429,-7.519728660583496
WT,166,H,A,-4.200396902049967,-0.3540811538696289
WT,166,H,C,-4.92190588184733,-1.0755901336669922
WT,166,H,D,-8.174023038829752,-4.327707290649414
WT,166,H,E,-7.773634798015543,-3.927319049835205
WT,166,H,F,-3.2016643352164706,0.6446514129638672
WT,166,H,G,-5.376983053173014,-1.5306673049926758
WT,166,H,I,-4.211550123180338,-0.365234375
WT,166,H,K,-1.5541776485099277,2.29213809967041
WT,166,H,L,-3.826026327098795,0.02028942108154297
WT,166,H,M,-4.477553731883951,-0.6312379837036133
WT,166,H,N,-4.012425786937662,-0.16611003875732422
WT,166,H,P,-8.283191091503092,-4.436875343322754
WT,166,H,Q,-3.8629916972770175,-0.016675949096679688
WT,166,H,R,-0.6632760829581699,3.183039665222168
WT,166,H,S,-3.91876924702067,-0.07245349884033203
WT,166,H,T,-4.2629855937613925,-0.4166698455810547
WT,166,H,V,-4.3693441218985996,-0.5230283737182617
WT,166,H,W,-4.941592580760904,-1.0952768325805664
WT,166,H,Y,-3.1532234019889316,0.6930923461914062
G12D,166,H,A,-4.178913408027981,-0.4920692443847656
G12D,166,H,C,-4.579207711922024,-0.8923635482788086
G12D,166,H,D,-7.67528610776553,-3.9884419441223145
G12D,166,H,E,-7.24145870755801,-3.554614543914795
G12D,166,H,F,-3.1253140504230004,0.5615301132202148
G12D,166,H,G,-5.24039202283511,-1.5535478591918945
G12D,166,H,I,-4.044073396431301,-0.35722923278808594
G12D,166,H,K,-1.5516169602740746,2.1352272033691406
G12D,166,H,L,-3.690026574837063,-0.0031824111938476562
G12D,166,H,M,-4.405261331306789,-0.7184171676635742
G12D,166,H,N,-3.84108667920718,-0.15424251556396484
G12D,166,H,P,-8.02686195920596,-4.340017795562744
G12D,166,H,Q,-3.714065843330715,-0.0272216796875
G12D,166,H,R,-0.7419713075030785,2.9448728561401367
G12D,166,H,S,-3.7794497544635277,-0.0926055908203125
G12D,166,H,T,-4.165771775947903,-0.4789276123046875
G12D,166,H,V,-4.3104622895587426,-0.6236181259155273
G12D,166,H,W,-4.7432835633624535,-1.0564393997192383
G12D,166,H,Y,-3.0066664750445824,0.6801776885986328
WT,167,K,A,-3.7167282406138717,-2.457821846008301
WT,167,K,C,-5.763528854017192,-4.504622459411621
WT,167,K,D,-6.552283317212993,-5.293376922607422
WT,167,K,E,-5.558556586866313,-4.299650192260742
WT,167,K,F,-6.094207793836528,-4.835301399230957
WT,167,K,G,-3.9361629787730514,-2.6772565841674805
WT,167,K,H,-4.3967132870005905,-3.1378068923950195
WT,167,K,I,-3.7157364193248092,-2.4568300247192383
WT,167,K,L,-3.708219558362895,-2.449313163757324
WT,167,K,M,-3.7253570858287155,-2.4664506912231445
WT,167,K,N,-3.1285343471812546,-1.8696279525756836
WT,167,K,P,-3.626699477796489,-2.367793083190918
WT,167,K,Q,-2.569692641858989,-1.310786247253418
WT,167,K,R,-1.5400257412242233,-0.28111934661865234
WT,167,K,S,-2.9807024303721725,-1.7217960357666016
WT,167,K,T,-2.0982723537730514,-0.8393659591674805
WT,167,K,V,-3.2815685573863327,-2.0226621627807617
WT,167,K,W,-7.1601410213755905,-5.9012346267700195
WT,167,K,Y,-5.769476920728618,-4.510570526123047
G12D,167,K,A,-3.6326541080702874,-2.2846031188964844
G12D,167,K,C,-5.441609300636205,-4.093558311462402
G12D,167,K,D,-6.2294701709975335,-4.8814191818237305
G12D,167,K,E,-5.170364297889623,-3.8223133087158203
G12D,167,K,F,-5.818078912757787,-4.470027923583984
G12D,167,K,G,-3.922208704017553,-2.57415771484375
G12D,167,K,H,-4.299204744361791,-2.9511537551879883
G12D,167,K,I,-3.4814681186904046,-2.1334171295166016
G12D,167,K,L,-3.5593842640151117,-2.2113332748413086
G12D,167,K,M,-3.5949391498793695,-2.2468881607055664
G12D,167,K,N,-3.098041452430639,-1.749990463256836
G12D,167,K,P,-3.5406865253676507,-2.1926355361938477
G12D,167,K,Q,-2.5708426609267327,-1.2227916717529297
G12D,167,K,R,-1.6495322361220452,-0.3014812469482422
G12D,167,K,S,-2.9063738956679437,-1.5583229064941406
G12D,167,K,T,-2.025163568519506,-0.6771125793457031
G12D,167,K,V,-3.1118201389540765,-1.7637691497802734
G12D,167,K,W,-6.840072549842748,-5.492021560668945
G12D,167,K,Y,-5.581011690162573,-4.2329607009887695
WT,168,E,A,-2.268633238433118,2.0494489669799805
WT,168,E,C,-6.176130644438977,-1.858048439025879
WT,168,E,D,-4.8944629350883915,-0.576380729675293
WT,168,E,F,-5.864888540862317,-1.5468063354492188
WT,168,E,G,-1.9427951494438602,2.3752870559692383
WT,168,E,H,-4.229922644255872,0.08815956115722656
WT,168,E,I,-4.8159059206230594,-0.49782371520996094
WT,168,E,K,-1.8195298830254032,2.4985523223876953
WT,168,E,L,-3.9601415315849735,0.357940673828125
WT,168,E,M,-4.236402861235852,0.0816793441772461
WT,168,E,N,-2.132398001311536,2.1856842041015625
WT,168,E,P,-3.8899882951958134,0.42809391021728516
WT,168,E,Q,-2.477387777922864,1.8406944274902344
WT,168,E,R,-3.0190166155083134,1.2990655899047852
WT,168,E,S,-1.9907249132378055,2.327357292175293
WT,168,E,T,-2.5698846498711063,1.7481975555419922
WT,168,E,V,-3.9175017992241337,0.40058040618896484
WT,168,E,W,-7.727712980864759,-3.40963077545166
WT,168,E,Y,-5.538173071501966,-1.2200908660888672
G12D,168,E,A,-2.303491584829686,1.6944866180419922
G12D,168,E,C,-5.863577835134862,-1.8655996322631836
G12D,168,E,D,-4.635633461050389,-0.6376552581787109
G12D,168,E,F,-5.734777442983983,-1.7367992401123047
G12D,168,E,G,-1.984021179251073,2.0139570236206055
G12D,168,E,H,-4.168413154653905,-0.17043495178222656
G12D,168,E,I,-4.680825225881932,-0.6828470230102539
G12D,168,E,K,-1.8132209702056628,2.1847572326660156
G12D,168,E,L,-3.884855262808202,0.11312294006347656
G12D,168,E,M,-4.2285880966705065,-0.23060989379882812
G12D,168,E,N,-2.1648864670318346,1.8330917358398438
G12D,168,E,P,-3.830429069570897,0.16754913330078125
G12D,168,E,Q,-2.5130376740020495,1.484940528869629
G12D,168,E,R,-2.9705896301788073,1.027388572692871
G12D,168,E,S,-1.9997205658477526,1.9982576370239258
G12D,168,E,T,-2.587616912893651,1.4103612899780273
G12D,168,E,V,-3.8654403610748034,0.132537841796875
G12D,168,E,W,-7.401693336538671,-3.403715133666992
G12D,168,E,Y,-5.399102203420995,-1.4011240005493164
WT,169,K,A,-2.9399623940527917,-2.0835466384887695
WT,169,K,C,-5.6839523385107995,-4.827536582946777
WT,169,K,D,-4.697531707102108,-3.841115951538086
WT,169,K,E,-4.0898571084082604,-3.2334413528442383
WT,169,K,F,-5.7159929345191,-4.859577178955078
WT,169,K,G,-3.211586005502987,-2.355170249938965
WT,169,K,H,-3.8989791939795495,-3.0425634384155273
WT,169,K,I,-4.921288497263241,-4.064872741699219
WT,169,K,L,-4.019696242624569,-3.163280487060547
WT,169,K,M,-4.451118476206112,-3.59470272064209
WT,169,K,N,-3.108992583566952,-2.2525768280029297
WT,169,K,P,-4.864553458505917,-4.0081377029418945
WT,169,K,Q,-2.851574904733944,-1.9951591491699219
WT,169,K,R,-1.8795003960669519,-1.0230846405029297
WT,169,K,S,-2.519545562082577,-1.6631298065185547
WT,169,K,T,-3.462888724619198,-2.606472969055176
WT,169,K,V,-4.3549423287451745,-3.4985265731811523
WT,169,K,W,-6.975642211252499,-6.119226455688477
WT,169,K,Y,-5.54023838739996,-4.6838226318359375
G12D,169,K,A,-2.8636306305028008,-1.9384288787841797
G12D,169,K,C,-5.454639770517449,-4.529438018798828
G12D,169,K,D,-4.413613655099969,-3.4884119033813477
G12D,169,K,E,-3.740154602060418,-2.814952850341797
G12D,169,K,F,-5.519855834970574,-4.594654083251953
G12D,169,K,G,-3.1709588546849297,-2.2457571029663086
G12D,169,K,H,-3.8478683014012383,-2.922666549682617
G12D,169,K,I,-4.73168883515368,-3.8064870834350586
G12D,169,K,L,-3.8720134277440117,-2.9468116760253906
G12D,169,K,M,-4.309928276071648,-3.3847265243530273
G12D,169,K,N,-3.0304626007176445,-2.1052608489990234
G12D,169,K,P,-4.724821426401238,-3.799619674682617
G12D,169,K,Q,-2.7875169296361015,-1.8623151779174805
G12D,169,K,R,-2.018026687631707,-1.092824935913086
G12D,169,K,S,-2.432934143076043,-1.5077323913574219
G12D,169,K,T,-3.337132789621453,-2.411931037902832
G12D,169,K,V,-4.202826835641961,-3.27762508392334
G12D,169,K,W,-6.719637252817254,-5.794435501098633
G12D,169,K,Y,-5.349716522226434,-4.4245147705078125
